<?xml version="1.0" encoding="UTF-8"?>
<gpx creator="StravaGPX" version="1.1" xmlns="http://www.topografix.com/GPX/1/1" xmlns:xsi="http://www.w3.org/2001/XMLSchema-instance" xsi:schemaLocation="http://www.topografix.com/GPX/1/1 http://www.topografix.com/GPX/1/1/gpx.xsd http://www.garmin.com/xmlschemas/GpxExtensions/v3 http://www.garmin.com/xmlschemas/GpxExtensionsv3.xsd http://www.garmin.com/xmlschemas/TrackPointExtension/v1 http://www.garmin.com/xmlschemas/TrackPointExtensionv1.xsd" xmlns:gpxtpx="http://www.garmin.com/xmlschemas/TrackPointExtension/v1" xmlns:gpxx="http://www.garmin.com/xmlschemas/GpxExtensions/v3">
 <metadata>
  <time>2025-07-06T23:51:00Z</time>
 </metadata>
 <trk>
  <name>Ride</name>
  <type>cycling</type>
  <trkseg>
   <trkpt lat="35.2678000" lon="113.9081000">
    <ele>69.1</ele>
    <time>2025-07-06T23:51:00Z</time>
    <extensions>
     <gpxtpx:TrackPointExtension>
      <gpxtpx:hr>108</gpxtpx:hr>
     </gpxtpx:TrackPointExtension>
    </extensions>
   </trkpt>
   <trkpt lat="35.2678000" lon="113.9081000">
    <ele>69.1</ele>
    <time>2025-07-06T23:51:01Z</time>
    <extensions>
     <gpxtpx:TrackPointExtension>
      <gpxtpx:hr>108</gpxtpx:hr>
     </gpxtpx:TrackPointExtension>
    </extensions>
   </trkpt>
   <trkpt lat="35.2678000" lon="113.9081000">
    <ele>69.1</ele>
    <time>2025-07-06T23:51:01Z</time>
    <extensions>
     <gpxtpx:TrackPointExtension>
      <gpxtpx:hr>109</gpxtpx:hr>
     </gpxtpx:TrackPointExtension>
    </extensions>
   </trkpt>
   <trkpt lat="35.2678680" lon="113.9080400">
    <ele>69.4</ele>
    <time>2025-07-06T23:51:02Z</time>
    <extensions>
     <gpxtpx:TrackPointExtension>
      <gpxtpx:hr>110</gpxtpx:hr>
     </gpxtpx:TrackPointExtension>
    </extensions>
   </trkpt>
   <trkpt lat="35.2678380" lon="113.9080100">
    <ele>69.4</ele>
    <time>2025-07-06T23:51:03Z</time>
    <extensions>
     <gpxtpx:TrackPointExtension>
      <gpxtpx:hr>111</gpxtpx:hr>
     </gpxtpx:TrackPointExtension>
    </extensions>
   </trkpt>
   <trkpt lat="35.2677960" lon="113.9079060">
    <ele>69.3</ele>
    <time>2025-07-06T23:51:04Z</time>
    <extensions>
     <gpxtpx:TrackPointExtension>
      <gpxtpx:hr>112</gpxtpx:hr>
     </gpxtpx:TrackPointExtension>
    </extensions>
   </trkpt>
   <trkpt lat="35.2677300" lon="113.9079100">
    <ele>69.3</ele>
    <time>2025-07-06T23:51:05Z</time>
    <extensions>
     <gpxtpx:TrackPointExtension>
      <gpxtpx:hr>113</gpxtpx:hr>
     </gpxtpx:TrackPointExtension>
    </extensions>
   </trkpt>
   <trkpt lat="35.2678600" lon="113.9079700">
    <ele>69.4</ele>
    <time>2025-07-06T23:51:06Z</time>
    <extensions>
     <gpxtpx:TrackPointExtension>
      <gpxtpx:hr>115</gpxtpx:hr>
     </gpxtpx:TrackPointExtension>
    </extensions>
   </trkpt>
   <trkpt lat="35.2680130" lon="113.9081400">
    <ele>68.8</ele>
    <time>2025-07-06T23:51:07Z</time>
    <extensions>
     <gpxtpx:TrackPointExtension>
      <gpxtpx:hr>116</gpxtpx:hr>
     </gpxtpx:TrackPointExtension>
    </extensions>
   </trkpt>
   <trkpt lat="35.2679330" lon="113.9081600">
    <ele>68.8</ele>
    <time>2025-07-06T23:51:08Z</time>
    <extensions>
     <gpxtpx:TrackPointExtension>
      <gpxtpx:hr>117</gpxtpx:hr>
     </gpxtpx:TrackPointExtension>
    </extensions>
   </trkpt>
   <trkpt lat="35.2679330" lon="113.9081600">
    <ele>68.8</ele>
    <time>2025-07-06T23:51:09Z</time>
    <extensions>
     <gpxtpx:TrackPointExtension>
      <gpxtpx:hr>118</gpxtpx:hr>
     </gpxtpx:TrackPointExtension>
    </extensions>
   </trkpt>
   <trkpt lat="35.2679330" lon="113.9081600">
    <ele>68.8</ele>
    <time>2025-07-06T23:51:10Z</time>
    <extensions>
     <gpxtpx:TrackPointExtension>
      <gpxtpx:hr>118</gpxtpx:hr>
     </gpxtpx:TrackPointExtension>
    </extensions>
   </trkpt>
   <trkpt lat="35.2679330" lon="113.9081600">
    <ele>68.8</ele>
    <time>2025-07-06T23:51:10Z</time>
    <extensions>
     <gpxtpx:TrackPointExtension>
      <gpxtpx:hr>118</gpxtpx:hr>
     </gpxtpx:TrackPointExtension>
    </extensions>
   </trkpt>
   <trkpt lat="35.2679330" lon="113.9081600">
    <ele>68.8</ele>
    <time>2025-07-06T23:51:11Z</time>
    <extensions>
     <gpxtpx:TrackPointExtension>
      <gpxtpx:hr>118</gpxtpx:hr>
     </gpxtpx:TrackPointExtension>
    </extensions>
   </trkpt>
   <trkpt lat="35.2679330" lon="113.9081600">
    <ele>68.8</ele>
    <time>2025-07-06T23:51:12Z</time>
    <extensions>
     <gpxtpx:TrackPointExtension>
      <gpxtpx:hr>118</gpxtpx:hr>
     </gpxtpx:TrackPointExtension>
    </extensions>
   </trkpt>
   <trkpt lat="35.2679330" lon="113.9081600">
    <ele>68.8</ele>
    <time>2025-07-06T23:51:13Z</time>
    <extensions>
     <gpxtpx:TrackPointExtension>
      <gpxtpx:hr>118</gpxtpx:hr>
     </gpxtpx:TrackPointExtension>
    </extensions>
   </trkpt>
   <trkpt lat="35.2679330" lon="113.9081600">
    <ele>68.8</ele>
    <time>2025-07-06T23:51:14Z</time>
    <extensions>
     <gpxtpx:TrackPointExtension>
      <gpxtpx:hr>117</gpxtpx:hr>
     </gpxtpx:TrackPointExtension>
    </extensions>
   </trkpt>
   <trkpt lat="35.2679330" lon="113.9081600">
    <ele>68.8</ele>
    <time>2025-07-06T23:51:15Z</time>
    <extensions>
     <gpxtpx:TrackPointExtension>
      <gpxtpx:hr>117</gpxtpx:hr>
     </gpxtpx:TrackPointExtension>
    </extensions>
   </trkpt>
   <trkpt lat="35.2679330" lon="113.9081600">
    <ele>68.8</ele>
    <time>2025-07-06T23:51:16Z</time>
    <extensions>
     <gpxtpx:TrackPointExtension>
      <gpxtpx:hr>117</gpxtpx:hr>
     </gpxtpx:TrackPointExtension>
    </extensions>
   </trkpt>
   <trkpt lat="35.2679330" lon="113.9081600">
    <ele>68.8</ele>
    <time>2025-07-06T23:51:17Z</time>
    <extensions>
     <gpxtpx:TrackPointExtension>
      <gpxtpx:hr>116</gpxtpx:hr>
     </gpxtpx:TrackPointExtension>
    </extensions>
   </trkpt>
   <trkpt lat="35.2679330" lon="113.9081600">
    <ele>68.8</ele>
    <time>2025-07-06T23:51:18Z</time>
    <extensions>
     <gpxtpx:TrackPointExtension>
      <gpxtpx:hr>116</gpxtpx:hr>
     </gpxtpx:TrackPointExtension>
    </extensions>
   </trkpt>
   <trkpt lat="35.2679330" lon="113.9081600">
    <ele>68.8</ele>
    <time>2025-07-06T23:51:19Z</time>
    <extensions>
     <gpxtpx:TrackPointExtension>
      <gpxtpx:hr>116</gpxtpx:hr>
     </gpxtpx:TrackPointExtension>
    </extensions>
   </trkpt>
   <trkpt lat="35.2679330" lon="113.9081600">
    <ele>68.8</ele>
    <time>2025-07-06T23:51:20Z</time>
    <extensions>
     <gpxtpx:TrackPointExtension>
      <gpxtpx:hr>116</gpxtpx:hr>
     </gpxtpx:TrackPointExtension>
    </extensions>
   </trkpt>
   <trkpt lat="35.2679330" lon="113.9081600">
    <ele>68.8</ele>
    <time>2025-07-06T23:51:20Z</time>
    <extensions>
     <gpxtpx:TrackPointExtension>
      <gpxtpx:hr>116</gpxtpx:hr>
     </gpxtpx:TrackPointExtension>
    </extensions>
   </trkpt>
   <trkpt lat="35.2679330" lon="113.9081600">
    <ele>68.8</ele>
    <time>2025-07-06T23:51:21Z</time>
    <extensions>
     <gpxtpx:TrackPointExtension>
      <gpxtpx:hr>116</gpxtpx:hr>
     </gpxtpx:TrackPointExtension>
    </extensions>
   </trkpt>
   <trkpt lat="35.2679330" lon="113.9081600">
    <ele>68.8</ele>
    <time>2025-07-06T23:51:22Z</time>
    <extensions>
     <gpxtpx:TrackPointExtension>
      <gpxtpx:hr>116</gpxtpx:hr>
     </gpxtpx:TrackPointExtension>
    </extensions>
   </trkpt>
   <trkpt lat="35.2679330" lon="113.9081600">
    <ele>68.8</ele>
    <time>2025-07-06T23:51:23Z</time>
    <extensions>
     <gpxtpx:TrackPointExtension>
      <gpxtpx:hr>116</gpxtpx:hr>
     </gpxtpx:TrackPointExtension>
    </extensions>
   </trkpt>
   <trkpt lat="35.2679330" lon="113.9081600">
    <ele>68.8</ele>
    <time>2025-07-06T23:51:24Z</time>
    <extensions>
     <gpxtpx:TrackPointExtension>
      <gpxtpx:hr>117</gpxtpx:hr>
     </gpxtpx:TrackPointExtension>
    </extensions>
   </trkpt>
   <trkpt lat="35.2679330" lon="113.9081600">
    <ele>68.8</ele>
    <time>2025-07-06T23:51:25Z</time>
    <extensions>
     <gpxtpx:TrackPointExtension>
      <gpxtpx:hr>117</gpxtpx:hr>
     </gpxtpx:TrackPointExtension>
    </extensions>
   </trkpt>
   <trkpt lat="35.2679330" lon="113.9081600">
    <ele>68.8</ele>
    <time>2025-07-06T23:51:26Z</time>
    <extensions>
     <gpxtpx:TrackPointExtension>
      <gpxtpx:hr>117</gpxtpx:hr>
     </gpxtpx:TrackPointExtension>
    </extensions>
   </trkpt>
   <trkpt lat="35.2679330" lon="113.9081600">
    <ele>68.8</ele>
    <time>2025-07-06T23:51:27Z</time>
    <extensions>
     <gpxtpx:TrackPointExtension>
      <gpxtpx:hr>117</gpxtpx:hr>
     </gpxtpx:TrackPointExtension>
    </extensions>
   </trkpt>
   <trkpt lat="35.2679330" lon="113.9081600">
    <ele>68.8</ele>
    <time>2025-07-06T23:51:28Z</time>
    <extensions>
     <gpxtpx:TrackPointExtension>
      <gpxtpx:hr>117</gpxtpx:hr>
     </gpxtpx:TrackPointExtension>
    </extensions>
   </trkpt>
   <trkpt lat="35.2679330" lon="113.9081600">
    <ele>68.8</ele>
    <time>2025-07-06T23:51:28Z</time>
    <extensions>
     <gpxtpx:TrackPointExtension>
      <gpxtpx:hr>118</gpxtpx:hr>
     </gpxtpx:TrackPointExtension>
    </extensions>
   </trkpt>
   <trkpt lat="35.2679330" lon="113.9081600">
    <ele>68.8</ele>
    <time>2025-07-06T23:51:30Z</time>
    <extensions>
     <gpxtpx:TrackPointExtension>
      <gpxtpx:hr>118</gpxtpx:hr>
     </gpxtpx:TrackPointExtension>
    </extensions>
   </trkpt>
   <trkpt lat="35.2679330" lon="113.9081600">
    <ele>68.8</ele>
    <time>2025-07-06T23:51:30Z</time>
    <extensions>
     <gpxtpx:TrackPointExtension>
      <gpxtpx:hr>118</gpxtpx:hr>
     </gpxtpx:TrackPointExtension>
    </extensions>
   </trkpt>
   <trkpt lat="35.2678980" lon="113.9083170">
    <ele>67.5</ele>
    <time>2025-07-06T23:51:31Z</time>
    <extensions>
     <gpxtpx:TrackPointExtension>
      <gpxtpx:hr>119</gpxtpx:hr>
     </gpxtpx:TrackPointExtension>
    </extensions>
   </trkpt>
   <trkpt lat="35.2678630" lon="113.9084730">
    <ele>67.2</ele>
    <time>2025-07-06T23:51:32Z</time>
    <extensions>
     <gpxtpx:TrackPointExtension>
      <gpxtpx:hr>119</gpxtpx:hr>
     </gpxtpx:TrackPointExtension>
    </extensions>
   </trkpt>
   <trkpt lat="35.2678270" lon="113.9086300">
    <ele>67.4</ele>
    <time>2025-07-06T23:51:33Z</time>
    <extensions>
     <gpxtpx:TrackPointExtension>
      <gpxtpx:hr>119</gpxtpx:hr>
     </gpxtpx:TrackPointExtension>
    </extensions>
   </trkpt>
   <trkpt lat="35.2677920" lon="113.9087870">
    <ele>66.7</ele>
    <time>2025-07-06T23:51:34Z</time>
    <extensions>
     <gpxtpx:TrackPointExtension>
      <gpxtpx:hr>119</gpxtpx:hr>
     </gpxtpx:TrackPointExtension>
    </extensions>
   </trkpt>
   <trkpt lat="35.2677570" lon="113.9089430">
    <ele>66.4</ele>
    <time>2025-07-06T23:51:35Z</time>
    <extensions>
     <gpxtpx:TrackPointExtension>
      <gpxtpx:hr>119</gpxtpx:hr>
     </gpxtpx:TrackPointExtension>
    </extensions>
   </trkpt>
   <trkpt lat="35.2677220" lon="113.9091000">
    <ele>66.4</ele>
    <time>2025-07-06T23:51:36Z</time>
    <extensions>
     <gpxtpx:TrackPointExtension>
      <gpxtpx:hr>119</gpxtpx:hr>
     </gpxtpx:TrackPointExtension>
    </extensions>
   </trkpt>
   <trkpt lat="35.2676860" lon="113.9092570">
    <ele>66.3</ele>
    <time>2025-07-06T23:51:37Z</time>
    <extensions>
     <gpxtpx:TrackPointExtension>
      <gpxtpx:hr>120</gpxtpx:hr>
     </gpxtpx:TrackPointExtension>
    </extensions>
   </trkpt>
   <trkpt lat="35.2676510" lon="113.9094130">
    <ele>66.3</ele>
    <time>2025-07-06T23:51:38Z</time>
    <extensions>
     <gpxtpx:TrackPointExtension>
      <gpxtpx:hr>120</gpxtpx:hr>
     </gpxtpx:TrackPointExtension>
    </extensions>
   </trkpt>
   <trkpt lat="35.2676160" lon="113.9095700">
    <ele>67.4</ele>
    <time>2025-07-06T23:51:39Z</time>
    <extensions>
     <gpxtpx:TrackPointExtension>
      <gpxtpx:hr>120</gpxtpx:hr>
     </gpxtpx:TrackPointExtension>
    </extensions>
   </trkpt>
   <trkpt lat="35.2676160" lon="113.9095700">
    <ele>67.4</ele>
    <time>2025-07-06T23:51:39Z</time>
    <extensions>
     <gpxtpx:TrackPointExtension>
      <gpxtpx:hr>120</gpxtpx:hr>
     </gpxtpx:TrackPointExtension>
    </extensions>
   </trkpt>
   <trkpt lat="35.2676160" lon="113.9095700">
    <ele>67.4</ele>
    <time>2025-07-06T23:51:40Z</time>
    <extensions>
     <gpxtpx:TrackPointExtension>
      <gpxtpx:hr>120</gpxtpx:hr>
     </gpxtpx:TrackPointExtension>
    </extensions>
   </trkpt>
   <trkpt lat="35.2676160" lon="113.9095700">
    <ele>67.4</ele>
    <time>2025-07-06T23:51:40Z</time>
    <extensions>
     <gpxtpx:TrackPointExtension>
      <gpxtpx:hr>121</gpxtpx:hr>
     </gpxtpx:TrackPointExtension>
    </extensions>
   </trkpt>
   <trkpt lat="35.2676160" lon="113.9096650">
    <ele>67.9</ele>
    <time>2025-07-06T23:51:41Z</time>
    <extensions>
     <gpxtpx:TrackPointExtension>
      <gpxtpx:hr>121</gpxtpx:hr>
     </gpxtpx:TrackPointExtension>
    </extensions>
   </trkpt>
   <trkpt lat="35.2676160" lon="113.9097600">
    <ele>68.3</ele>
    <time>2025-07-06T23:51:42Z</time>
    <extensions>
     <gpxtpx:TrackPointExtension>
      <gpxtpx:hr>120</gpxtpx:hr>
     </gpxtpx:TrackPointExtension>
    </extensions>
   </trkpt>
   <trkpt lat="35.2676430" lon="113.9098100">
    <ele>68.6</ele>
    <time>2025-07-06T23:51:43Z</time>
    <extensions>
     <gpxtpx:TrackPointExtension>
      <gpxtpx:hr>120</gpxtpx:hr>
     </gpxtpx:TrackPointExtension>
    </extensions>
   </trkpt>
   <trkpt lat="35.2676620" lon="113.9098600">
    <ele>69.0</ele>
    <time>2025-07-06T23:51:44Z</time>
    <extensions>
     <gpxtpx:TrackPointExtension>
      <gpxtpx:hr>119</gpxtpx:hr>
     </gpxtpx:TrackPointExtension>
    </extensions>
   </trkpt>
   <trkpt lat="35.2676700" lon="113.9099000">
    <ele>69.3</ele>
    <time>2025-07-06T23:51:45Z</time>
    <extensions>
     <gpxtpx:TrackPointExtension>
      <gpxtpx:hr>119</gpxtpx:hr>
     </gpxtpx:TrackPointExtension>
    </extensions>
   </trkpt>
   <trkpt lat="35.2677000" lon="113.9099100">
    <ele>69.2</ele>
    <time>2025-07-06T23:51:46Z</time>
    <extensions>
     <gpxtpx:TrackPointExtension>
      <gpxtpx:hr>118</gpxtpx:hr>
     </gpxtpx:TrackPointExtension>
    </extensions>
   </trkpt>
   <trkpt lat="35.2677460" lon="113.9099100">
    <ele>69.2</ele>
    <time>2025-07-06T23:51:47Z</time>
    <extensions>
     <gpxtpx:TrackPointExtension>
      <gpxtpx:hr>118</gpxtpx:hr>
     </gpxtpx:TrackPointExtension>
    </extensions>
   </trkpt>
   <trkpt lat="35.2677840" lon="113.9099100">
    <ele>69.2</ele>
    <time>2025-07-06T23:51:48Z</time>
    <extensions>
     <gpxtpx:TrackPointExtension>
      <gpxtpx:hr>117</gpxtpx:hr>
     </gpxtpx:TrackPointExtension>
    </extensions>
   </trkpt>
   <trkpt lat="35.2678150" lon="113.9099350">
    <ele>69.2</ele>
    <time>2025-07-06T23:51:49Z</time>
    <extensions>
     <gpxtpx:TrackPointExtension>
      <gpxtpx:hr>117</gpxtpx:hr>
     </gpxtpx:TrackPointExtension>
    </extensions>
   </trkpt>
   <trkpt lat="35.2678380" lon="113.9099660">
    <ele>69.5</ele>
    <time>2025-07-06T23:51:50Z</time>
    <extensions>
     <gpxtpx:TrackPointExtension>
      <gpxtpx:hr>117</gpxtpx:hr>
     </gpxtpx:TrackPointExtension>
    </extensions>
   </trkpt>
   <trkpt lat="35.2678380" lon="113.9099660">
    <ele>69.5</ele>
    <time>2025-07-06T23:51:50Z</time>
    <extensions>
     <gpxtpx:TrackPointExtension>
      <gpxtpx:hr>117</gpxtpx:hr>
     </gpxtpx:TrackPointExtension>
    </extensions>
   </trkpt>
   <trkpt lat="35.2678680" lon="113.9099660">
    <ele>69.5</ele>
    <time>2025-07-06T23:51:51Z</time>
    <extensions>
     <gpxtpx:TrackPointExtension>
      <gpxtpx:hr>116</gpxtpx:hr>
     </gpxtpx:TrackPointExtension>
    </extensions>
   </trkpt>
   <trkpt lat="35.2679020" lon="113.9099400">
    <ele>69.3</ele>
    <time>2025-07-06T23:51:52Z</time>
    <extensions>
     <gpxtpx:TrackPointExtension>
      <gpxtpx:hr>116</gpxtpx:hr>
     </gpxtpx:TrackPointExtension>
    </extensions>
   </trkpt>
   <trkpt lat="35.2679440" lon="113.9099350">
    <ele>69.3</ele>
    <time>2025-07-06T23:51:53Z</time>
    <extensions>
     <gpxtpx:TrackPointExtension>
      <gpxtpx:hr>115</gpxtpx:hr>
     </gpxtpx:TrackPointExtension>
    </extensions>
   </trkpt>
   <trkpt lat="35.2679940" lon="113.9099350">
    <ele>69.1</ele>
    <time>2025-07-06T23:51:54Z</time>
    <extensions>
     <gpxtpx:TrackPointExtension>
      <gpxtpx:hr>115</gpxtpx:hr>
     </gpxtpx:TrackPointExtension>
    </extensions>
   </trkpt>
   <trkpt lat="35.2680500" lon="113.9099400">
    <ele>68.5</ele>
    <time>2025-07-06T23:51:55Z</time>
    <extensions>
     <gpxtpx:TrackPointExtension>
      <gpxtpx:hr>115</gpxtpx:hr>
     </gpxtpx:TrackPointExtension>
    </extensions>
   </trkpt>
   <trkpt lat="35.2680850" lon="113.9099350">
    <ele>68.3</ele>
    <time>2025-07-06T23:51:56Z</time>
    <extensions>
     <gpxtpx:TrackPointExtension>
      <gpxtpx:hr>114</gpxtpx:hr>
     </gpxtpx:TrackPointExtension>
    </extensions>
   </trkpt>
   <trkpt lat="35.2681270" lon="113.9099300">
    <ele>68.1</ele>
    <time>2025-07-06T23:51:57Z</time>
    <extensions>
     <gpxtpx:TrackPointExtension>
      <gpxtpx:hr>114</gpxtpx:hr>
     </gpxtpx:TrackPointExtension>
    </extensions>
   </trkpt>
   <trkpt lat="35.2681270" lon="113.9099300">
    <ele>68.1</ele>
    <time>2025-07-06T23:51:57Z</time>
    <extensions>
     <gpxtpx:TrackPointExtension>
      <gpxtpx:hr>114</gpxtpx:hr>
     </gpxtpx:TrackPointExtension>
    </extensions>
   </trkpt>
   <trkpt lat="35.2681770" lon="113.9099400">
    <ele>68.1</ele>
    <time>2025-07-06T23:51:58Z</time>
    <extensions>
     <gpxtpx:TrackPointExtension>
      <gpxtpx:hr>114</gpxtpx:hr>
     </gpxtpx:TrackPointExtension>
    </extensions>
   </trkpt>
   <trkpt lat="35.2682230" lon="113.9099300">
    <ele>68.2</ele>
    <time>2025-07-06T23:51:59Z</time>
    <extensions>
     <gpxtpx:TrackPointExtension>
      <gpxtpx:hr>114</gpxtpx:hr>
     </gpxtpx:TrackPointExtension>
    </extensions>
   </trkpt>
   <trkpt lat="35.2682600" lon="113.9099350">
    <ele>68.2</ele>
    <time>2025-07-06T23:52:00Z</time>
    <extensions>
     <gpxtpx:TrackPointExtension>
      <gpxtpx:hr>114</gpxtpx:hr>
     </gpxtpx:TrackPointExtension>
    </extensions>
   </trkpt>
   <trkpt lat="35.2682600" lon="113.9099350">
    <ele>68.2</ele>
    <time>2025-07-06T23:52:00Z</time>
    <extensions>
     <gpxtpx:TrackPointExtension>
      <gpxtpx:hr>114</gpxtpx:hr>
     </gpxtpx:TrackPointExtension>
    </extensions>
   </trkpt>
   <trkpt lat="35.2682900" lon="113.9099400">
    <ele>68.2</ele>
    <time>2025-07-06T23:52:01Z</time>
    <extensions>
     <gpxtpx:TrackPointExtension>
      <gpxtpx:hr>113</gpxtpx:hr>
     </gpxtpx:TrackPointExtension>
    </extensions>
   </trkpt>
   <trkpt lat="35.2683400" lon="113.9099500">
    <ele>68.6</ele>
    <time>2025-07-06T23:52:02Z</time>
    <extensions>
     <gpxtpx:TrackPointExtension>
      <gpxtpx:hr>112</gpxtpx:hr>
     </gpxtpx:TrackPointExtension>
    </extensions>
   </trkpt>
   <trkpt lat="35.2683800" lon="113.9099500">
    <ele>68.6</ele>
    <time>2025-07-06T23:52:03Z</time>
    <extensions>
     <gpxtpx:TrackPointExtension>
      <gpxtpx:hr>111</gpxtpx:hr>
     </gpxtpx:TrackPointExtension>
    </extensions>
   </trkpt>
   <trkpt lat="35.2684140" lon="113.9099600">
    <ele>68.8</ele>
    <time>2025-07-06T23:52:04Z</time>
    <extensions>
     <gpxtpx:TrackPointExtension>
      <gpxtpx:hr>111</gpxtpx:hr>
     </gpxtpx:TrackPointExtension>
    </extensions>
   </trkpt>
   <trkpt lat="35.2684500" lon="113.9099660">
    <ele>69.0</ele>
    <time>2025-07-06T23:52:05Z</time>
    <extensions>
     <gpxtpx:TrackPointExtension>
      <gpxtpx:hr>111</gpxtpx:hr>
     </gpxtpx:TrackPointExtension>
    </extensions>
   </trkpt>
   <trkpt lat="35.2684820" lon="113.9099400">
    <ele>68.7</ele>
    <time>2025-07-06T23:52:06Z</time>
    <extensions>
     <gpxtpx:TrackPointExtension>
      <gpxtpx:hr>112</gpxtpx:hr>
     </gpxtpx:TrackPointExtension>
    </extensions>
   </trkpt>
   <trkpt lat="35.2685170" lon="113.9099350">
    <ele>69.0</ele>
    <time>2025-07-06T23:52:07Z</time>
    <extensions>
     <gpxtpx:TrackPointExtension>
      <gpxtpx:hr>112</gpxtpx:hr>
     </gpxtpx:TrackPointExtension>
    </extensions>
   </trkpt>
   <trkpt lat="35.2685500" lon="113.9099350">
    <ele>69.3</ele>
    <time>2025-07-06T23:52:08Z</time>
    <extensions>
     <gpxtpx:TrackPointExtension>
      <gpxtpx:hr>111</gpxtpx:hr>
     </gpxtpx:TrackPointExtension>
    </extensions>
   </trkpt>
   <trkpt lat="35.2685930" lon="113.9099350">
    <ele>69.5</ele>
    <time>2025-07-06T23:52:09Z</time>
    <extensions>
     <gpxtpx:TrackPointExtension>
      <gpxtpx:hr>111</gpxtpx:hr>
     </gpxtpx:TrackPointExtension>
    </extensions>
   </trkpt>
   <trkpt lat="35.2686120" lon="113.9099200">
    <ele>69.8</ele>
    <time>2025-07-06T23:52:10Z</time>
    <extensions>
     <gpxtpx:TrackPointExtension>
      <gpxtpx:hr>111</gpxtpx:hr>
     </gpxtpx:TrackPointExtension>
    </extensions>
   </trkpt>
   <trkpt lat="35.2686120" lon="113.9099200">
    <ele>69.8</ele>
    <time>2025-07-06T23:52:10Z</time>
    <extensions>
     <gpxtpx:TrackPointExtension>
      <gpxtpx:hr>111</gpxtpx:hr>
     </gpxtpx:TrackPointExtension>
    </extensions>
   </trkpt>
   <trkpt lat="35.2686270" lon="113.9099090">
    <ele>69.8</ele>
    <time>2025-07-06T23:52:11Z</time>
    <extensions>
     <gpxtpx:TrackPointExtension>
      <gpxtpx:hr>111</gpxtpx:hr>
     </gpxtpx:TrackPointExtension>
    </extensions>
   </trkpt>
   <trkpt lat="35.2686390" lon="113.9099080">
    <ele>69.8</ele>
    <time>2025-07-06T23:52:12Z</time>
    <extensions>
     <gpxtpx:TrackPointExtension>
      <gpxtpx:hr>110</gpxtpx:hr>
     </gpxtpx:TrackPointExtension>
    </extensions>
   </trkpt>
   <trkpt lat="35.2686500" lon="113.9099060">
    <ele>70.0</ele>
    <time>2025-07-06T23:52:13Z</time>
    <extensions>
     <gpxtpx:TrackPointExtension>
      <gpxtpx:hr>109</gpxtpx:hr>
     </gpxtpx:TrackPointExtension>
    </extensions>
   </trkpt>
   <trkpt lat="35.2686620" lon="113.9099050">
    <ele>70.0</ele>
    <time>2025-07-06T23:52:14Z</time>
    <extensions>
     <gpxtpx:TrackPointExtension>
      <gpxtpx:hr>109</gpxtpx:hr>
     </gpxtpx:TrackPointExtension>
    </extensions>
   </trkpt>
   <trkpt lat="35.2686730" lon="113.9099040">
    <ele>70.0</ele>
    <time>2025-07-06T23:52:22Z</time>
    <extensions>
     <gpxtpx:TrackPointExtension>
      <gpxtpx:hr>109</gpxtpx:hr>
     </gpxtpx:TrackPointExtension>
    </extensions>
   </trkpt>
   <trkpt lat="35.2686840" lon="113.9099030">
    <ele>70.3</ele>
    <time>2025-07-06T23:52:23Z</time>
    <extensions>
     <gpxtpx:TrackPointExtension>
      <gpxtpx:hr>111</gpxtpx:hr>
     </gpxtpx:TrackPointExtension>
    </extensions>
   </trkpt>
   <trkpt lat="35.2686960" lon="113.9099010">
    <ele>70.3</ele>
    <time>2025-07-06T23:52:24Z</time>
    <extensions>
     <gpxtpx:TrackPointExtension>
      <gpxtpx:hr>111</gpxtpx:hr>
     </gpxtpx:TrackPointExtension>
    </extensions>
   </trkpt>
   <trkpt lat="35.2687070" lon="113.9099000">
    <ele>70.3</ele>
    <time>2025-07-06T23:52:25Z</time>
    <extensions>
     <gpxtpx:TrackPointExtension>
      <gpxtpx:hr>112</gpxtpx:hr>
     </gpxtpx:TrackPointExtension>
    </extensions>
   </trkpt>
   <trkpt lat="35.2687870" lon="113.9099000">
    <ele>71.2</ele>
    <time>2025-07-06T23:52:26Z</time>
    <extensions>
     <gpxtpx:TrackPointExtension>
      <gpxtpx:hr>111</gpxtpx:hr>
     </gpxtpx:TrackPointExtension>
    </extensions>
   </trkpt>
   <trkpt lat="35.2688100" lon="113.9099100">
    <ele>71.2</ele>
    <time>2025-07-06T23:52:27Z</time>
    <extensions>
     <gpxtpx:TrackPointExtension>
      <gpxtpx:hr>111</gpxtpx:hr>
     </gpxtpx:TrackPointExtension>
    </extensions>
   </trkpt>
   <trkpt lat="35.2688100" lon="113.9099100">
    <ele>71.2</ele>
    <time>2025-07-06T23:52:27Z</time>
    <extensions>
     <gpxtpx:TrackPointExtension>
      <gpxtpx:hr>111</gpxtpx:hr>
     </gpxtpx:TrackPointExtension>
    </extensions>
   </trkpt>
   <trkpt lat="35.2688330" lon="113.9099200">
    <ele>71.4</ele>
    <time>2025-07-06T23:52:28Z</time>
    <extensions>
     <gpxtpx:TrackPointExtension>
      <gpxtpx:hr>112</gpxtpx:hr>
     </gpxtpx:TrackPointExtension>
    </extensions>
   </trkpt>
   <trkpt lat="35.2688600" lon="113.9099600">
    <ele>71.4</ele>
    <time>2025-07-06T23:52:29Z</time>
    <extensions>
     <gpxtpx:TrackPointExtension>
      <gpxtpx:hr>112</gpxtpx:hr>
     </gpxtpx:TrackPointExtension>
    </extensions>
   </trkpt>
   <trkpt lat="35.2688670" lon="113.9099960">
    <ele>71.4</ele>
    <time>2025-07-06T23:52:30Z</time>
    <extensions>
     <gpxtpx:TrackPointExtension>
      <gpxtpx:hr>112</gpxtpx:hr>
     </gpxtpx:TrackPointExtension>
    </extensions>
   </trkpt>
   <trkpt lat="35.2688800" lon="113.9100300">
    <ele>71.3</ele>
    <time>2025-07-06T23:52:31Z</time>
    <extensions>
     <gpxtpx:TrackPointExtension>
      <gpxtpx:hr>113</gpxtpx:hr>
     </gpxtpx:TrackPointExtension>
    </extensions>
   </trkpt>
   <trkpt lat="35.2688800" lon="113.9100700">
    <ele>71.3</ele>
    <time>2025-07-06T23:52:32Z</time>
    <extensions>
     <gpxtpx:TrackPointExtension>
      <gpxtpx:hr>113</gpxtpx:hr>
     </gpxtpx:TrackPointExtension>
    </extensions>
   </trkpt>
   <trkpt lat="35.2688750" lon="113.9101200">
    <ele>71.3</ele>
    <time>2025-07-06T23:52:33Z</time>
    <extensions>
     <gpxtpx:TrackPointExtension>
      <gpxtpx:hr>113</gpxtpx:hr>
     </gpxtpx:TrackPointExtension>
    </extensions>
   </trkpt>
   <trkpt lat="35.2688750" lon="113.9101200">
    <ele>71.3</ele>
    <time>2025-07-06T23:52:33Z</time>
    <extensions>
     <gpxtpx:TrackPointExtension>
      <gpxtpx:hr>113</gpxtpx:hr>
     </gpxtpx:TrackPointExtension>
    </extensions>
   </trkpt>
   <trkpt lat="35.2688700" lon="113.9101800">
    <ele>71.2</ele>
    <time>2025-07-06T23:52:34Z</time>
    <extensions>
     <gpxtpx:TrackPointExtension>
      <gpxtpx:hr>112</gpxtpx:hr>
     </gpxtpx:TrackPointExtension>
    </extensions>
   </trkpt>
   <trkpt lat="35.2688750" lon="113.9102250">
    <ele>71.2</ele>
    <time>2025-07-06T23:52:35Z</time>
    <extensions>
     <gpxtpx:TrackPointExtension>
      <gpxtpx:hr>111</gpxtpx:hr>
     </gpxtpx:TrackPointExtension>
    </extensions>
   </trkpt>
   <trkpt lat="35.2688750" lon="113.9102800">
    <ele>71.1</ele>
    <time>2025-07-06T23:52:36Z</time>
    <extensions>
     <gpxtpx:TrackPointExtension>
      <gpxtpx:hr>111</gpxtpx:hr>
     </gpxtpx:TrackPointExtension>
    </extensions>
   </trkpt>
   <trkpt lat="35.2688560" lon="113.9103400">
    <ele>71.0</ele>
    <time>2025-07-06T23:52:37Z</time>
    <extensions>
     <gpxtpx:TrackPointExtension>
      <gpxtpx:hr>111</gpxtpx:hr>
     </gpxtpx:TrackPointExtension>
    </extensions>
   </trkpt>
   <trkpt lat="35.2688560" lon="113.9103400">
    <ele>71.0</ele>
    <time>2025-07-06T23:52:37Z</time>
    <extensions>
     <gpxtpx:TrackPointExtension>
      <gpxtpx:hr>110</gpxtpx:hr>
     </gpxtpx:TrackPointExtension>
    </extensions>
   </trkpt>
   <trkpt lat="35.2688520" lon="113.9104000">
    <ele>70.9</ele>
    <time>2025-07-06T23:52:38Z</time>
    <extensions>
     <gpxtpx:TrackPointExtension>
      <gpxtpx:hr>110</gpxtpx:hr>
     </gpxtpx:TrackPointExtension>
    </extensions>
   </trkpt>
   <trkpt lat="35.2688400" lon="113.9104700">
    <ele>70.8</ele>
    <time>2025-07-06T23:52:39Z</time>
    <extensions>
     <gpxtpx:TrackPointExtension>
      <gpxtpx:hr>109</gpxtpx:hr>
     </gpxtpx:TrackPointExtension>
    </extensions>
   </trkpt>
   <trkpt lat="35.2688560" lon="113.9105300">
    <ele>70.7</ele>
    <time>2025-07-06T23:52:40Z</time>
    <extensions>
     <gpxtpx:TrackPointExtension>
      <gpxtpx:hr>109</gpxtpx:hr>
     </gpxtpx:TrackPointExtension>
    </extensions>
   </trkpt>
   <trkpt lat="35.2688520" lon="113.9105800">
    <ele>70.7</ele>
    <time>2025-07-06T23:52:41Z</time>
    <extensions>
     <gpxtpx:TrackPointExtension>
      <gpxtpx:hr>109</gpxtpx:hr>
     </gpxtpx:TrackPointExtension>
    </extensions>
   </trkpt>
   <trkpt lat="35.2688500" lon="113.9106450">
    <ele>70.6</ele>
    <time>2025-07-06T23:52:42Z</time>
    <extensions>
     <gpxtpx:TrackPointExtension>
      <gpxtpx:hr>109</gpxtpx:hr>
     </gpxtpx:TrackPointExtension>
    </extensions>
   </trkpt>
   <trkpt lat="35.2688450" lon="113.9107060">
    <ele>70.6</ele>
    <time>2025-07-06T23:52:43Z</time>
    <extensions>
     <gpxtpx:TrackPointExtension>
      <gpxtpx:hr>109</gpxtpx:hr>
     </gpxtpx:TrackPointExtension>
    </extensions>
   </trkpt>
   <trkpt lat="35.2688450" lon="113.9107600">
    <ele>70.6</ele>
    <time>2025-07-06T23:52:44Z</time>
    <extensions>
     <gpxtpx:TrackPointExtension>
      <gpxtpx:hr>109</gpxtpx:hr>
     </gpxtpx:TrackPointExtension>
    </extensions>
   </trkpt>
   <trkpt lat="35.2688370" lon="113.9108200">
    <ele>70.6</ele>
    <time>2025-07-06T23:52:45Z</time>
    <extensions>
     <gpxtpx:TrackPointExtension>
      <gpxtpx:hr>109</gpxtpx:hr>
     </gpxtpx:TrackPointExtension>
    </extensions>
   </trkpt>
   <trkpt lat="35.2688300" lon="113.9108600">
    <ele>70.6</ele>
    <time>2025-07-06T23:52:46Z</time>
    <extensions>
     <gpxtpx:TrackPointExtension>
      <gpxtpx:hr>109</gpxtpx:hr>
     </gpxtpx:TrackPointExtension>
    </extensions>
   </trkpt>
   <trkpt lat="35.2688330" lon="113.9109300">
    <ele>70.5</ele>
    <time>2025-07-06T23:52:47Z</time>
    <extensions>
     <gpxtpx:TrackPointExtension>
      <gpxtpx:hr>109</gpxtpx:hr>
     </gpxtpx:TrackPointExtension>
    </extensions>
   </trkpt>
   <trkpt lat="35.2688330" lon="113.9109300">
    <ele>70.5</ele>
    <time>2025-07-06T23:52:47Z</time>
    <extensions>
     <gpxtpx:TrackPointExtension>
      <gpxtpx:hr>109</gpxtpx:hr>
     </gpxtpx:TrackPointExtension>
    </extensions>
   </trkpt>
   <trkpt lat="35.2688300" lon="113.9109900">
    <ele>70.4</ele>
    <time>2025-07-06T23:52:48Z</time>
    <extensions>
     <gpxtpx:TrackPointExtension>
      <gpxtpx:hr>109</gpxtpx:hr>
     </gpxtpx:TrackPointExtension>
    </extensions>
   </trkpt>
   <trkpt lat="35.2688450" lon="113.9110600">
    <ele>70.4</ele>
    <time>2025-07-06T23:52:49Z</time>
    <extensions>
     <gpxtpx:TrackPointExtension>
      <gpxtpx:hr>110</gpxtpx:hr>
     </gpxtpx:TrackPointExtension>
    </extensions>
   </trkpt>
   <trkpt lat="35.2688560" lon="113.9110950">
    <ele>70.3</ele>
    <time>2025-07-06T23:52:50Z</time>
    <extensions>
     <gpxtpx:TrackPointExtension>
      <gpxtpx:hr>110</gpxtpx:hr>
     </gpxtpx:TrackPointExtension>
    </extensions>
   </trkpt>
   <trkpt lat="35.2688560" lon="113.9111500">
    <ele>70.3</ele>
    <time>2025-07-06T23:52:51Z</time>
    <extensions>
     <gpxtpx:TrackPointExtension>
      <gpxtpx:hr>111</gpxtpx:hr>
     </gpxtpx:TrackPointExtension>
    </extensions>
   </trkpt>
   <trkpt lat="35.2688640" lon="113.9112850">
    <ele>70.3</ele>
    <time>2025-07-06T23:52:52Z</time>
    <extensions>
     <gpxtpx:TrackPointExtension>
      <gpxtpx:hr>111</gpxtpx:hr>
     </gpxtpx:TrackPointExtension>
    </extensions>
   </trkpt>
   <trkpt lat="35.2688640" lon="113.9112850">
    <ele>70.3</ele>
    <time>2025-07-06T23:52:52Z</time>
    <extensions>
     <gpxtpx:TrackPointExtension>
      <gpxtpx:hr>111</gpxtpx:hr>
     </gpxtpx:TrackPointExtension>
    </extensions>
   </trkpt>
   <trkpt lat="35.2688600" lon="113.9113200">
    <ele>70.3</ele>
    <time>2025-07-06T23:52:53Z</time>
    <extensions>
     <gpxtpx:TrackPointExtension>
      <gpxtpx:hr>110</gpxtpx:hr>
     </gpxtpx:TrackPointExtension>
    </extensions>
   </trkpt>
   <trkpt lat="35.2688640" lon="113.9113850">
    <ele>70.3</ele>
    <time>2025-07-06T23:52:54Z</time>
    <extensions>
     <gpxtpx:TrackPointExtension>
      <gpxtpx:hr>111</gpxtpx:hr>
     </gpxtpx:TrackPointExtension>
    </extensions>
   </trkpt>
   <trkpt lat="35.2688670" lon="113.9114300">
    <ele>70.3</ele>
    <time>2025-07-06T23:52:55Z</time>
    <extensions>
     <gpxtpx:TrackPointExtension>
      <gpxtpx:hr>110</gpxtpx:hr>
     </gpxtpx:TrackPointExtension>
    </extensions>
   </trkpt>
   <trkpt lat="35.2688600" lon="113.9114800">
    <ele>70.3</ele>
    <time>2025-07-06T23:52:56Z</time>
    <extensions>
     <gpxtpx:TrackPointExtension>
      <gpxtpx:hr>110</gpxtpx:hr>
     </gpxtpx:TrackPointExtension>
    </extensions>
   </trkpt>
   <trkpt lat="35.2688520" lon="113.9115300">
    <ele>70.4</ele>
    <time>2025-07-06T23:52:57Z</time>
    <extensions>
     <gpxtpx:TrackPointExtension>
      <gpxtpx:hr>110</gpxtpx:hr>
     </gpxtpx:TrackPointExtension>
    </extensions>
   </trkpt>
   <trkpt lat="35.2688520" lon="113.9115300">
    <ele>70.4</ele>
    <time>2025-07-06T23:52:57Z</time>
    <extensions>
     <gpxtpx:TrackPointExtension>
      <gpxtpx:hr>111</gpxtpx:hr>
     </gpxtpx:TrackPointExtension>
    </extensions>
   </trkpt>
   <trkpt lat="35.2688560" lon="113.9115750">
    <ele>70.4</ele>
    <time>2025-07-06T23:52:58Z</time>
    <extensions>
     <gpxtpx:TrackPointExtension>
      <gpxtpx:hr>112</gpxtpx:hr>
     </gpxtpx:TrackPointExtension>
    </extensions>
   </trkpt>
   <trkpt lat="35.2688600" lon="113.9116200">
    <ele>70.5</ele>
    <time>2025-07-06T23:52:59Z</time>
    <extensions>
     <gpxtpx:TrackPointExtension>
      <gpxtpx:hr>112</gpxtpx:hr>
     </gpxtpx:TrackPointExtension>
    </extensions>
   </trkpt>
   <trkpt lat="35.2688520" lon="113.9116700">
    <ele>70.6</ele>
    <time>2025-07-06T23:53:00Z</time>
    <extensions>
     <gpxtpx:TrackPointExtension>
      <gpxtpx:hr>112</gpxtpx:hr>
     </gpxtpx:TrackPointExtension>
    </extensions>
   </trkpt>
   <trkpt lat="35.2688400" lon="113.9117100">
    <ele>70.7</ele>
    <time>2025-07-06T23:53:01Z</time>
    <extensions>
     <gpxtpx:TrackPointExtension>
      <gpxtpx:hr>112</gpxtpx:hr>
     </gpxtpx:TrackPointExtension>
    </extensions>
   </trkpt>
   <trkpt lat="35.2688260" lon="113.9117700">
    <ele>70.8</ele>
    <time>2025-07-06T23:53:02Z</time>
    <extensions>
     <gpxtpx:TrackPointExtension>
      <gpxtpx:hr>112</gpxtpx:hr>
     </gpxtpx:TrackPointExtension>
    </extensions>
   </trkpt>
   <trkpt lat="35.2688060" lon="113.9118000">
    <ele>70.9</ele>
    <time>2025-07-06T23:53:03Z</time>
    <extensions>
     <gpxtpx:TrackPointExtension>
      <gpxtpx:hr>112</gpxtpx:hr>
     </gpxtpx:TrackPointExtension>
    </extensions>
   </trkpt>
   <trkpt lat="35.2687760" lon="113.9118350">
    <ele>71.0</ele>
    <time>2025-07-06T23:53:04Z</time>
    <extensions>
     <gpxtpx:TrackPointExtension>
      <gpxtpx:hr>111</gpxtpx:hr>
     </gpxtpx:TrackPointExtension>
    </extensions>
   </trkpt>
   <trkpt lat="35.2687530" lon="113.9118700">
    <ele>71.0</ele>
    <time>2025-07-06T23:53:05Z</time>
    <extensions>
     <gpxtpx:TrackPointExtension>
      <gpxtpx:hr>111</gpxtpx:hr>
     </gpxtpx:TrackPointExtension>
    </extensions>
   </trkpt>
   <trkpt lat="35.2687230" lon="113.9119000">
    <ele>71.0</ele>
    <time>2025-07-06T23:53:06Z</time>
    <extensions>
     <gpxtpx:TrackPointExtension>
      <gpxtpx:hr>111</gpxtpx:hr>
     </gpxtpx:TrackPointExtension>
    </extensions>
   </trkpt>
   <trkpt lat="35.2686900" lon="113.9119300">
    <ele>70.9</ele>
    <time>2025-07-06T23:53:07Z</time>
    <extensions>
     <gpxtpx:TrackPointExtension>
      <gpxtpx:hr>111</gpxtpx:hr>
     </gpxtpx:TrackPointExtension>
    </extensions>
   </trkpt>
   <trkpt lat="35.2686900" lon="113.9119300">
    <ele>70.9</ele>
    <time>2025-07-06T23:53:07Z</time>
    <extensions>
     <gpxtpx:TrackPointExtension>
      <gpxtpx:hr>111</gpxtpx:hr>
     </gpxtpx:TrackPointExtension>
    </extensions>
   </trkpt>
   <trkpt lat="35.2686580" lon="113.9119400">
    <ele>70.9</ele>
    <time>2025-07-06T23:53:08Z</time>
    <extensions>
     <gpxtpx:TrackPointExtension>
      <gpxtpx:hr>110</gpxtpx:hr>
     </gpxtpx:TrackPointExtension>
    </extensions>
   </trkpt>
   <trkpt lat="35.2686000" lon="113.9119200">
    <ele>70.9</ele>
    <time>2025-07-06T23:53:09Z</time>
    <extensions>
     <gpxtpx:TrackPointExtension>
      <gpxtpx:hr>109</gpxtpx:hr>
     </gpxtpx:TrackPointExtension>
    </extensions>
   </trkpt>
   <trkpt lat="35.2685470" lon="113.9119100">
    <ele>70.9</ele>
    <time>2025-07-06T23:53:10Z</time>
    <extensions>
     <gpxtpx:TrackPointExtension>
      <gpxtpx:hr>109</gpxtpx:hr>
     </gpxtpx:TrackPointExtension>
    </extensions>
   </trkpt>
   <trkpt lat="35.2684970" lon="113.9118960">
    <ele>70.8</ele>
    <time>2025-07-06T23:53:11Z</time>
    <extensions>
     <gpxtpx:TrackPointExtension>
      <gpxtpx:hr>110</gpxtpx:hr>
     </gpxtpx:TrackPointExtension>
    </extensions>
   </trkpt>
   <trkpt lat="35.2684500" lon="113.9119100">
    <ele>70.8</ele>
    <time>2025-07-06T23:53:12Z</time>
    <extensions>
     <gpxtpx:TrackPointExtension>
      <gpxtpx:hr>110</gpxtpx:hr>
     </gpxtpx:TrackPointExtension>
    </extensions>
   </trkpt>
   <trkpt lat="35.2684500" lon="113.9119100">
    <ele>70.8</ele>
    <time>2025-07-06T23:53:12Z</time>
    <extensions>
     <gpxtpx:TrackPointExtension>
      <gpxtpx:hr>110</gpxtpx:hr>
     </gpxtpx:TrackPointExtension>
    </extensions>
   </trkpt>
   <trkpt lat="35.2684200" lon="113.9119300">
    <ele>70.8</ele>
    <time>2025-07-06T23:53:13Z</time>
    <extensions>
     <gpxtpx:TrackPointExtension>
      <gpxtpx:hr>110</gpxtpx:hr>
     </gpxtpx:TrackPointExtension>
    </extensions>
   </trkpt>
   <trkpt lat="35.2684000" lon="113.9119500">
    <ele>70.7</ele>
    <time>2025-07-06T23:53:14Z</time>
    <extensions>
     <gpxtpx:TrackPointExtension>
      <gpxtpx:hr>110</gpxtpx:hr>
     </gpxtpx:TrackPointExtension>
    </extensions>
   </trkpt>
   <trkpt lat="35.2683640" lon="113.9119600">
    <ele>70.7</ele>
    <time>2025-07-06T23:53:15Z</time>
    <extensions>
     <gpxtpx:TrackPointExtension>
      <gpxtpx:hr>110</gpxtpx:hr>
     </gpxtpx:TrackPointExtension>
    </extensions>
   </trkpt>
   <trkpt lat="35.2683220" lon="113.9119640">
    <ele>70.7</ele>
    <time>2025-07-06T23:53:16Z</time>
    <extensions>
     <gpxtpx:TrackPointExtension>
      <gpxtpx:hr>110</gpxtpx:hr>
     </gpxtpx:TrackPointExtension>
    </extensions>
   </trkpt>
   <trkpt lat="35.2683220" lon="113.9119640">
    <ele>70.7</ele>
    <time>2025-07-06T23:53:16Z</time>
    <extensions>
     <gpxtpx:TrackPointExtension>
      <gpxtpx:hr>110</gpxtpx:hr>
     </gpxtpx:TrackPointExtension>
    </extensions>
   </trkpt>
   <trkpt lat="35.2682800" lon="113.9119600">
    <ele>70.6</ele>
    <time>2025-07-06T23:53:17Z</time>
    <extensions>
     <gpxtpx:TrackPointExtension>
      <gpxtpx:hr>110</gpxtpx:hr>
     </gpxtpx:TrackPointExtension>
    </extensions>
   </trkpt>
   <trkpt lat="35.2682400" lon="113.9119640">
    <ele>70.6</ele>
    <time>2025-07-06T23:53:18Z</time>
    <extensions>
     <gpxtpx:TrackPointExtension>
      <gpxtpx:hr>109</gpxtpx:hr>
     </gpxtpx:TrackPointExtension>
    </extensions>
   </trkpt>
   <trkpt lat="35.2681920" lon="113.9119640">
    <ele>70.6</ele>
    <time>2025-07-06T23:53:19Z</time>
    <extensions>
     <gpxtpx:TrackPointExtension>
      <gpxtpx:hr>109</gpxtpx:hr>
     </gpxtpx:TrackPointExtension>
    </extensions>
   </trkpt>
   <trkpt lat="35.2681470" lon="113.9119600">
    <ele>70.6</ele>
    <time>2025-07-06T23:53:20Z</time>
    <extensions>
     <gpxtpx:TrackPointExtension>
      <gpxtpx:hr>109</gpxtpx:hr>
     </gpxtpx:TrackPointExtension>
    </extensions>
   </trkpt>
   <trkpt lat="35.2680850" lon="113.9119640">
    <ele>70.6</ele>
    <time>2025-07-06T23:53:21Z</time>
    <extensions>
     <gpxtpx:TrackPointExtension>
      <gpxtpx:hr>109</gpxtpx:hr>
     </gpxtpx:TrackPointExtension>
    </extensions>
   </trkpt>
   <trkpt lat="35.2680240" lon="113.9119600">
    <ele>70.6</ele>
    <time>2025-07-06T23:53:22Z</time>
    <extensions>
     <gpxtpx:TrackPointExtension>
      <gpxtpx:hr>110</gpxtpx:hr>
     </gpxtpx:TrackPointExtension>
    </extensions>
   </trkpt>
   <trkpt lat="35.2679750" lon="113.9119600">
    <ele>70.5</ele>
    <time>2025-07-06T23:53:23Z</time>
    <extensions>
     <gpxtpx:TrackPointExtension>
      <gpxtpx:hr>110</gpxtpx:hr>
     </gpxtpx:TrackPointExtension>
    </extensions>
   </trkpt>
   <trkpt lat="35.2679180" lon="113.9119600">
    <ele>70.5</ele>
    <time>2025-07-06T23:53:24Z</time>
    <extensions>
     <gpxtpx:TrackPointExtension>
      <gpxtpx:hr>111</gpxtpx:hr>
     </gpxtpx:TrackPointExtension>
    </extensions>
   </trkpt>
   <trkpt lat="35.2678680" lon="113.9119600">
    <ele>70.4</ele>
    <time>2025-07-06T23:53:25Z</time>
    <extensions>
     <gpxtpx:TrackPointExtension>
      <gpxtpx:hr>111</gpxtpx:hr>
     </gpxtpx:TrackPointExtension>
    </extensions>
   </trkpt>
   <trkpt lat="35.2678200" lon="113.9119500">
    <ele>70.4</ele>
    <time>2025-07-06T23:53:26Z</time>
    <extensions>
     <gpxtpx:TrackPointExtension>
      <gpxtpx:hr>111</gpxtpx:hr>
     </gpxtpx:TrackPointExtension>
    </extensions>
   </trkpt>
   <trkpt lat="35.2678200" lon="113.9119500">
    <ele>70.4</ele>
    <time>2025-07-06T23:53:26Z</time>
    <extensions>
     <gpxtpx:TrackPointExtension>
      <gpxtpx:hr>111</gpxtpx:hr>
     </gpxtpx:TrackPointExtension>
    </extensions>
   </trkpt>
   <trkpt lat="35.2677650" lon="113.9119500">
    <ele>70.3</ele>
    <time>2025-07-06T23:53:27Z</time>
    <extensions>
     <gpxtpx:TrackPointExtension>
      <gpxtpx:hr>111</gpxtpx:hr>
     </gpxtpx:TrackPointExtension>
    </extensions>
   </trkpt>
   <trkpt lat="35.2677000" lon="113.9119600">
    <ele>70.2</ele>
    <time>2025-07-06T23:53:28Z</time>
    <extensions>
     <gpxtpx:TrackPointExtension>
      <gpxtpx:hr>112</gpxtpx:hr>
     </gpxtpx:TrackPointExtension>
    </extensions>
   </trkpt>
   <trkpt lat="35.2676500" lon="113.9119640">
    <ele>70.2</ele>
    <time>2025-07-06T23:53:29Z</time>
    <extensions>
     <gpxtpx:TrackPointExtension>
      <gpxtpx:hr>113</gpxtpx:hr>
     </gpxtpx:TrackPointExtension>
    </extensions>
   </trkpt>
   <trkpt lat="35.2676000" lon="113.9119700">
    <ele>70.1</ele>
    <time>2025-07-06T23:53:30Z</time>
    <extensions>
     <gpxtpx:TrackPointExtension>
      <gpxtpx:hr>113</gpxtpx:hr>
     </gpxtpx:TrackPointExtension>
    </extensions>
   </trkpt>
   <trkpt lat="35.2675800" lon="113.9119670">
    <ele>70.1</ele>
    <time>2025-07-06T23:53:31Z</time>
    <extensions>
     <gpxtpx:TrackPointExtension>
      <gpxtpx:hr>114</gpxtpx:hr>
     </gpxtpx:TrackPointExtension>
    </extensions>
   </trkpt>
   <trkpt lat="35.2675600" lon="113.9119640">
    <ele>70.1</ele>
    <time>2025-07-06T23:53:32Z</time>
    <extensions>
     <gpxtpx:TrackPointExtension>
      <gpxtpx:hr>114</gpxtpx:hr>
     </gpxtpx:TrackPointExtension>
    </extensions>
   </trkpt>
   <trkpt lat="35.2675600" lon="113.9119640">
    <ele>70.1</ele>
    <time>2025-07-06T23:53:32Z</time>
    <extensions>
     <gpxtpx:TrackPointExtension>
      <gpxtpx:hr>115</gpxtpx:hr>
     </gpxtpx:TrackPointExtension>
    </extensions>
   </trkpt>
   <trkpt lat="35.2675170" lon="113.9119640">
    <ele>70.1</ele>
    <time>2025-07-06T23:53:33Z</time>
    <extensions>
     <gpxtpx:TrackPointExtension>
      <gpxtpx:hr>115</gpxtpx:hr>
     </gpxtpx:TrackPointExtension>
    </extensions>
   </trkpt>
   <trkpt lat="35.2674700" lon="113.9119700">
    <ele>70.1</ele>
    <time>2025-07-06T23:53:34Z</time>
    <extensions>
     <gpxtpx:TrackPointExtension>
      <gpxtpx:hr>115</gpxtpx:hr>
     </gpxtpx:TrackPointExtension>
    </extensions>
   </trkpt>
   <trkpt lat="35.2674300" lon="113.9119900">
    <ele>70.1</ele>
    <time>2025-07-06T23:53:35Z</time>
    <extensions>
     <gpxtpx:TrackPointExtension>
      <gpxtpx:hr>115</gpxtpx:hr>
     </gpxtpx:TrackPointExtension>
    </extensions>
   </trkpt>
   <trkpt lat="35.2673800" lon="113.9119800">
    <ele>70.1</ele>
    <time>2025-07-06T23:53:36Z</time>
    <extensions>
     <gpxtpx:TrackPointExtension>
      <gpxtpx:hr>115</gpxtpx:hr>
     </gpxtpx:TrackPointExtension>
    </extensions>
   </trkpt>
   <trkpt lat="35.2673230" lon="113.9119900">
    <ele>70.1</ele>
    <time>2025-07-06T23:53:37Z</time>
    <extensions>
     <gpxtpx:TrackPointExtension>
      <gpxtpx:hr>115</gpxtpx:hr>
     </gpxtpx:TrackPointExtension>
    </extensions>
   </trkpt>
   <trkpt lat="35.2673230" lon="113.9119900">
    <ele>70.1</ele>
    <time>2025-07-06T23:53:37Z</time>
    <extensions>
     <gpxtpx:TrackPointExtension>
      <gpxtpx:hr>115</gpxtpx:hr>
     </gpxtpx:TrackPointExtension>
    </extensions>
   </trkpt>
   <trkpt lat="35.2672840" lon="113.9119950">
    <ele>70.1</ele>
    <time>2025-07-06T23:53:38Z</time>
    <extensions>
     <gpxtpx:TrackPointExtension>
      <gpxtpx:hr>115</gpxtpx:hr>
     </gpxtpx:TrackPointExtension>
    </extensions>
   </trkpt>
   <trkpt lat="35.2672350" lon="113.9119800">
    <ele>70.1</ele>
    <time>2025-07-06T23:53:39Z</time>
    <extensions>
     <gpxtpx:TrackPointExtension>
      <gpxtpx:hr>115</gpxtpx:hr>
     </gpxtpx:TrackPointExtension>
    </extensions>
   </trkpt>
   <trkpt lat="35.2671700" lon="113.9119600">
    <ele>70.1</ele>
    <time>2025-07-06T23:53:40Z</time>
    <extensions>
     <gpxtpx:TrackPointExtension>
      <gpxtpx:hr>115</gpxtpx:hr>
     </gpxtpx:TrackPointExtension>
    </extensions>
   </trkpt>
   <trkpt lat="35.2671200" lon="113.9119400">
    <ele>70.1</ele>
    <time>2025-07-06T23:53:41Z</time>
    <extensions>
     <gpxtpx:TrackPointExtension>
      <gpxtpx:hr>115</gpxtpx:hr>
     </gpxtpx:TrackPointExtension>
    </extensions>
   </trkpt>
   <trkpt lat="35.2670820" lon="113.9119300">
    <ele>70.1</ele>
    <time>2025-07-06T23:53:42Z</time>
    <extensions>
     <gpxtpx:TrackPointExtension>
      <gpxtpx:hr>115</gpxtpx:hr>
     </gpxtpx:TrackPointExtension>
    </extensions>
   </trkpt>
   <trkpt lat="35.2670250" lon="113.9119200">
    <ele>70.2</ele>
    <time>2025-07-06T23:53:43Z</time>
    <extensions>
     <gpxtpx:TrackPointExtension>
      <gpxtpx:hr>116</gpxtpx:hr>
     </gpxtpx:TrackPointExtension>
    </extensions>
   </trkpt>
   <trkpt lat="35.2669700" lon="113.9119100">
    <ele>70.2</ele>
    <time>2025-07-06T23:53:44Z</time>
    <extensions>
     <gpxtpx:TrackPointExtension>
      <gpxtpx:hr>116</gpxtpx:hr>
     </gpxtpx:TrackPointExtension>
    </extensions>
   </trkpt>
   <trkpt lat="35.2669100" lon="113.9119200">
    <ele>70.2</ele>
    <time>2025-07-06T23:53:45Z</time>
    <extensions>
     <gpxtpx:TrackPointExtension>
      <gpxtpx:hr>116</gpxtpx:hr>
     </gpxtpx:TrackPointExtension>
    </extensions>
   </trkpt>
   <trkpt lat="35.2668600" lon="113.9119340">
    <ele>70.1</ele>
    <time>2025-07-06T23:53:46Z</time>
    <extensions>
     <gpxtpx:TrackPointExtension>
      <gpxtpx:hr>116</gpxtpx:hr>
     </gpxtpx:TrackPointExtension>
    </extensions>
   </trkpt>
   <trkpt lat="35.2668080" lon="113.9119340">
    <ele>70.1</ele>
    <time>2025-07-06T23:53:47Z</time>
    <extensions>
     <gpxtpx:TrackPointExtension>
      <gpxtpx:hr>116</gpxtpx:hr>
     </gpxtpx:TrackPointExtension>
    </extensions>
   </trkpt>
   <trkpt lat="35.2668080" lon="113.9119340">
    <ele>70.1</ele>
    <time>2025-07-06T23:53:47Z</time>
    <extensions>
     <gpxtpx:TrackPointExtension>
      <gpxtpx:hr>117</gpxtpx:hr>
     </gpxtpx:TrackPointExtension>
    </extensions>
   </trkpt>
   <trkpt lat="35.2667660" lon="113.9119200">
    <ele>70.1</ele>
    <time>2025-07-06T23:53:48Z</time>
    <extensions>
     <gpxtpx:TrackPointExtension>
      <gpxtpx:hr>118</gpxtpx:hr>
     </gpxtpx:TrackPointExtension>
    </extensions>
   </trkpt>
   <trkpt lat="35.2667270" lon="113.9119100">
    <ele>70.0</ele>
    <time>2025-07-06T23:53:49Z</time>
    <extensions>
     <gpxtpx:TrackPointExtension>
      <gpxtpx:hr>119</gpxtpx:hr>
     </gpxtpx:TrackPointExtension>
    </extensions>
   </trkpt>
   <trkpt lat="35.2666900" lon="113.9119100">
    <ele>70.0</ele>
    <time>2025-07-06T23:53:50Z</time>
    <extensions>
     <gpxtpx:TrackPointExtension>
      <gpxtpx:hr>119</gpxtpx:hr>
     </gpxtpx:TrackPointExtension>
    </extensions>
   </trkpt>
   <trkpt lat="35.2666900" lon="113.9119100">
    <ele>70.0</ele>
    <time>2025-07-06T23:53:50Z</time>
    <extensions>
     <gpxtpx:TrackPointExtension>
      <gpxtpx:hr>118</gpxtpx:hr>
     </gpxtpx:TrackPointExtension>
    </extensions>
   </trkpt>
   <trkpt lat="35.2666440" lon="113.9119100">
    <ele>70.0</ele>
    <time>2025-07-06T23:53:51Z</time>
    <extensions>
     <gpxtpx:TrackPointExtension>
      <gpxtpx:hr>118</gpxtpx:hr>
     </gpxtpx:TrackPointExtension>
    </extensions>
   </trkpt>
   <trkpt lat="35.2665860" lon="113.9119300">
    <ele>70.0</ele>
    <time>2025-07-06T23:53:52Z</time>
    <extensions>
     <gpxtpx:TrackPointExtension>
      <gpxtpx:hr>117</gpxtpx:hr>
     </gpxtpx:TrackPointExtension>
    </extensions>
   </trkpt>
   <trkpt lat="35.2665400" lon="113.9119340">
    <ele>70.0</ele>
    <time>2025-07-06T23:53:53Z</time>
    <extensions>
     <gpxtpx:TrackPointExtension>
      <gpxtpx:hr>116</gpxtpx:hr>
     </gpxtpx:TrackPointExtension>
    </extensions>
   </trkpt>
   <trkpt lat="35.2664870" lon="113.9119340">
    <ele>70.0</ele>
    <time>2025-07-06T23:53:54Z</time>
    <extensions>
     <gpxtpx:TrackPointExtension>
      <gpxtpx:hr>115</gpxtpx:hr>
     </gpxtpx:TrackPointExtension>
    </extensions>
   </trkpt>
   <trkpt lat="35.2664340" lon="113.9119300">
    <ele>70.0</ele>
    <time>2025-07-06T23:53:55Z</time>
    <extensions>
     <gpxtpx:TrackPointExtension>
      <gpxtpx:hr>115</gpxtpx:hr>
     </gpxtpx:TrackPointExtension>
    </extensions>
   </trkpt>
   <trkpt lat="35.2663800" lon="113.9119100">
    <ele>70.0</ele>
    <time>2025-07-06T23:53:56Z</time>
    <extensions>
     <gpxtpx:TrackPointExtension>
      <gpxtpx:hr>114</gpxtpx:hr>
     </gpxtpx:TrackPointExtension>
    </extensions>
   </trkpt>
   <trkpt lat="35.2663270" lon="113.9118960">
    <ele>70.0</ele>
    <time>2025-07-06T23:53:57Z</time>
    <extensions>
     <gpxtpx:TrackPointExtension>
      <gpxtpx:hr>114</gpxtpx:hr>
     </gpxtpx:TrackPointExtension>
    </extensions>
   </trkpt>
   <trkpt lat="35.2663270" lon="113.9118960">
    <ele>70.0</ele>
    <time>2025-07-06T23:53:57Z</time>
    <extensions>
     <gpxtpx:TrackPointExtension>
      <gpxtpx:hr>114</gpxtpx:hr>
     </gpxtpx:TrackPointExtension>
    </extensions>
   </trkpt>
   <trkpt lat="35.2662700" lon="113.9118960">
    <ele>70.0</ele>
    <time>2025-07-06T23:53:58Z</time>
    <extensions>
     <gpxtpx:TrackPointExtension>
      <gpxtpx:hr>113</gpxtpx:hr>
     </gpxtpx:TrackPointExtension>
    </extensions>
   </trkpt>
   <trkpt lat="35.2662240" lon="113.9118960">
    <ele>70.0</ele>
    <time>2025-07-06T23:53:59Z</time>
    <extensions>
     <gpxtpx:TrackPointExtension>
      <gpxtpx:hr>112</gpxtpx:hr>
     </gpxtpx:TrackPointExtension>
    </extensions>
   </trkpt>
   <trkpt lat="35.2661800" lon="113.9119000">
    <ele>70.0</ele>
    <time>2025-07-06T23:54:00Z</time>
    <extensions>
     <gpxtpx:TrackPointExtension>
      <gpxtpx:hr>112</gpxtpx:hr>
     </gpxtpx:TrackPointExtension>
    </extensions>
   </trkpt>
   <trkpt lat="35.2661400" lon="113.9119000">
    <ele>70.0</ele>
    <time>2025-07-06T23:54:01Z</time>
    <extensions>
     <gpxtpx:TrackPointExtension>
      <gpxtpx:hr>111</gpxtpx:hr>
     </gpxtpx:TrackPointExtension>
    </extensions>
   </trkpt>
   <trkpt lat="35.2660900" lon="113.9119100">
    <ele>70.0</ele>
    <time>2025-07-06T23:54:02Z</time>
    <extensions>
     <gpxtpx:TrackPointExtension>
      <gpxtpx:hr>111</gpxtpx:hr>
     </gpxtpx:TrackPointExtension>
    </extensions>
   </trkpt>
   <trkpt lat="35.2660330" lon="113.9119100">
    <ele>70.0</ele>
    <time>2025-07-06T23:54:03Z</time>
    <extensions>
     <gpxtpx:TrackPointExtension>
      <gpxtpx:hr>111</gpxtpx:hr>
     </gpxtpx:TrackPointExtension>
    </extensions>
   </trkpt>
   <trkpt lat="35.2659700" lon="113.9119200">
    <ele>70.1</ele>
    <time>2025-07-06T23:54:04Z</time>
    <extensions>
     <gpxtpx:TrackPointExtension>
      <gpxtpx:hr>112</gpxtpx:hr>
     </gpxtpx:TrackPointExtension>
    </extensions>
   </trkpt>
   <trkpt lat="35.2659100" lon="113.9119200">
    <ele>70.1</ele>
    <time>2025-07-06T23:54:05Z</time>
    <extensions>
     <gpxtpx:TrackPointExtension>
      <gpxtpx:hr>112</gpxtpx:hr>
     </gpxtpx:TrackPointExtension>
    </extensions>
   </trkpt>
   <trkpt lat="35.2658500" lon="113.9119100">
    <ele>70.1</ele>
    <time>2025-07-06T23:54:06Z</time>
    <extensions>
     <gpxtpx:TrackPointExtension>
      <gpxtpx:hr>112</gpxtpx:hr>
     </gpxtpx:TrackPointExtension>
    </extensions>
   </trkpt>
   <trkpt lat="35.2657970" lon="113.9119100">
    <ele>70.2</ele>
    <time>2025-07-06T23:54:07Z</time>
    <extensions>
     <gpxtpx:TrackPointExtension>
      <gpxtpx:hr>112</gpxtpx:hr>
     </gpxtpx:TrackPointExtension>
    </extensions>
   </trkpt>
   <trkpt lat="35.2657970" lon="113.9119100">
    <ele>70.2</ele>
    <time>2025-07-06T23:54:07Z</time>
    <extensions>
     <gpxtpx:TrackPointExtension>
      <gpxtpx:hr>113</gpxtpx:hr>
     </gpxtpx:TrackPointExtension>
    </extensions>
   </trkpt>
   <trkpt lat="35.2657430" lon="113.9119100">
    <ele>70.2</ele>
    <time>2025-07-06T23:54:08Z</time>
    <extensions>
     <gpxtpx:TrackPointExtension>
      <gpxtpx:hr>113</gpxtpx:hr>
     </gpxtpx:TrackPointExtension>
    </extensions>
   </trkpt>
   <trkpt lat="35.2657430" lon="113.9119100">
    <ele>70.2</ele>
    <time>2025-07-06T23:54:08Z</time>
    <extensions>
     <gpxtpx:TrackPointExtension>
      <gpxtpx:hr>113</gpxtpx:hr>
     </gpxtpx:TrackPointExtension>
    </extensions>
   </trkpt>
   <trkpt lat="35.2656940" lon="113.9119000">
    <ele>70.2</ele>
    <time>2025-07-06T23:54:09Z</time>
    <extensions>
     <gpxtpx:TrackPointExtension>
      <gpxtpx:hr>113</gpxtpx:hr>
     </gpxtpx:TrackPointExtension>
    </extensions>
   </trkpt>
   <trkpt lat="35.2656440" lon="113.9119100">
    <ele>70.2</ele>
    <time>2025-07-06T23:54:10Z</time>
    <extensions>
     <gpxtpx:TrackPointExtension>
      <gpxtpx:hr>114</gpxtpx:hr>
     </gpxtpx:TrackPointExtension>
    </extensions>
   </trkpt>
   <trkpt lat="35.2655940" lon="113.9119000">
    <ele>70.2</ele>
    <time>2025-07-06T23:54:11Z</time>
    <extensions>
     <gpxtpx:TrackPointExtension>
      <gpxtpx:hr>114</gpxtpx:hr>
     </gpxtpx:TrackPointExtension>
    </extensions>
   </trkpt>
   <trkpt lat="35.2655370" lon="113.9119000">
    <ele>70.2</ele>
    <time>2025-07-06T23:54:12Z</time>
    <extensions>
     <gpxtpx:TrackPointExtension>
      <gpxtpx:hr>114</gpxtpx:hr>
     </gpxtpx:TrackPointExtension>
    </extensions>
   </trkpt>
   <trkpt lat="35.2654840" lon="113.9118900">
    <ele>70.2</ele>
    <time>2025-07-06T23:54:13Z</time>
    <extensions>
     <gpxtpx:TrackPointExtension>
      <gpxtpx:hr>113</gpxtpx:hr>
     </gpxtpx:TrackPointExtension>
    </extensions>
   </trkpt>
   <trkpt lat="35.2654300" lon="113.9118960">
    <ele>70.2</ele>
    <time>2025-07-06T23:54:14Z</time>
    <extensions>
     <gpxtpx:TrackPointExtension>
      <gpxtpx:hr>113</gpxtpx:hr>
     </gpxtpx:TrackPointExtension>
    </extensions>
   </trkpt>
   <trkpt lat="35.2653800" lon="113.9118900">
    <ele>70.2</ele>
    <time>2025-07-06T23:54:15Z</time>
    <extensions>
     <gpxtpx:TrackPointExtension>
      <gpxtpx:hr>113</gpxtpx:hr>
     </gpxtpx:TrackPointExtension>
    </extensions>
   </trkpt>
   <trkpt lat="35.2653430" lon="113.9119000">
    <ele>70.2</ele>
    <time>2025-07-06T23:54:16Z</time>
    <extensions>
     <gpxtpx:TrackPointExtension>
      <gpxtpx:hr>113</gpxtpx:hr>
     </gpxtpx:TrackPointExtension>
    </extensions>
   </trkpt>
   <trkpt lat="35.2652970" lon="113.9119100">
    <ele>70.2</ele>
    <time>2025-07-06T23:54:17Z</time>
    <extensions>
     <gpxtpx:TrackPointExtension>
      <gpxtpx:hr>113</gpxtpx:hr>
     </gpxtpx:TrackPointExtension>
    </extensions>
   </trkpt>
   <trkpt lat="35.2652970" lon="113.9119100">
    <ele>70.2</ele>
    <time>2025-07-06T23:54:17Z</time>
    <extensions>
     <gpxtpx:TrackPointExtension>
      <gpxtpx:hr>114</gpxtpx:hr>
     </gpxtpx:TrackPointExtension>
    </extensions>
   </trkpt>
   <trkpt lat="35.2652550" lon="113.9118960">
    <ele>70.3</ele>
    <time>2025-07-06T23:54:18Z</time>
    <extensions>
     <gpxtpx:TrackPointExtension>
      <gpxtpx:hr>114</gpxtpx:hr>
     </gpxtpx:TrackPointExtension>
    </extensions>
   </trkpt>
   <trkpt lat="35.2651940" lon="113.9118900">
    <ele>70.3</ele>
    <time>2025-07-06T23:54:19Z</time>
    <extensions>
     <gpxtpx:TrackPointExtension>
      <gpxtpx:hr>114</gpxtpx:hr>
     </gpxtpx:TrackPointExtension>
    </extensions>
   </trkpt>
   <trkpt lat="35.2651370" lon="113.9118960">
    <ele>70.4</ele>
    <time>2025-07-06T23:54:20Z</time>
    <extensions>
     <gpxtpx:TrackPointExtension>
      <gpxtpx:hr>113</gpxtpx:hr>
     </gpxtpx:TrackPointExtension>
    </extensions>
   </trkpt>
   <trkpt lat="35.2650900" lon="113.9119000">
    <ele>70.5</ele>
    <time>2025-07-06T23:54:21Z</time>
    <extensions>
     <gpxtpx:TrackPointExtension>
      <gpxtpx:hr>113</gpxtpx:hr>
     </gpxtpx:TrackPointExtension>
    </extensions>
   </trkpt>
   <trkpt lat="35.2650400" lon="113.9119000">
    <ele>70.5</ele>
    <time>2025-07-06T23:54:22Z</time>
    <extensions>
     <gpxtpx:TrackPointExtension>
      <gpxtpx:hr>113</gpxtpx:hr>
     </gpxtpx:TrackPointExtension>
    </extensions>
   </trkpt>
   <trkpt lat="35.2649880" lon="113.9119000">
    <ele>70.6</ele>
    <time>2025-07-06T23:54:23Z</time>
    <extensions>
     <gpxtpx:TrackPointExtension>
      <gpxtpx:hr>112</gpxtpx:hr>
     </gpxtpx:TrackPointExtension>
    </extensions>
   </trkpt>
   <trkpt lat="35.2649460" lon="113.9119000">
    <ele>70.7</ele>
    <time>2025-07-06T23:54:24Z</time>
    <extensions>
     <gpxtpx:TrackPointExtension>
      <gpxtpx:hr>112</gpxtpx:hr>
     </gpxtpx:TrackPointExtension>
    </extensions>
   </trkpt>
   <trkpt lat="35.2648900" lon="113.9119100">
    <ele>70.8</ele>
    <time>2025-07-06T23:54:25Z</time>
    <extensions>
     <gpxtpx:TrackPointExtension>
      <gpxtpx:hr>112</gpxtpx:hr>
     </gpxtpx:TrackPointExtension>
    </extensions>
   </trkpt>
   <trkpt lat="35.2648900" lon="113.9119100">
    <ele>70.8</ele>
    <time>2025-07-06T23:54:25Z</time>
    <extensions>
     <gpxtpx:TrackPointExtension>
      <gpxtpx:hr>113</gpxtpx:hr>
     </gpxtpx:TrackPointExtension>
    </extensions>
   </trkpt>
   <trkpt lat="35.2648300" lon="113.9119000">
    <ele>70.9</ele>
    <time>2025-07-06T23:54:26Z</time>
    <extensions>
     <gpxtpx:TrackPointExtension>
      <gpxtpx:hr>113</gpxtpx:hr>
     </gpxtpx:TrackPointExtension>
    </extensions>
   </trkpt>
   <trkpt lat="35.2647930" lon="113.9119000">
    <ele>70.9</ele>
    <time>2025-07-06T23:54:27Z</time>
    <extensions>
     <gpxtpx:TrackPointExtension>
      <gpxtpx:hr>113</gpxtpx:hr>
     </gpxtpx:TrackPointExtension>
    </extensions>
   </trkpt>
   <trkpt lat="35.2647930" lon="113.9119000">
    <ele>70.9</ele>
    <time>2025-07-06T23:54:27Z</time>
    <extensions>
     <gpxtpx:TrackPointExtension>
      <gpxtpx:hr>113</gpxtpx:hr>
     </gpxtpx:TrackPointExtension>
    </extensions>
   </trkpt>
   <trkpt lat="35.2647480" lon="113.9118900">
    <ele>70.9</ele>
    <time>2025-07-06T23:54:28Z</time>
    <extensions>
     <gpxtpx:TrackPointExtension>
      <gpxtpx:hr>114</gpxtpx:hr>
     </gpxtpx:TrackPointExtension>
    </extensions>
   </trkpt>
   <trkpt lat="35.2646980" lon="113.9118800">
    <ele>71.0</ele>
    <time>2025-07-06T23:54:29Z</time>
    <extensions>
     <gpxtpx:TrackPointExtension>
      <gpxtpx:hr>115</gpxtpx:hr>
     </gpxtpx:TrackPointExtension>
    </extensions>
   </trkpt>
   <trkpt lat="35.2646520" lon="113.9118700">
    <ele>71.1</ele>
    <time>2025-07-06T23:54:30Z</time>
    <extensions>
     <gpxtpx:TrackPointExtension>
      <gpxtpx:hr>115</gpxtpx:hr>
     </gpxtpx:TrackPointExtension>
    </extensions>
   </trkpt>
   <trkpt lat="35.2646000" lon="113.9118700">
    <ele>71.3</ele>
    <time>2025-07-06T23:54:31Z</time>
    <extensions>
     <gpxtpx:TrackPointExtension>
      <gpxtpx:hr>116</gpxtpx:hr>
     </gpxtpx:TrackPointExtension>
    </extensions>
   </trkpt>
   <trkpt lat="35.2645720" lon="113.9118650">
    <ele>71.3</ele>
    <time>2025-07-06T23:54:32Z</time>
    <extensions>
     <gpxtpx:TrackPointExtension>
      <gpxtpx:hr>116</gpxtpx:hr>
     </gpxtpx:TrackPointExtension>
    </extensions>
   </trkpt>
   <trkpt lat="35.2645380" lon="113.9118500">
    <ele>71.4</ele>
    <time>2025-07-06T23:54:33Z</time>
    <extensions>
     <gpxtpx:TrackPointExtension>
      <gpxtpx:hr>117</gpxtpx:hr>
     </gpxtpx:TrackPointExtension>
    </extensions>
   </trkpt>
   <trkpt lat="35.2645100" lon="113.9118400">
    <ele>71.5</ele>
    <time>2025-07-06T23:54:34Z</time>
    <extensions>
     <gpxtpx:TrackPointExtension>
      <gpxtpx:hr>118</gpxtpx:hr>
     </gpxtpx:TrackPointExtension>
    </extensions>
   </trkpt>
   <trkpt lat="35.2644920" lon="113.9118400">
    <ele>71.6</ele>
    <time>2025-07-06T23:54:35Z</time>
    <extensions>
     <gpxtpx:TrackPointExtension>
      <gpxtpx:hr>118</gpxtpx:hr>
     </gpxtpx:TrackPointExtension>
    </extensions>
   </trkpt>
   <trkpt lat="35.2644800" lon="113.9118500">
    <ele>71.6</ele>
    <time>2025-07-06T23:54:36Z</time>
    <extensions>
     <gpxtpx:TrackPointExtension>
      <gpxtpx:hr>119</gpxtpx:hr>
     </gpxtpx:TrackPointExtension>
    </extensions>
   </trkpt>
   <trkpt lat="35.2644540" lon="113.9118700">
    <ele>71.7</ele>
    <time>2025-07-06T23:54:37Z</time>
    <extensions>
     <gpxtpx:TrackPointExtension>
      <gpxtpx:hr>119</gpxtpx:hr>
     </gpxtpx:TrackPointExtension>
    </extensions>
   </trkpt>
   <trkpt lat="35.2644540" lon="113.9118700">
    <ele>71.7</ele>
    <time>2025-07-06T23:54:37Z</time>
    <extensions>
     <gpxtpx:TrackPointExtension>
      <gpxtpx:hr>119</gpxtpx:hr>
     </gpxtpx:TrackPointExtension>
    </extensions>
   </trkpt>
   <trkpt lat="35.2644310" lon="113.9118840">
    <ele>71.8</ele>
    <time>2025-07-06T23:54:38Z</time>
    <extensions>
     <gpxtpx:TrackPointExtension>
      <gpxtpx:hr>119</gpxtpx:hr>
     </gpxtpx:TrackPointExtension>
    </extensions>
   </trkpt>
   <trkpt lat="35.2644120" lon="113.9118880">
    <ele>71.8</ele>
    <time>2025-07-06T23:54:39Z</time>
    <extensions>
     <gpxtpx:TrackPointExtension>
      <gpxtpx:hr>120</gpxtpx:hr>
     </gpxtpx:TrackPointExtension>
    </extensions>
   </trkpt>
   <trkpt lat="35.2643930" lon="113.9118920">
    <ele>71.9</ele>
    <time>2025-07-06T23:54:40Z</time>
    <extensions>
     <gpxtpx:TrackPointExtension>
      <gpxtpx:hr>120</gpxtpx:hr>
     </gpxtpx:TrackPointExtension>
    </extensions>
   </trkpt>
   <trkpt lat="35.2643740" lon="113.9118960">
    <ele>71.9</ele>
    <time>2025-07-06T23:55:12Z</time>
    <extensions>
     <gpxtpx:TrackPointExtension>
      <gpxtpx:hr>119</gpxtpx:hr>
     </gpxtpx:TrackPointExtension>
    </extensions>
   </trkpt>
   <trkpt lat="35.2643550" lon="113.9119000">
    <ele>71.9</ele>
    <time>2025-07-06T23:55:12Z</time>
    <extensions>
     <gpxtpx:TrackPointExtension>
      <gpxtpx:hr>119</gpxtpx:hr>
     </gpxtpx:TrackPointExtension>
    </extensions>
   </trkpt>
   <trkpt lat="35.2643280" lon="113.9118960">
    <ele>71.9</ele>
    <time>2025-07-06T23:55:13Z</time>
    <extensions>
     <gpxtpx:TrackPointExtension>
      <gpxtpx:hr>100</gpxtpx:hr>
     </gpxtpx:TrackPointExtension>
    </extensions>
   </trkpt>
   <trkpt lat="35.2643000" lon="113.9118960">
    <ele>72.0</ele>
    <time>2025-07-06T23:55:14Z</time>
    <extensions>
     <gpxtpx:TrackPointExtension>
      <gpxtpx:hr>100</gpxtpx:hr>
     </gpxtpx:TrackPointExtension>
    </extensions>
   </trkpt>
   <trkpt lat="35.2642600" lon="113.9118960">
    <ele>72.0</ele>
    <time>2025-07-06T23:55:15Z</time>
    <extensions>
     <gpxtpx:TrackPointExtension>
      <gpxtpx:hr>100</gpxtpx:hr>
     </gpxtpx:TrackPointExtension>
    </extensions>
   </trkpt>
   <trkpt lat="35.2642440" lon="113.9118960">
    <ele>72.0</ele>
    <time>2025-07-06T23:55:16Z</time>
    <extensions>
     <gpxtpx:TrackPointExtension>
      <gpxtpx:hr>100</gpxtpx:hr>
     </gpxtpx:TrackPointExtension>
    </extensions>
   </trkpt>
   <trkpt lat="35.2642100" lon="113.9119000">
    <ele>72.0</ele>
    <time>2025-07-06T23:55:17Z</time>
    <extensions>
     <gpxtpx:TrackPointExtension>
      <gpxtpx:hr>101</gpxtpx:hr>
     </gpxtpx:TrackPointExtension>
    </extensions>
   </trkpt>
   <trkpt lat="35.2641640" lon="113.9118960">
    <ele>72.0</ele>
    <time>2025-07-06T23:55:18Z</time>
    <extensions>
     <gpxtpx:TrackPointExtension>
      <gpxtpx:hr>101</gpxtpx:hr>
     </gpxtpx:TrackPointExtension>
    </extensions>
   </trkpt>
   <trkpt lat="35.2641140" lon="113.9118800">
    <ele>72.0</ele>
    <time>2025-07-06T23:55:19Z</time>
    <extensions>
     <gpxtpx:TrackPointExtension>
      <gpxtpx:hr>101</gpxtpx:hr>
     </gpxtpx:TrackPointExtension>
    </extensions>
   </trkpt>
   <trkpt lat="35.2641140" lon="113.9118800">
    <ele>72.0</ele>
    <time>2025-07-06T23:55:19Z</time>
    <extensions>
     <gpxtpx:TrackPointExtension>
      <gpxtpx:hr>101</gpxtpx:hr>
     </gpxtpx:TrackPointExtension>
    </extensions>
   </trkpt>
   <trkpt lat="35.2640840" lon="113.9118700">
    <ele>71.9</ele>
    <time>2025-07-06T23:55:20Z</time>
    <extensions>
     <gpxtpx:TrackPointExtension>
      <gpxtpx:hr>101</gpxtpx:hr>
     </gpxtpx:TrackPointExtension>
    </extensions>
   </trkpt>
   <trkpt lat="35.2640460" lon="113.9118700">
    <ele>71.8</ele>
    <time>2025-07-06T23:55:21Z</time>
    <extensions>
     <gpxtpx:TrackPointExtension>
      <gpxtpx:hr>102</gpxtpx:hr>
     </gpxtpx:TrackPointExtension>
    </extensions>
   </trkpt>
   <trkpt lat="35.2640040" lon="113.9118700">
    <ele>71.7</ele>
    <time>2025-07-06T23:55:22Z</time>
    <extensions>
     <gpxtpx:TrackPointExtension>
      <gpxtpx:hr>102</gpxtpx:hr>
     </gpxtpx:TrackPointExtension>
    </extensions>
   </trkpt>
   <trkpt lat="35.2640040" lon="113.9118700">
    <ele>71.7</ele>
    <time>2025-07-06T23:55:22Z</time>
    <extensions>
     <gpxtpx:TrackPointExtension>
      <gpxtpx:hr>103</gpxtpx:hr>
     </gpxtpx:TrackPointExtension>
    </extensions>
   </trkpt>
   <trkpt lat="35.2639700" lon="113.9118800">
    <ele>71.6</ele>
    <time>2025-07-06T23:55:23Z</time>
    <extensions>
     <gpxtpx:TrackPointExtension>
      <gpxtpx:hr>103</gpxtpx:hr>
     </gpxtpx:TrackPointExtension>
    </extensions>
   </trkpt>
   <trkpt lat="35.2639160" lon="113.9119000">
    <ele>71.3</ele>
    <time>2025-07-06T23:55:24Z</time>
    <extensions>
     <gpxtpx:TrackPointExtension>
      <gpxtpx:hr>104</gpxtpx:hr>
     </gpxtpx:TrackPointExtension>
    </extensions>
   </trkpt>
   <trkpt lat="35.2638740" lon="113.9119200">
    <ele>71.2</ele>
    <time>2025-07-06T23:55:25Z</time>
    <extensions>
     <gpxtpx:TrackPointExtension>
      <gpxtpx:hr>105</gpxtpx:hr>
     </gpxtpx:TrackPointExtension>
    </extensions>
   </trkpt>
   <trkpt lat="35.2638320" lon="113.9119200">
    <ele>71.0</ele>
    <time>2025-07-06T23:55:26Z</time>
    <extensions>
     <gpxtpx:TrackPointExtension>
      <gpxtpx:hr>106</gpxtpx:hr>
     </gpxtpx:TrackPointExtension>
    </extensions>
   </trkpt>
   <trkpt lat="35.2637750" lon="113.9119000">
    <ele>70.9</ele>
    <time>2025-07-06T23:55:27Z</time>
    <extensions>
     <gpxtpx:TrackPointExtension>
      <gpxtpx:hr>107</gpxtpx:hr>
     </gpxtpx:TrackPointExtension>
    </extensions>
   </trkpt>
   <trkpt lat="35.2637200" lon="113.9119100">
    <ele>70.7</ele>
    <time>2025-07-06T23:55:28Z</time>
    <extensions>
     <gpxtpx:TrackPointExtension>
      <gpxtpx:hr>107</gpxtpx:hr>
     </gpxtpx:TrackPointExtension>
    </extensions>
   </trkpt>
   <trkpt lat="35.2637200" lon="113.9119100">
    <ele>70.7</ele>
    <time>2025-07-06T23:55:28Z</time>
    <extensions>
     <gpxtpx:TrackPointExtension>
      <gpxtpx:hr>107</gpxtpx:hr>
     </gpxtpx:TrackPointExtension>
    </extensions>
   </trkpt>
   <trkpt lat="35.2636700" lon="113.9119200">
    <ele>70.6</ele>
    <time>2025-07-06T23:55:29Z</time>
    <extensions>
     <gpxtpx:TrackPointExtension>
      <gpxtpx:hr>108</gpxtpx:hr>
     </gpxtpx:TrackPointExtension>
    </extensions>
   </trkpt>
   <trkpt lat="35.2636220" lon="113.9119200">
    <ele>70.6</ele>
    <time>2025-07-06T23:55:30Z</time>
    <extensions>
     <gpxtpx:TrackPointExtension>
      <gpxtpx:hr>108</gpxtpx:hr>
     </gpxtpx:TrackPointExtension>
    </extensions>
   </trkpt>
   <trkpt lat="35.2635770" lon="113.9119300">
    <ele>70.5</ele>
    <time>2025-07-06T23:55:31Z</time>
    <extensions>
     <gpxtpx:TrackPointExtension>
      <gpxtpx:hr>108</gpxtpx:hr>
     </gpxtpx:TrackPointExtension>
    </extensions>
   </trkpt>
   <trkpt lat="35.2635350" lon="113.9119200">
    <ele>70.4</ele>
    <time>2025-07-06T23:55:32Z</time>
    <extensions>
     <gpxtpx:TrackPointExtension>
      <gpxtpx:hr>107</gpxtpx:hr>
     </gpxtpx:TrackPointExtension>
    </extensions>
   </trkpt>
   <trkpt lat="35.2634960" lon="113.9119200">
    <ele>70.4</ele>
    <time>2025-07-06T23:55:33Z</time>
    <extensions>
     <gpxtpx:TrackPointExtension>
      <gpxtpx:hr>107</gpxtpx:hr>
     </gpxtpx:TrackPointExtension>
    </extensions>
   </trkpt>
   <trkpt lat="35.2634350" lon="113.9119100">
    <ele>70.3</ele>
    <time>2025-07-06T23:55:34Z</time>
    <extensions>
     <gpxtpx:TrackPointExtension>
      <gpxtpx:hr>107</gpxtpx:hr>
     </gpxtpx:TrackPointExtension>
    </extensions>
   </trkpt>
   <trkpt lat="35.2633900" lon="113.9119200">
    <ele>70.2</ele>
    <time>2025-07-06T23:55:35Z</time>
    <extensions>
     <gpxtpx:TrackPointExtension>
      <gpxtpx:hr>107</gpxtpx:hr>
     </gpxtpx:TrackPointExtension>
    </extensions>
   </trkpt>
   <trkpt lat="35.2633320" lon="113.9119300">
    <ele>70.1</ele>
    <time>2025-07-06T23:55:36Z</time>
    <extensions>
     <gpxtpx:TrackPointExtension>
      <gpxtpx:hr>108</gpxtpx:hr>
     </gpxtpx:TrackPointExtension>
    </extensions>
   </trkpt>
   <trkpt lat="35.2632830" lon="113.9119200">
    <ele>70.0</ele>
    <time>2025-07-06T23:55:37Z</time>
    <extensions>
     <gpxtpx:TrackPointExtension>
      <gpxtpx:hr>109</gpxtpx:hr>
     </gpxtpx:TrackPointExtension>
    </extensions>
   </trkpt>
   <trkpt lat="35.2632330" lon="113.9119200">
    <ele>70.0</ele>
    <time>2025-07-06T23:55:38Z</time>
    <extensions>
     <gpxtpx:TrackPointExtension>
      <gpxtpx:hr>109</gpxtpx:hr>
     </gpxtpx:TrackPointExtension>
    </extensions>
   </trkpt>
   <trkpt lat="35.2632330" lon="113.9119200">
    <ele>70.0</ele>
    <time>2025-07-06T23:55:38Z</time>
    <extensions>
     <gpxtpx:TrackPointExtension>
      <gpxtpx:hr>110</gpxtpx:hr>
     </gpxtpx:TrackPointExtension>
    </extensions>
   </trkpt>
   <trkpt lat="35.2631760" lon="113.9119200">
    <ele>69.9</ele>
    <time>2025-07-06T23:55:39Z</time>
    <extensions>
     <gpxtpx:TrackPointExtension>
      <gpxtpx:hr>110</gpxtpx:hr>
     </gpxtpx:TrackPointExtension>
    </extensions>
   </trkpt>
   <trkpt lat="35.2631260" lon="113.9119200">
    <ele>69.9</ele>
    <time>2025-07-06T23:55:40Z</time>
    <extensions>
     <gpxtpx:TrackPointExtension>
      <gpxtpx:hr>110</gpxtpx:hr>
     </gpxtpx:TrackPointExtension>
    </extensions>
   </trkpt>
   <trkpt lat="35.2631260" lon="113.9119200">
    <ele>69.9</ele>
    <time>2025-07-06T23:55:40Z</time>
    <extensions>
     <gpxtpx:TrackPointExtension>
      <gpxtpx:hr>110</gpxtpx:hr>
     </gpxtpx:TrackPointExtension>
    </extensions>
   </trkpt>
   <trkpt lat="35.2630800" lon="113.9119200">
    <ele>69.9</ele>
    <time>2025-07-06T23:55:41Z</time>
    <extensions>
     <gpxtpx:TrackPointExtension>
      <gpxtpx:hr>110</gpxtpx:hr>
     </gpxtpx:TrackPointExtension>
    </extensions>
   </trkpt>
   <trkpt lat="35.2630300" lon="113.9119200">
    <ele>69.9</ele>
    <time>2025-07-06T23:55:42Z</time>
    <extensions>
     <gpxtpx:TrackPointExtension>
      <gpxtpx:hr>111</gpxtpx:hr>
     </gpxtpx:TrackPointExtension>
    </extensions>
   </trkpt>
   <trkpt lat="35.2629740" lon="113.9119340">
    <ele>69.9</ele>
    <time>2025-07-06T23:55:43Z</time>
    <extensions>
     <gpxtpx:TrackPointExtension>
      <gpxtpx:hr>111</gpxtpx:hr>
     </gpxtpx:TrackPointExtension>
    </extensions>
   </trkpt>
   <trkpt lat="35.2629130" lon="113.9119400">
    <ele>69.9</ele>
    <time>2025-07-06T23:55:44Z</time>
    <extensions>
     <gpxtpx:TrackPointExtension>
      <gpxtpx:hr>111</gpxtpx:hr>
     </gpxtpx:TrackPointExtension>
    </extensions>
   </trkpt>
   <trkpt lat="35.2628480" lon="113.9119400">
    <ele>69.9</ele>
    <time>2025-07-06T23:55:45Z</time>
    <extensions>
     <gpxtpx:TrackPointExtension>
      <gpxtpx:hr>111</gpxtpx:hr>
     </gpxtpx:TrackPointExtension>
    </extensions>
   </trkpt>
   <trkpt lat="35.2627900" lon="113.9119400">
    <ele>69.9</ele>
    <time>2025-07-06T23:55:46Z</time>
    <extensions>
     <gpxtpx:TrackPointExtension>
      <gpxtpx:hr>111</gpxtpx:hr>
     </gpxtpx:TrackPointExtension>
    </extensions>
   </trkpt>
   <trkpt lat="35.2627450" lon="113.9119400">
    <ele>69.9</ele>
    <time>2025-07-06T23:55:47Z</time>
    <extensions>
     <gpxtpx:TrackPointExtension>
      <gpxtpx:hr>111</gpxtpx:hr>
     </gpxtpx:TrackPointExtension>
    </extensions>
   </trkpt>
   <trkpt lat="35.2626840" lon="113.9119340">
    <ele>69.9</ele>
    <time>2025-07-06T23:55:48Z</time>
    <extensions>
     <gpxtpx:TrackPointExtension>
      <gpxtpx:hr>111</gpxtpx:hr>
     </gpxtpx:TrackPointExtension>
    </extensions>
   </trkpt>
   <trkpt lat="35.2626840" lon="113.9119340">
    <ele>69.9</ele>
    <time>2025-07-06T23:55:48Z</time>
    <extensions>
     <gpxtpx:TrackPointExtension>
      <gpxtpx:hr>111</gpxtpx:hr>
     </gpxtpx:TrackPointExtension>
    </extensions>
   </trkpt>
   <trkpt lat="35.2626300" lon="113.9119300">
    <ele>69.9</ele>
    <time>2025-07-06T23:55:49Z</time>
    <extensions>
     <gpxtpx:TrackPointExtension>
      <gpxtpx:hr>111</gpxtpx:hr>
     </gpxtpx:TrackPointExtension>
    </extensions>
   </trkpt>
   <trkpt lat="35.2625850" lon="113.9119300">
    <ele>69.9</ele>
    <time>2025-07-06T23:55:50Z</time>
    <extensions>
     <gpxtpx:TrackPointExtension>
      <gpxtpx:hr>112</gpxtpx:hr>
     </gpxtpx:TrackPointExtension>
    </extensions>
   </trkpt>
   <trkpt lat="35.2625430" lon="113.9119200">
    <ele>69.9</ele>
    <time>2025-07-06T23:55:51Z</time>
    <extensions>
     <gpxtpx:TrackPointExtension>
      <gpxtpx:hr>113</gpxtpx:hr>
     </gpxtpx:TrackPointExtension>
    </extensions>
   </trkpt>
   <trkpt lat="35.2625120" lon="113.9119100">
    <ele>69.9</ele>
    <time>2025-07-06T23:55:52Z</time>
    <extensions>
     <gpxtpx:TrackPointExtension>
      <gpxtpx:hr>114</gpxtpx:hr>
     </gpxtpx:TrackPointExtension>
    </extensions>
   </trkpt>
   <trkpt lat="35.2624700" lon="113.9119100">
    <ele>69.9</ele>
    <time>2025-07-06T23:55:53Z</time>
    <extensions>
     <gpxtpx:TrackPointExtension>
      <gpxtpx:hr>114</gpxtpx:hr>
     </gpxtpx:TrackPointExtension>
    </extensions>
   </trkpt>
   <trkpt lat="35.2624200" lon="113.9119100">
    <ele>69.9</ele>
    <time>2025-07-06T23:55:54Z</time>
    <extensions>
     <gpxtpx:TrackPointExtension>
      <gpxtpx:hr>115</gpxtpx:hr>
     </gpxtpx:TrackPointExtension>
    </extensions>
   </trkpt>
   <trkpt lat="35.2623700" lon="113.9119200">
    <ele>69.9</ele>
    <time>2025-07-06T23:55:55Z</time>
    <extensions>
     <gpxtpx:TrackPointExtension>
      <gpxtpx:hr>115</gpxtpx:hr>
     </gpxtpx:TrackPointExtension>
    </extensions>
   </trkpt>
   <trkpt lat="35.2623250" lon="113.9119300">
    <ele>69.9</ele>
    <time>2025-07-06T23:55:56Z</time>
    <extensions>
     <gpxtpx:TrackPointExtension>
      <gpxtpx:hr>115</gpxtpx:hr>
     </gpxtpx:TrackPointExtension>
    </extensions>
   </trkpt>
   <trkpt lat="35.2622680" lon="113.9119300">
    <ele>69.9</ele>
    <time>2025-07-06T23:55:57Z</time>
    <extensions>
     <gpxtpx:TrackPointExtension>
      <gpxtpx:hr>115</gpxtpx:hr>
     </gpxtpx:TrackPointExtension>
    </extensions>
   </trkpt>
   <trkpt lat="35.2622200" lon="113.9119200">
    <ele>69.9</ele>
    <time>2025-07-06T23:55:58Z</time>
    <extensions>
     <gpxtpx:TrackPointExtension>
      <gpxtpx:hr>115</gpxtpx:hr>
     </gpxtpx:TrackPointExtension>
    </extensions>
   </trkpt>
   <trkpt lat="35.2622200" lon="113.9119200">
    <ele>69.9</ele>
    <time>2025-07-06T23:55:58Z</time>
    <extensions>
     <gpxtpx:TrackPointExtension>
      <gpxtpx:hr>115</gpxtpx:hr>
     </gpxtpx:TrackPointExtension>
    </extensions>
   </trkpt>
   <trkpt lat="35.2621700" lon="113.9119100">
    <ele>69.9</ele>
    <time>2025-07-06T23:55:59Z</time>
    <extensions>
     <gpxtpx:TrackPointExtension>
      <gpxtpx:hr>115</gpxtpx:hr>
     </gpxtpx:TrackPointExtension>
    </extensions>
   </trkpt>
   <trkpt lat="35.2621700" lon="113.9119100">
    <ele>69.9</ele>
    <time>2025-07-06T23:55:59Z</time>
    <extensions>
     <gpxtpx:TrackPointExtension>
      <gpxtpx:hr>115</gpxtpx:hr>
     </gpxtpx:TrackPointExtension>
    </extensions>
   </trkpt>
   <trkpt lat="35.2621270" lon="113.9119000">
    <ele>69.8</ele>
    <time>2025-07-06T23:56:00Z</time>
    <extensions>
     <gpxtpx:TrackPointExtension>
      <gpxtpx:hr>116</gpxtpx:hr>
     </gpxtpx:TrackPointExtension>
    </extensions>
   </trkpt>
   <trkpt lat="35.2620930" lon="113.9119000">
    <ele>69.8</ele>
    <time>2025-07-06T23:56:01Z</time>
    <extensions>
     <gpxtpx:TrackPointExtension>
      <gpxtpx:hr>115</gpxtpx:hr>
     </gpxtpx:TrackPointExtension>
    </extensions>
   </trkpt>
   <trkpt lat="35.2620620" lon="113.9118950">
    <ele>69.8</ele>
    <time>2025-07-06T23:56:02Z</time>
    <extensions>
     <gpxtpx:TrackPointExtension>
      <gpxtpx:hr>115</gpxtpx:hr>
     </gpxtpx:TrackPointExtension>
    </extensions>
   </trkpt>
   <trkpt lat="35.2620300" lon="113.9118900">
    <ele>69.8</ele>
    <time>2025-07-06T23:56:03Z</time>
    <extensions>
     <gpxtpx:TrackPointExtension>
      <gpxtpx:hr>115</gpxtpx:hr>
     </gpxtpx:TrackPointExtension>
    </extensions>
   </trkpt>
   <trkpt lat="35.2619820" lon="113.9118700">
    <ele>69.7</ele>
    <time>2025-07-06T23:56:04Z</time>
    <extensions>
     <gpxtpx:TrackPointExtension>
      <gpxtpx:hr>114</gpxtpx:hr>
     </gpxtpx:TrackPointExtension>
    </extensions>
   </trkpt>
   <trkpt lat="35.2619360" lon="113.9118650">
    <ele>69.7</ele>
    <time>2025-07-06T23:56:05Z</time>
    <extensions>
     <gpxtpx:TrackPointExtension>
      <gpxtpx:hr>114</gpxtpx:hr>
     </gpxtpx:TrackPointExtension>
    </extensions>
   </trkpt>
   <trkpt lat="35.2618980" lon="113.9118800">
    <ele>69.7</ele>
    <time>2025-07-06T23:56:06Z</time>
    <extensions>
     <gpxtpx:TrackPointExtension>
      <gpxtpx:hr>113</gpxtpx:hr>
     </gpxtpx:TrackPointExtension>
    </extensions>
   </trkpt>
   <trkpt lat="35.2618500" lon="113.9118900">
    <ele>69.7</ele>
    <time>2025-07-06T23:56:07Z</time>
    <extensions>
     <gpxtpx:TrackPointExtension>
      <gpxtpx:hr>113</gpxtpx:hr>
     </gpxtpx:TrackPointExtension>
    </extensions>
   </trkpt>
   <trkpt lat="35.2617950" lon="113.9118960">
    <ele>69.7</ele>
    <time>2025-07-06T23:56:08Z</time>
    <extensions>
     <gpxtpx:TrackPointExtension>
      <gpxtpx:hr>112</gpxtpx:hr>
     </gpxtpx:TrackPointExtension>
    </extensions>
   </trkpt>
   <trkpt lat="35.2617450" lon="113.9119000">
    <ele>69.7</ele>
    <time>2025-07-06T23:56:09Z</time>
    <extensions>
     <gpxtpx:TrackPointExtension>
      <gpxtpx:hr>112</gpxtpx:hr>
     </gpxtpx:TrackPointExtension>
    </extensions>
   </trkpt>
   <trkpt lat="35.2617450" lon="113.9119000">
    <ele>69.7</ele>
    <time>2025-07-06T23:56:09Z</time>
    <extensions>
     <gpxtpx:TrackPointExtension>
      <gpxtpx:hr>112</gpxtpx:hr>
     </gpxtpx:TrackPointExtension>
    </extensions>
   </trkpt>
   <trkpt lat="35.2617070" lon="113.9118960">
    <ele>69.6</ele>
    <time>2025-07-06T23:56:10Z</time>
    <extensions>
     <gpxtpx:TrackPointExtension>
      <gpxtpx:hr>112</gpxtpx:hr>
     </gpxtpx:TrackPointExtension>
    </extensions>
   </trkpt>
   <trkpt lat="35.2616500" lon="113.9119000">
    <ele>69.6</ele>
    <time>2025-07-06T23:56:11Z</time>
    <extensions>
     <gpxtpx:TrackPointExtension>
      <gpxtpx:hr>112</gpxtpx:hr>
     </gpxtpx:TrackPointExtension>
    </extensions>
   </trkpt>
   <trkpt lat="35.2615970" lon="113.9119100">
    <ele>69.7</ele>
    <time>2025-07-06T23:56:12Z</time>
    <extensions>
     <gpxtpx:TrackPointExtension>
      <gpxtpx:hr>113</gpxtpx:hr>
     </gpxtpx:TrackPointExtension>
    </extensions>
   </trkpt>
   <trkpt lat="35.2615500" lon="113.9119200">
    <ele>69.7</ele>
    <time>2025-07-06T23:56:13Z</time>
    <extensions>
     <gpxtpx:TrackPointExtension>
      <gpxtpx:hr>112</gpxtpx:hr>
     </gpxtpx:TrackPointExtension>
    </extensions>
   </trkpt>
   <trkpt lat="35.2614970" lon="113.9119200">
    <ele>69.7</ele>
    <time>2025-07-06T23:56:14Z</time>
    <extensions>
     <gpxtpx:TrackPointExtension>
      <gpxtpx:hr>112</gpxtpx:hr>
     </gpxtpx:TrackPointExtension>
    </extensions>
   </trkpt>
   <trkpt lat="35.2614500" lon="113.9119300">
    <ele>69.7</ele>
    <time>2025-07-06T23:56:15Z</time>
    <extensions>
     <gpxtpx:TrackPointExtension>
      <gpxtpx:hr>112</gpxtpx:hr>
     </gpxtpx:TrackPointExtension>
    </extensions>
   </trkpt>
   <trkpt lat="35.2614000" lon="113.9119340">
    <ele>69.8</ele>
    <time>2025-07-06T23:56:16Z</time>
    <extensions>
     <gpxtpx:TrackPointExtension>
      <gpxtpx:hr>112</gpxtpx:hr>
     </gpxtpx:TrackPointExtension>
    </extensions>
   </trkpt>
   <trkpt lat="35.2613500" lon="113.9119340">
    <ele>69.8</ele>
    <time>2025-07-06T23:56:17Z</time>
    <extensions>
     <gpxtpx:TrackPointExtension>
      <gpxtpx:hr>112</gpxtpx:hr>
     </gpxtpx:TrackPointExtension>
    </extensions>
   </trkpt>
   <trkpt lat="35.2613500" lon="113.9119340">
    <ele>69.8</ele>
    <time>2025-07-06T23:56:17Z</time>
    <extensions>
     <gpxtpx:TrackPointExtension>
      <gpxtpx:hr>111</gpxtpx:hr>
     </gpxtpx:TrackPointExtension>
    </extensions>
   </trkpt>
   <trkpt lat="35.2612950" lon="113.9118960">
    <ele>69.9</ele>
    <time>2025-07-06T23:56:18Z</time>
    <extensions>
     <gpxtpx:TrackPointExtension>
      <gpxtpx:hr>111</gpxtpx:hr>
     </gpxtpx:TrackPointExtension>
    </extensions>
   </trkpt>
   <trkpt lat="35.2612460" lon="113.9119100">
    <ele>69.9</ele>
    <time>2025-07-06T23:56:19Z</time>
    <extensions>
     <gpxtpx:TrackPointExtension>
      <gpxtpx:hr>111</gpxtpx:hr>
     </gpxtpx:TrackPointExtension>
    </extensions>
   </trkpt>
   <trkpt lat="35.2612460" lon="113.9119100">
    <ele>69.9</ele>
    <time>2025-07-06T23:56:19Z</time>
    <extensions>
     <gpxtpx:TrackPointExtension>
      <gpxtpx:hr>111</gpxtpx:hr>
     </gpxtpx:TrackPointExtension>
    </extensions>
   </trkpt>
   <trkpt lat="35.2611850" lon="113.9119200">
    <ele>69.9</ele>
    <time>2025-07-06T23:56:20Z</time>
    <extensions>
     <gpxtpx:TrackPointExtension>
      <gpxtpx:hr>111</gpxtpx:hr>
     </gpxtpx:TrackPointExtension>
    </extensions>
   </trkpt>
   <trkpt lat="35.2611400" lon="113.9119300">
    <ele>70.0</ele>
    <time>2025-07-06T23:56:21Z</time>
    <extensions>
     <gpxtpx:TrackPointExtension>
      <gpxtpx:hr>111</gpxtpx:hr>
     </gpxtpx:TrackPointExtension>
    </extensions>
   </trkpt>
   <trkpt lat="35.2610970" lon="113.9119300">
    <ele>70.0</ele>
    <time>2025-07-06T23:56:22Z</time>
    <extensions>
     <gpxtpx:TrackPointExtension>
      <gpxtpx:hr>111</gpxtpx:hr>
     </gpxtpx:TrackPointExtension>
    </extensions>
   </trkpt>
   <trkpt lat="35.2610470" lon="113.9119100">
    <ele>70.0</ele>
    <time>2025-07-06T23:56:23Z</time>
    <extensions>
     <gpxtpx:TrackPointExtension>
      <gpxtpx:hr>111</gpxtpx:hr>
     </gpxtpx:TrackPointExtension>
    </extensions>
   </trkpt>
   <trkpt lat="35.2609940" lon="113.9118960">
    <ele>70.1</ele>
    <time>2025-07-06T23:56:24Z</time>
    <extensions>
     <gpxtpx:TrackPointExtension>
      <gpxtpx:hr>111</gpxtpx:hr>
     </gpxtpx:TrackPointExtension>
    </extensions>
   </trkpt>
   <trkpt lat="35.2609600" lon="113.9118960">
    <ele>70.1</ele>
    <time>2025-07-06T23:56:25Z</time>
    <extensions>
     <gpxtpx:TrackPointExtension>
      <gpxtpx:hr>111</gpxtpx:hr>
     </gpxtpx:TrackPointExtension>
    </extensions>
   </trkpt>
   <trkpt lat="35.2609250" lon="113.9118960">
    <ele>70.1</ele>
    <time>2025-07-06T23:56:26Z</time>
    <extensions>
     <gpxtpx:TrackPointExtension>
      <gpxtpx:hr>111</gpxtpx:hr>
     </gpxtpx:TrackPointExtension>
    </extensions>
   </trkpt>
   <trkpt lat="35.2608800" lon="113.9118900">
    <ele>70.1</ele>
    <time>2025-07-06T23:56:27Z</time>
    <extensions>
     <gpxtpx:TrackPointExtension>
      <gpxtpx:hr>110</gpxtpx:hr>
     </gpxtpx:TrackPointExtension>
    </extensions>
   </trkpt>
   <trkpt lat="35.2608300" lon="113.9118800">
    <ele>70.1</ele>
    <time>2025-07-06T23:56:28Z</time>
    <extensions>
     <gpxtpx:TrackPointExtension>
      <gpxtpx:hr>110</gpxtpx:hr>
     </gpxtpx:TrackPointExtension>
    </extensions>
   </trkpt>
   <trkpt lat="35.2607900" lon="113.9118800">
    <ele>70.0</ele>
    <time>2025-07-06T23:56:29Z</time>
    <extensions>
     <gpxtpx:TrackPointExtension>
      <gpxtpx:hr>110</gpxtpx:hr>
     </gpxtpx:TrackPointExtension>
    </extensions>
   </trkpt>
   <trkpt lat="35.2607900" lon="113.9118800">
    <ele>70.0</ele>
    <time>2025-07-06T23:56:29Z</time>
    <extensions>
     <gpxtpx:TrackPointExtension>
      <gpxtpx:hr>111</gpxtpx:hr>
     </gpxtpx:TrackPointExtension>
    </extensions>
   </trkpt>
   <trkpt lat="35.2607350" lon="113.9118700">
    <ele>70.0</ele>
    <time>2025-07-06T23:56:30Z</time>
    <extensions>
     <gpxtpx:TrackPointExtension>
      <gpxtpx:hr>111</gpxtpx:hr>
     </gpxtpx:TrackPointExtension>
    </extensions>
   </trkpt>
   <trkpt lat="35.2606770" lon="113.9118600">
    <ele>69.9</ele>
    <time>2025-07-06T23:56:31Z</time>
    <extensions>
     <gpxtpx:TrackPointExtension>
      <gpxtpx:hr>112</gpxtpx:hr>
     </gpxtpx:TrackPointExtension>
    </extensions>
   </trkpt>
   <trkpt lat="35.2606300" lon="113.9118500">
    <ele>69.9</ele>
    <time>2025-07-06T23:56:32Z</time>
    <extensions>
     <gpxtpx:TrackPointExtension>
      <gpxtpx:hr>112</gpxtpx:hr>
     </gpxtpx:TrackPointExtension>
    </extensions>
   </trkpt>
   <trkpt lat="35.2605970" lon="113.9118650">
    <ele>69.9</ele>
    <time>2025-07-06T23:56:33Z</time>
    <extensions>
     <gpxtpx:TrackPointExtension>
      <gpxtpx:hr>112</gpxtpx:hr>
     </gpxtpx:TrackPointExtension>
    </extensions>
   </trkpt>
   <trkpt lat="35.2605550" lon="113.9118600">
    <ele>69.9</ele>
    <time>2025-07-06T23:56:34Z</time>
    <extensions>
     <gpxtpx:TrackPointExtension>
      <gpxtpx:hr>113</gpxtpx:hr>
     </gpxtpx:TrackPointExtension>
    </extensions>
   </trkpt>
   <trkpt lat="35.2605170" lon="113.9118650">
    <ele>69.9</ele>
    <time>2025-07-06T23:56:35Z</time>
    <extensions>
     <gpxtpx:TrackPointExtension>
      <gpxtpx:hr>113</gpxtpx:hr>
     </gpxtpx:TrackPointExtension>
    </extensions>
   </trkpt>
   <trkpt lat="35.2604680" lon="113.9118650">
    <ele>69.9</ele>
    <time>2025-07-06T23:56:36Z</time>
    <extensions>
     <gpxtpx:TrackPointExtension>
      <gpxtpx:hr>113</gpxtpx:hr>
     </gpxtpx:TrackPointExtension>
    </extensions>
   </trkpt>
   <trkpt lat="35.2604680" lon="113.9118650">
    <ele>69.9</ele>
    <time>2025-07-06T23:56:36Z</time>
    <extensions>
     <gpxtpx:TrackPointExtension>
      <gpxtpx:hr>113</gpxtpx:hr>
     </gpxtpx:TrackPointExtension>
    </extensions>
   </trkpt>
   <trkpt lat="35.2604140" lon="113.9118650">
    <ele>70.0</ele>
    <time>2025-07-06T23:56:37Z</time>
    <extensions>
     <gpxtpx:TrackPointExtension>
      <gpxtpx:hr>113</gpxtpx:hr>
     </gpxtpx:TrackPointExtension>
    </extensions>
   </trkpt>
   <trkpt lat="35.2603650" lon="113.9118700">
    <ele>70.0</ele>
    <time>2025-07-06T23:56:38Z</time>
    <extensions>
     <gpxtpx:TrackPointExtension>
      <gpxtpx:hr>113</gpxtpx:hr>
     </gpxtpx:TrackPointExtension>
    </extensions>
   </trkpt>
   <trkpt lat="35.2603070" lon="113.9118800">
    <ele>70.1</ele>
    <time>2025-07-06T23:56:39Z</time>
    <extensions>
     <gpxtpx:TrackPointExtension>
      <gpxtpx:hr>113</gpxtpx:hr>
     </gpxtpx:TrackPointExtension>
    </extensions>
   </trkpt>
   <trkpt lat="35.2603070" lon="113.9118800">
    <ele>70.1</ele>
    <time>2025-07-06T23:56:39Z</time>
    <extensions>
     <gpxtpx:TrackPointExtension>
      <gpxtpx:hr>113</gpxtpx:hr>
     </gpxtpx:TrackPointExtension>
    </extensions>
   </trkpt>
   <trkpt lat="35.2602500" lon="113.9118700">
    <ele>70.2</ele>
    <time>2025-07-06T23:56:40Z</time>
    <extensions>
     <gpxtpx:TrackPointExtension>
      <gpxtpx:hr>113</gpxtpx:hr>
     </gpxtpx:TrackPointExtension>
    </extensions>
   </trkpt>
   <trkpt lat="35.2602120" lon="113.9118700">
    <ele>70.3</ele>
    <time>2025-07-06T23:56:41Z</time>
    <extensions>
     <gpxtpx:TrackPointExtension>
      <gpxtpx:hr>112</gpxtpx:hr>
     </gpxtpx:TrackPointExtension>
    </extensions>
   </trkpt>
   <trkpt lat="35.2601800" lon="113.9118700">
    <ele>70.4</ele>
    <time>2025-07-06T23:56:42Z</time>
    <extensions>
     <gpxtpx:TrackPointExtension>
      <gpxtpx:hr>112</gpxtpx:hr>
     </gpxtpx:TrackPointExtension>
    </extensions>
   </trkpt>
   <trkpt lat="35.2601400" lon="113.9118700">
    <ele>70.5</ele>
    <time>2025-07-06T23:56:43Z</time>
    <extensions>
     <gpxtpx:TrackPointExtension>
      <gpxtpx:hr>112</gpxtpx:hr>
     </gpxtpx:TrackPointExtension>
    </extensions>
   </trkpt>
   <trkpt lat="35.2601130" lon="113.9118700">
    <ele>70.6</ele>
    <time>2025-07-06T23:56:44Z</time>
    <extensions>
     <gpxtpx:TrackPointExtension>
      <gpxtpx:hr>112</gpxtpx:hr>
     </gpxtpx:TrackPointExtension>
    </extensions>
   </trkpt>
   <trkpt lat="35.2600800" lon="113.9118650">
    <ele>70.7</ele>
    <time>2025-07-06T23:56:45Z</time>
    <extensions>
     <gpxtpx:TrackPointExtension>
      <gpxtpx:hr>112</gpxtpx:hr>
     </gpxtpx:TrackPointExtension>
    </extensions>
   </trkpt>
   <trkpt lat="35.2600630" lon="113.9118650">
    <ele>70.8</ele>
    <time>2025-07-06T23:56:46Z</time>
    <extensions>
     <gpxtpx:TrackPointExtension>
      <gpxtpx:hr>112</gpxtpx:hr>
     </gpxtpx:TrackPointExtension>
    </extensions>
   </trkpt>
   <trkpt lat="35.2600250" lon="113.9118650">
    <ele>70.9</ele>
    <time>2025-07-06T23:56:47Z</time>
    <extensions>
     <gpxtpx:TrackPointExtension>
      <gpxtpx:hr>112</gpxtpx:hr>
     </gpxtpx:TrackPointExtension>
    </extensions>
   </trkpt>
   <trkpt lat="35.2599950" lon="113.9118650">
    <ele>71.0</ele>
    <time>2025-07-06T23:56:48Z</time>
    <extensions>
     <gpxtpx:TrackPointExtension>
      <gpxtpx:hr>111</gpxtpx:hr>
     </gpxtpx:TrackPointExtension>
    </extensions>
   </trkpt>
   <trkpt lat="35.2599560" lon="113.9118650">
    <ele>71.2</ele>
    <time>2025-07-06T23:56:49Z</time>
    <extensions>
     <gpxtpx:TrackPointExtension>
      <gpxtpx:hr>111</gpxtpx:hr>
     </gpxtpx:TrackPointExtension>
    </extensions>
   </trkpt>
   <trkpt lat="35.2599560" lon="113.9118650">
    <ele>71.2</ele>
    <time>2025-07-06T23:56:49Z</time>
    <extensions>
     <gpxtpx:TrackPointExtension>
      <gpxtpx:hr>111</gpxtpx:hr>
     </gpxtpx:TrackPointExtension>
    </extensions>
   </trkpt>
   <trkpt lat="35.2598800" lon="113.9118650">
    <ele>71.5</ele>
    <time>2025-07-06T23:56:50Z</time>
    <extensions>
     <gpxtpx:TrackPointExtension>
      <gpxtpx:hr>110</gpxtpx:hr>
     </gpxtpx:TrackPointExtension>
    </extensions>
   </trkpt>
   <trkpt lat="35.2598500" lon="113.9118600">
    <ele>71.6</ele>
    <time>2025-07-06T23:56:51Z</time>
    <extensions>
     <gpxtpx:TrackPointExtension>
      <gpxtpx:hr>110</gpxtpx:hr>
     </gpxtpx:TrackPointExtension>
    </extensions>
   </trkpt>
   <trkpt lat="35.2598100" lon="113.9118600">
    <ele>71.8</ele>
    <time>2025-07-06T23:56:52Z</time>
    <extensions>
     <gpxtpx:TrackPointExtension>
      <gpxtpx:hr>110</gpxtpx:hr>
     </gpxtpx:TrackPointExtension>
    </extensions>
   </trkpt>
   <trkpt lat="35.2597730" lon="113.9118700">
    <ele>72.0</ele>
    <time>2025-07-06T23:56:53Z</time>
    <extensions>
     <gpxtpx:TrackPointExtension>
      <gpxtpx:hr>110</gpxtpx:hr>
     </gpxtpx:TrackPointExtension>
    </extensions>
   </trkpt>
   <trkpt lat="35.2597430" lon="113.9118800">
    <ele>72.1</ele>
    <time>2025-07-06T23:56:54Z</time>
    <extensions>
     <gpxtpx:TrackPointExtension>
      <gpxtpx:hr>111</gpxtpx:hr>
     </gpxtpx:TrackPointExtension>
    </extensions>
   </trkpt>
   <trkpt lat="35.2597160" lon="113.9119000">
    <ele>72.3</ele>
    <time>2025-07-06T23:56:55Z</time>
    <extensions>
     <gpxtpx:TrackPointExtension>
      <gpxtpx:hr>111</gpxtpx:hr>
     </gpxtpx:TrackPointExtension>
    </extensions>
   </trkpt>
   <trkpt lat="35.2597000" lon="113.9119400">
    <ele>72.4</ele>
    <time>2025-07-06T23:56:56Z</time>
    <extensions>
     <gpxtpx:TrackPointExtension>
      <gpxtpx:hr>111</gpxtpx:hr>
     </gpxtpx:TrackPointExtension>
    </extensions>
   </trkpt>
   <trkpt lat="35.2596660" lon="113.9119800">
    <ele>72.6</ele>
    <time>2025-07-06T23:56:57Z</time>
    <extensions>
     <gpxtpx:TrackPointExtension>
      <gpxtpx:hr>112</gpxtpx:hr>
     </gpxtpx:TrackPointExtension>
    </extensions>
   </trkpt>
   <trkpt lat="35.2596300" lon="113.9120250">
    <ele>72.8</ele>
    <time>2025-07-06T23:56:58Z</time>
    <extensions>
     <gpxtpx:TrackPointExtension>
      <gpxtpx:hr>111</gpxtpx:hr>
     </gpxtpx:TrackPointExtension>
    </extensions>
   </trkpt>
   <trkpt lat="35.2596170" lon="113.9120600">
    <ele>72.9</ele>
    <time>2025-07-06T23:56:59Z</time>
    <extensions>
     <gpxtpx:TrackPointExtension>
      <gpxtpx:hr>111</gpxtpx:hr>
     </gpxtpx:TrackPointExtension>
    </extensions>
   </trkpt>
   <trkpt lat="35.2596170" lon="113.9120600">
    <ele>72.9</ele>
    <time>2025-07-06T23:56:59Z</time>
    <extensions>
     <gpxtpx:TrackPointExtension>
      <gpxtpx:hr>111</gpxtpx:hr>
     </gpxtpx:TrackPointExtension>
    </extensions>
   </trkpt>
   <trkpt lat="35.2596000" lon="113.9120940">
    <ele>73.0</ele>
    <time>2025-07-06T23:57:00Z</time>
    <extensions>
     <gpxtpx:TrackPointExtension>
      <gpxtpx:hr>111</gpxtpx:hr>
     </gpxtpx:TrackPointExtension>
    </extensions>
   </trkpt>
   <trkpt lat="35.2596000" lon="113.9120940">
    <ele>73.0</ele>
    <time>2025-07-06T23:57:00Z</time>
    <extensions>
     <gpxtpx:TrackPointExtension>
      <gpxtpx:hr>111</gpxtpx:hr>
     </gpxtpx:TrackPointExtension>
    </extensions>
   </trkpt>
   <trkpt lat="35.2595750" lon="113.9121300">
    <ele>73.2</ele>
    <time>2025-07-06T23:57:01Z</time>
    <extensions>
     <gpxtpx:TrackPointExtension>
      <gpxtpx:hr>111</gpxtpx:hr>
     </gpxtpx:TrackPointExtension>
    </extensions>
   </trkpt>
   <trkpt lat="35.2595560" lon="113.9121600">
    <ele>73.2</ele>
    <time>2025-07-06T23:57:02Z</time>
    <extensions>
     <gpxtpx:TrackPointExtension>
      <gpxtpx:hr>111</gpxtpx:hr>
     </gpxtpx:TrackPointExtension>
    </extensions>
   </trkpt>
   <trkpt lat="35.2595500" lon="113.9122100">
    <ele>73.3</ele>
    <time>2025-07-06T23:57:03Z</time>
    <extensions>
     <gpxtpx:TrackPointExtension>
      <gpxtpx:hr>111</gpxtpx:hr>
     </gpxtpx:TrackPointExtension>
    </extensions>
   </trkpt>
   <trkpt lat="35.2595250" lon="113.9122400">
    <ele>73.3</ele>
    <time>2025-07-06T23:57:04Z</time>
    <extensions>
     <gpxtpx:TrackPointExtension>
      <gpxtpx:hr>110</gpxtpx:hr>
     </gpxtpx:TrackPointExtension>
    </extensions>
   </trkpt>
   <trkpt lat="35.2595300" lon="113.9122850">
    <ele>73.3</ele>
    <time>2025-07-06T23:57:05Z</time>
    <extensions>
     <gpxtpx:TrackPointExtension>
      <gpxtpx:hr>110</gpxtpx:hr>
     </gpxtpx:TrackPointExtension>
    </extensions>
   </trkpt>
   <trkpt lat="35.2595200" lon="113.9123200">
    <ele>73.3</ele>
    <time>2025-07-06T23:57:06Z</time>
    <extensions>
     <gpxtpx:TrackPointExtension>
      <gpxtpx:hr>109</gpxtpx:hr>
     </gpxtpx:TrackPointExtension>
    </extensions>
   </trkpt>
   <trkpt lat="35.2595300" lon="113.9123800">
    <ele>73.3</ele>
    <time>2025-07-06T23:57:07Z</time>
    <extensions>
     <gpxtpx:TrackPointExtension>
      <gpxtpx:hr>109</gpxtpx:hr>
     </gpxtpx:TrackPointExtension>
    </extensions>
   </trkpt>
   <trkpt lat="35.2595300" lon="113.9124300">
    <ele>73.2</ele>
    <time>2025-07-06T23:57:08Z</time>
    <extensions>
     <gpxtpx:TrackPointExtension>
      <gpxtpx:hr>109</gpxtpx:hr>
     </gpxtpx:TrackPointExtension>
    </extensions>
   </trkpt>
   <trkpt lat="35.2595440" lon="113.9124800">
    <ele>73.2</ele>
    <time>2025-07-06T23:57:09Z</time>
    <extensions>
     <gpxtpx:TrackPointExtension>
      <gpxtpx:hr>109</gpxtpx:hr>
     </gpxtpx:TrackPointExtension>
    </extensions>
   </trkpt>
   <trkpt lat="35.2595440" lon="113.9124800">
    <ele>73.2</ele>
    <time>2025-07-06T23:57:09Z</time>
    <extensions>
     <gpxtpx:TrackPointExtension>
      <gpxtpx:hr>110</gpxtpx:hr>
     </gpxtpx:TrackPointExtension>
    </extensions>
   </trkpt>
   <trkpt lat="35.2595500" lon="113.9125300">
    <ele>73.2</ele>
    <time>2025-07-06T23:57:10Z</time>
    <extensions>
     <gpxtpx:TrackPointExtension>
      <gpxtpx:hr>110</gpxtpx:hr>
     </gpxtpx:TrackPointExtension>
    </extensions>
   </trkpt>
   <trkpt lat="35.2595500" lon="113.9125700">
    <ele>73.1</ele>
    <time>2025-07-06T23:57:11Z</time>
    <extensions>
     <gpxtpx:TrackPointExtension>
      <gpxtpx:hr>110</gpxtpx:hr>
     </gpxtpx:TrackPointExtension>
    </extensions>
   </trkpt>
   <trkpt lat="35.2595400" lon="113.9126050">
    <ele>73.1</ele>
    <time>2025-07-06T23:57:12Z</time>
    <extensions>
     <gpxtpx:TrackPointExtension>
      <gpxtpx:hr>110</gpxtpx:hr>
     </gpxtpx:TrackPointExtension>
    </extensions>
   </trkpt>
   <trkpt lat="35.2595400" lon="113.9126500">
    <ele>73.1</ele>
    <time>2025-07-06T23:57:13Z</time>
    <extensions>
     <gpxtpx:TrackPointExtension>
      <gpxtpx:hr>110</gpxtpx:hr>
     </gpxtpx:TrackPointExtension>
    </extensions>
   </trkpt>
   <trkpt lat="35.2595500" lon="113.9127200">
    <ele>73.1</ele>
    <time>2025-07-06T23:57:14Z</time>
    <extensions>
     <gpxtpx:TrackPointExtension>
      <gpxtpx:hr>110</gpxtpx:hr>
     </gpxtpx:TrackPointExtension>
    </extensions>
   </trkpt>
   <trkpt lat="35.2595330" lon="113.9127600">
    <ele>73.1</ele>
    <time>2025-07-06T23:57:15Z</time>
    <extensions>
     <gpxtpx:TrackPointExtension>
      <gpxtpx:hr>110</gpxtpx:hr>
     </gpxtpx:TrackPointExtension>
    </extensions>
   </trkpt>
   <trkpt lat="35.2595200" lon="113.9128000">
    <ele>73.1</ele>
    <time>2025-07-06T23:57:16Z</time>
    <extensions>
     <gpxtpx:TrackPointExtension>
      <gpxtpx:hr>110</gpxtpx:hr>
     </gpxtpx:TrackPointExtension>
    </extensions>
   </trkpt>
   <trkpt lat="35.2595100" lon="113.9128600">
    <ele>73.1</ele>
    <time>2025-07-06T23:57:17Z</time>
    <extensions>
     <gpxtpx:TrackPointExtension>
      <gpxtpx:hr>110</gpxtpx:hr>
     </gpxtpx:TrackPointExtension>
    </extensions>
   </trkpt>
   <trkpt lat="35.2595060" lon="113.9128950">
    <ele>73.0</ele>
    <time>2025-07-06T23:57:18Z</time>
    <extensions>
     <gpxtpx:TrackPointExtension>
      <gpxtpx:hr>110</gpxtpx:hr>
     </gpxtpx:TrackPointExtension>
    </extensions>
   </trkpt>
   <trkpt lat="35.2595060" lon="113.9128950">
    <ele>73.0</ele>
    <time>2025-07-06T23:57:18Z</time>
    <extensions>
     <gpxtpx:TrackPointExtension>
      <gpxtpx:hr>110</gpxtpx:hr>
     </gpxtpx:TrackPointExtension>
    </extensions>
   </trkpt>
   <trkpt lat="35.2595140" lon="113.9129500">
    <ele>73.0</ele>
    <time>2025-07-06T23:57:19Z</time>
    <extensions>
     <gpxtpx:TrackPointExtension>
      <gpxtpx:hr>111</gpxtpx:hr>
     </gpxtpx:TrackPointExtension>
    </extensions>
   </trkpt>
   <trkpt lat="35.2595250" lon="113.9129900">
    <ele>73.0</ele>
    <time>2025-07-06T23:57:20Z</time>
    <extensions>
     <gpxtpx:TrackPointExtension>
      <gpxtpx:hr>112</gpxtpx:hr>
     </gpxtpx:TrackPointExtension>
    </extensions>
   </trkpt>
   <trkpt lat="35.2595370" lon="113.9130300">
    <ele>73.0</ele>
    <time>2025-07-06T23:57:21Z</time>
    <extensions>
     <gpxtpx:TrackPointExtension>
      <gpxtpx:hr>113</gpxtpx:hr>
     </gpxtpx:TrackPointExtension>
    </extensions>
   </trkpt>
   <trkpt lat="35.2595370" lon="113.9130800">
    <ele>73.0</ele>
    <time>2025-07-06T23:57:22Z</time>
    <extensions>
     <gpxtpx:TrackPointExtension>
      <gpxtpx:hr>113</gpxtpx:hr>
     </gpxtpx:TrackPointExtension>
    </extensions>
   </trkpt>
   <trkpt lat="35.2595370" lon="113.9130800">
    <ele>73.0</ele>
    <time>2025-07-06T23:57:22Z</time>
    <extensions>
     <gpxtpx:TrackPointExtension>
      <gpxtpx:hr>113</gpxtpx:hr>
     </gpxtpx:TrackPointExtension>
    </extensions>
   </trkpt>
   <trkpt lat="35.2595300" lon="113.9131300">
    <ele>73.0</ele>
    <time>2025-07-06T23:57:23Z</time>
    <extensions>
     <gpxtpx:TrackPointExtension>
      <gpxtpx:hr>113</gpxtpx:hr>
     </gpxtpx:TrackPointExtension>
    </extensions>
   </trkpt>
   <trkpt lat="35.2595300" lon="113.9131900">
    <ele>73.0</ele>
    <time>2025-07-06T23:57:24Z</time>
    <extensions>
     <gpxtpx:TrackPointExtension>
      <gpxtpx:hr>114</gpxtpx:hr>
     </gpxtpx:TrackPointExtension>
    </extensions>
   </trkpt>
   <trkpt lat="35.2595300" lon="113.9132460">
    <ele>73.0</ele>
    <time>2025-07-06T23:57:25Z</time>
    <extensions>
     <gpxtpx:TrackPointExtension>
      <gpxtpx:hr>114</gpxtpx:hr>
     </gpxtpx:TrackPointExtension>
    </extensions>
   </trkpt>
   <trkpt lat="35.2595330" lon="113.9133100">
    <ele>73.0</ele>
    <time>2025-07-06T23:57:26Z</time>
    <extensions>
     <gpxtpx:TrackPointExtension>
      <gpxtpx:hr>114</gpxtpx:hr>
     </gpxtpx:TrackPointExtension>
    </extensions>
   </trkpt>
   <trkpt lat="35.2595300" lon="113.9133600">
    <ele>73.0</ele>
    <time>2025-07-06T23:57:27Z</time>
    <extensions>
     <gpxtpx:TrackPointExtension>
      <gpxtpx:hr>115</gpxtpx:hr>
     </gpxtpx:TrackPointExtension>
    </extensions>
   </trkpt>
   <trkpt lat="35.2595140" lon="113.9134300">
    <ele>73.0</ele>
    <time>2025-07-06T23:57:28Z</time>
    <extensions>
     <gpxtpx:TrackPointExtension>
      <gpxtpx:hr>115</gpxtpx:hr>
     </gpxtpx:TrackPointExtension>
    </extensions>
   </trkpt>
   <trkpt lat="35.2595140" lon="113.9134300">
    <ele>73.0</ele>
    <time>2025-07-06T23:57:28Z</time>
    <extensions>
     <gpxtpx:TrackPointExtension>
      <gpxtpx:hr>114</gpxtpx:hr>
     </gpxtpx:TrackPointExtension>
    </extensions>
   </trkpt>
   <trkpt lat="35.2595180" lon="113.9134800">
    <ele>73.1</ele>
    <time>2025-07-06T23:57:29Z</time>
    <extensions>
     <gpxtpx:TrackPointExtension>
      <gpxtpx:hr>113</gpxtpx:hr>
     </gpxtpx:TrackPointExtension>
    </extensions>
   </trkpt>
   <trkpt lat="35.2595140" lon="113.9135300">
    <ele>73.1</ele>
    <time>2025-07-06T23:57:30Z</time>
    <extensions>
     <gpxtpx:TrackPointExtension>
      <gpxtpx:hr>112</gpxtpx:hr>
     </gpxtpx:TrackPointExtension>
    </extensions>
   </trkpt>
   <trkpt lat="35.2595140" lon="113.9135740">
    <ele>73.1</ele>
    <time>2025-07-06T23:57:31Z</time>
    <extensions>
     <gpxtpx:TrackPointExtension>
      <gpxtpx:hr>112</gpxtpx:hr>
     </gpxtpx:TrackPointExtension>
    </extensions>
   </trkpt>
   <trkpt lat="35.2595180" lon="113.9136200">
    <ele>73.1</ele>
    <time>2025-07-06T23:57:32Z</time>
    <extensions>
     <gpxtpx:TrackPointExtension>
      <gpxtpx:hr>111</gpxtpx:hr>
     </gpxtpx:TrackPointExtension>
    </extensions>
   </trkpt>
   <trkpt lat="35.2595200" lon="113.9136800">
    <ele>73.2</ele>
    <time>2025-07-06T23:57:33Z</time>
    <extensions>
     <gpxtpx:TrackPointExtension>
      <gpxtpx:hr>111</gpxtpx:hr>
     </gpxtpx:TrackPointExtension>
    </extensions>
   </trkpt>
   <trkpt lat="35.2595180" lon="113.9137340">
    <ele>73.2</ele>
    <time>2025-07-06T23:57:34Z</time>
    <extensions>
     <gpxtpx:TrackPointExtension>
      <gpxtpx:hr>110</gpxtpx:hr>
     </gpxtpx:TrackPointExtension>
    </extensions>
   </trkpt>
   <trkpt lat="35.2595140" lon="113.9137800">
    <ele>73.2</ele>
    <time>2025-07-06T23:57:35Z</time>
    <extensions>
     <gpxtpx:TrackPointExtension>
      <gpxtpx:hr>110</gpxtpx:hr>
     </gpxtpx:TrackPointExtension>
    </extensions>
   </trkpt>
   <trkpt lat="35.2595100" lon="113.9138260">
    <ele>73.2</ele>
    <time>2025-07-06T23:57:36Z</time>
    <extensions>
     <gpxtpx:TrackPointExtension>
      <gpxtpx:hr>111</gpxtpx:hr>
     </gpxtpx:TrackPointExtension>
    </extensions>
   </trkpt>
   <trkpt lat="35.2595100" lon="113.9138800">
    <ele>73.2</ele>
    <time>2025-07-06T23:57:37Z</time>
    <extensions>
     <gpxtpx:TrackPointExtension>
      <gpxtpx:hr>111</gpxtpx:hr>
     </gpxtpx:TrackPointExtension>
    </extensions>
   </trkpt>
   <trkpt lat="35.2595200" lon="113.9139500">
    <ele>73.2</ele>
    <time>2025-07-06T23:57:38Z</time>
    <extensions>
     <gpxtpx:TrackPointExtension>
      <gpxtpx:hr>111</gpxtpx:hr>
     </gpxtpx:TrackPointExtension>
    </extensions>
   </trkpt>
   <trkpt lat="35.2595200" lon="113.9139500">
    <ele>73.2</ele>
    <time>2025-07-06T23:57:38Z</time>
    <extensions>
     <gpxtpx:TrackPointExtension>
      <gpxtpx:hr>111</gpxtpx:hr>
     </gpxtpx:TrackPointExtension>
    </extensions>
   </trkpt>
   <trkpt lat="35.2595250" lon="113.9140100">
    <ele>73.1</ele>
    <time>2025-07-06T23:57:39Z</time>
    <extensions>
     <gpxtpx:TrackPointExtension>
      <gpxtpx:hr>112</gpxtpx:hr>
     </gpxtpx:TrackPointExtension>
    </extensions>
   </trkpt>
   <trkpt lat="35.2595400" lon="113.9140700">
    <ele>73.1</ele>
    <time>2025-07-06T23:57:40Z</time>
    <extensions>
     <gpxtpx:TrackPointExtension>
      <gpxtpx:hr>112</gpxtpx:hr>
     </gpxtpx:TrackPointExtension>
    </extensions>
   </trkpt>
   <trkpt lat="35.2595500" lon="113.9141160">
    <ele>73.1</ele>
    <time>2025-07-06T23:57:41Z</time>
    <extensions>
     <gpxtpx:TrackPointExtension>
      <gpxtpx:hr>113</gpxtpx:hr>
     </gpxtpx:TrackPointExtension>
    </extensions>
   </trkpt>
   <trkpt lat="35.2595370" lon="113.9141600">
    <ele>73.1</ele>
    <time>2025-07-06T23:57:42Z</time>
    <extensions>
     <gpxtpx:TrackPointExtension>
      <gpxtpx:hr>113</gpxtpx:hr>
     </gpxtpx:TrackPointExtension>
    </extensions>
   </trkpt>
   <trkpt lat="35.2595370" lon="113.9141600">
    <ele>73.1</ele>
    <time>2025-07-06T23:57:42Z</time>
    <extensions>
     <gpxtpx:TrackPointExtension>
      <gpxtpx:hr>113</gpxtpx:hr>
     </gpxtpx:TrackPointExtension>
    </extensions>
   </trkpt>
   <trkpt lat="35.2595330" lon="113.9142150">
    <ele>73.0</ele>
    <time>2025-07-06T23:57:43Z</time>
    <extensions>
     <gpxtpx:TrackPointExtension>
      <gpxtpx:hr>113</gpxtpx:hr>
     </gpxtpx:TrackPointExtension>
    </extensions>
   </trkpt>
   <trkpt lat="35.2595520" lon="113.9142760">
    <ele>73.0</ele>
    <time>2025-07-06T23:57:44Z</time>
    <extensions>
     <gpxtpx:TrackPointExtension>
      <gpxtpx:hr>113</gpxtpx:hr>
     </gpxtpx:TrackPointExtension>
    </extensions>
   </trkpt>
   <trkpt lat="35.2595500" lon="113.9143300">
    <ele>73.0</ele>
    <time>2025-07-06T23:57:45Z</time>
    <extensions>
     <gpxtpx:TrackPointExtension>
      <gpxtpx:hr>112</gpxtpx:hr>
     </gpxtpx:TrackPointExtension>
    </extensions>
   </trkpt>
   <trkpt lat="35.2595370" lon="113.9143800">
    <ele>73.0</ele>
    <time>2025-07-06T23:57:46Z</time>
    <extensions>
     <gpxtpx:TrackPointExtension>
      <gpxtpx:hr>112</gpxtpx:hr>
     </gpxtpx:TrackPointExtension>
    </extensions>
   </trkpt>
   <trkpt lat="35.2595250" lon="113.9144300">
    <ele>73.0</ele>
    <time>2025-07-06T23:57:47Z</time>
    <extensions>
     <gpxtpx:TrackPointExtension>
      <gpxtpx:hr>112</gpxtpx:hr>
     </gpxtpx:TrackPointExtension>
    </extensions>
   </trkpt>
   <trkpt lat="35.2595250" lon="113.9144900">
    <ele>72.9</ele>
    <time>2025-07-06T23:57:48Z</time>
    <extensions>
     <gpxtpx:TrackPointExtension>
      <gpxtpx:hr>112</gpxtpx:hr>
     </gpxtpx:TrackPointExtension>
    </extensions>
   </trkpt>
   <trkpt lat="35.2595250" lon="113.9144900">
    <ele>72.9</ele>
    <time>2025-07-06T23:57:48Z</time>
    <extensions>
     <gpxtpx:TrackPointExtension>
      <gpxtpx:hr>113</gpxtpx:hr>
     </gpxtpx:TrackPointExtension>
    </extensions>
   </trkpt>
   <trkpt lat="35.2595200" lon="113.9145500">
    <ele>72.9</ele>
    <time>2025-07-06T23:57:49Z</time>
    <extensions>
     <gpxtpx:TrackPointExtension>
      <gpxtpx:hr>114</gpxtpx:hr>
     </gpxtpx:TrackPointExtension>
    </extensions>
   </trkpt>
   <trkpt lat="35.2595250" lon="113.9146100">
    <ele>72.9</ele>
    <time>2025-07-06T23:57:50Z</time>
    <extensions>
     <gpxtpx:TrackPointExtension>
      <gpxtpx:hr>114</gpxtpx:hr>
     </gpxtpx:TrackPointExtension>
    </extensions>
   </trkpt>
   <trkpt lat="35.2595100" lon="113.9146650">
    <ele>72.9</ele>
    <time>2025-07-06T23:57:51Z</time>
    <extensions>
     <gpxtpx:TrackPointExtension>
      <gpxtpx:hr>114</gpxtpx:hr>
     </gpxtpx:TrackPointExtension>
    </extensions>
   </trkpt>
   <trkpt lat="35.2595140" lon="113.9147000">
    <ele>72.9</ele>
    <time>2025-07-06T23:57:52Z</time>
    <extensions>
     <gpxtpx:TrackPointExtension>
      <gpxtpx:hr>114</gpxtpx:hr>
     </gpxtpx:TrackPointExtension>
    </extensions>
   </trkpt>
   <trkpt lat="35.2595140" lon="113.9147500">
    <ele>72.9</ele>
    <time>2025-07-06T23:57:53Z</time>
    <extensions>
     <gpxtpx:TrackPointExtension>
      <gpxtpx:hr>114</gpxtpx:hr>
     </gpxtpx:TrackPointExtension>
    </extensions>
   </trkpt>
   <trkpt lat="35.2595200" lon="113.9147950">
    <ele>73.0</ele>
    <time>2025-07-06T23:57:54Z</time>
    <extensions>
     <gpxtpx:TrackPointExtension>
      <gpxtpx:hr>114</gpxtpx:hr>
     </gpxtpx:TrackPointExtension>
    </extensions>
   </trkpt>
   <trkpt lat="35.2595100" lon="113.9148300">
    <ele>73.0</ele>
    <time>2025-07-06T23:57:55Z</time>
    <extensions>
     <gpxtpx:TrackPointExtension>
      <gpxtpx:hr>114</gpxtpx:hr>
     </gpxtpx:TrackPointExtension>
    </extensions>
   </trkpt>
   <trkpt lat="35.2595250" lon="113.9148900">
    <ele>73.0</ele>
    <time>2025-07-06T23:57:56Z</time>
    <extensions>
     <gpxtpx:TrackPointExtension>
      <gpxtpx:hr>113</gpxtpx:hr>
     </gpxtpx:TrackPointExtension>
    </extensions>
   </trkpt>
   <trkpt lat="35.2595300" lon="113.9149250">
    <ele>73.0</ele>
    <time>2025-07-06T23:57:57Z</time>
    <extensions>
     <gpxtpx:TrackPointExtension>
      <gpxtpx:hr>113</gpxtpx:hr>
     </gpxtpx:TrackPointExtension>
    </extensions>
   </trkpt>
   <trkpt lat="35.2595200" lon="113.9149480">
    <ele>73.0</ele>
    <time>2025-07-06T23:57:58Z</time>
    <extensions>
     <gpxtpx:TrackPointExtension>
      <gpxtpx:hr>113</gpxtpx:hr>
     </gpxtpx:TrackPointExtension>
    </extensions>
   </trkpt>
   <trkpt lat="35.2595100" lon="113.9149700">
    <ele>73.0</ele>
    <time>2025-07-06T23:57:59Z</time>
    <extensions>
     <gpxtpx:TrackPointExtension>
      <gpxtpx:hr>113</gpxtpx:hr>
     </gpxtpx:TrackPointExtension>
    </extensions>
   </trkpt>
   <trkpt lat="35.2595100" lon="113.9149700">
    <ele>73.0</ele>
    <time>2025-07-06T23:57:59Z</time>
    <extensions>
     <gpxtpx:TrackPointExtension>
      <gpxtpx:hr>114</gpxtpx:hr>
     </gpxtpx:TrackPointExtension>
    </extensions>
   </trkpt>
   <trkpt lat="35.2595100" lon="113.9150200">
    <ele>73.0</ele>
    <time>2025-07-06T23:58:00Z</time>
    <extensions>
     <gpxtpx:TrackPointExtension>
      <gpxtpx:hr>114</gpxtpx:hr>
     </gpxtpx:TrackPointExtension>
    </extensions>
   </trkpt>
   <trkpt lat="35.2595060" lon="113.9150900">
    <ele>73.0</ele>
    <time>2025-07-06T23:58:01Z</time>
    <extensions>
     <gpxtpx:TrackPointExtension>
      <gpxtpx:hr>114</gpxtpx:hr>
     </gpxtpx:TrackPointExtension>
    </extensions>
   </trkpt>
   <trkpt lat="35.2595060" lon="113.9151500">
    <ele>73.0</ele>
    <time>2025-07-06T23:58:02Z</time>
    <extensions>
     <gpxtpx:TrackPointExtension>
      <gpxtpx:hr>113</gpxtpx:hr>
     </gpxtpx:TrackPointExtension>
    </extensions>
   </trkpt>
   <trkpt lat="35.2595020" lon="113.9152000">
    <ele>73.0</ele>
    <time>2025-07-06T23:58:03Z</time>
    <extensions>
     <gpxtpx:TrackPointExtension>
      <gpxtpx:hr>113</gpxtpx:hr>
     </gpxtpx:TrackPointExtension>
    </extensions>
   </trkpt>
   <trkpt lat="35.2595100" lon="113.9152450">
    <ele>73.0</ele>
    <time>2025-07-06T23:58:04Z</time>
    <extensions>
     <gpxtpx:TrackPointExtension>
      <gpxtpx:hr>113</gpxtpx:hr>
     </gpxtpx:TrackPointExtension>
    </extensions>
   </trkpt>
   <trkpt lat="35.2595100" lon="113.9152450">
    <ele>73.0</ele>
    <time>2025-07-06T23:58:04Z</time>
    <extensions>
     <gpxtpx:TrackPointExtension>
      <gpxtpx:hr>112</gpxtpx:hr>
     </gpxtpx:TrackPointExtension>
    </extensions>
   </trkpt>
   <trkpt lat="35.2595060" lon="113.9153060">
    <ele>73.0</ele>
    <time>2025-07-06T23:58:05Z</time>
    <extensions>
     <gpxtpx:TrackPointExtension>
      <gpxtpx:hr>112</gpxtpx:hr>
     </gpxtpx:TrackPointExtension>
    </extensions>
   </trkpt>
   <trkpt lat="35.2595180" lon="113.9153600">
    <ele>73.0</ele>
    <time>2025-07-06T23:58:06Z</time>
    <extensions>
     <gpxtpx:TrackPointExtension>
      <gpxtpx:hr>112</gpxtpx:hr>
     </gpxtpx:TrackPointExtension>
    </extensions>
   </trkpt>
   <trkpt lat="35.2595140" lon="113.9153900">
    <ele>73.0</ele>
    <time>2025-07-06T23:58:07Z</time>
    <extensions>
     <gpxtpx:TrackPointExtension>
      <gpxtpx:hr>112</gpxtpx:hr>
     </gpxtpx:TrackPointExtension>
    </extensions>
   </trkpt>
   <trkpt lat="35.2595060" lon="113.9154360">
    <ele>73.0</ele>
    <time>2025-07-06T23:58:08Z</time>
    <extensions>
     <gpxtpx:TrackPointExtension>
      <gpxtpx:hr>113</gpxtpx:hr>
     </gpxtpx:TrackPointExtension>
    </extensions>
   </trkpt>
   <trkpt lat="35.2595100" lon="113.9154900">
    <ele>73.0</ele>
    <time>2025-07-06T23:58:09Z</time>
    <extensions>
     <gpxtpx:TrackPointExtension>
      <gpxtpx:hr>113</gpxtpx:hr>
     </gpxtpx:TrackPointExtension>
    </extensions>
   </trkpt>
   <trkpt lat="35.2595100" lon="113.9154900">
    <ele>73.0</ele>
    <time>2025-07-06T23:58:09Z</time>
    <extensions>
     <gpxtpx:TrackPointExtension>
      <gpxtpx:hr>113</gpxtpx:hr>
     </gpxtpx:TrackPointExtension>
    </extensions>
   </trkpt>
   <trkpt lat="35.2595180" lon="113.9155500">
    <ele>73.0</ele>
    <time>2025-07-06T23:58:10Z</time>
    <extensions>
     <gpxtpx:TrackPointExtension>
      <gpxtpx:hr>113</gpxtpx:hr>
     </gpxtpx:TrackPointExtension>
    </extensions>
   </trkpt>
   <trkpt lat="35.2595100" lon="113.9155960">
    <ele>72.9</ele>
    <time>2025-07-06T23:58:11Z</time>
    <extensions>
     <gpxtpx:TrackPointExtension>
      <gpxtpx:hr>113</gpxtpx:hr>
     </gpxtpx:TrackPointExtension>
    </extensions>
   </trkpt>
   <trkpt lat="35.2595140" lon="113.9156400">
    <ele>72.9</ele>
    <time>2025-07-06T23:58:12Z</time>
    <extensions>
     <gpxtpx:TrackPointExtension>
      <gpxtpx:hr>113</gpxtpx:hr>
     </gpxtpx:TrackPointExtension>
    </extensions>
   </trkpt>
   <trkpt lat="35.2595140" lon="113.9156950">
    <ele>72.9</ele>
    <time>2025-07-06T23:58:13Z</time>
    <extensions>
     <gpxtpx:TrackPointExtension>
      <gpxtpx:hr>112</gpxtpx:hr>
     </gpxtpx:TrackPointExtension>
    </extensions>
   </trkpt>
   <trkpt lat="35.2595200" lon="113.9157400">
    <ele>72.9</ele>
    <time>2025-07-06T23:58:14Z</time>
    <extensions>
     <gpxtpx:TrackPointExtension>
      <gpxtpx:hr>112</gpxtpx:hr>
     </gpxtpx:TrackPointExtension>
    </extensions>
   </trkpt>
   <trkpt lat="35.2595200" lon="113.9157400">
    <ele>72.9</ele>
    <time>2025-07-06T23:58:14Z</time>
    <extensions>
     <gpxtpx:TrackPointExtension>
      <gpxtpx:hr>112</gpxtpx:hr>
     </gpxtpx:TrackPointExtension>
    </extensions>
   </trkpt>
   <trkpt lat="35.2595180" lon="113.9157940">
    <ele>72.9</ele>
    <time>2025-07-06T23:58:15Z</time>
    <extensions>
     <gpxtpx:TrackPointExtension>
      <gpxtpx:hr>111</gpxtpx:hr>
     </gpxtpx:TrackPointExtension>
    </extensions>
   </trkpt>
   <trkpt lat="35.2595100" lon="113.9158500">
    <ele>72.9</ele>
    <time>2025-07-06T23:58:16Z</time>
    <extensions>
     <gpxtpx:TrackPointExtension>
      <gpxtpx:hr>110</gpxtpx:hr>
     </gpxtpx:TrackPointExtension>
    </extensions>
   </trkpt>
   <trkpt lat="35.2595100" lon="113.9158900">
    <ele>72.9</ele>
    <time>2025-07-06T23:58:17Z</time>
    <extensions>
     <gpxtpx:TrackPointExtension>
      <gpxtpx:hr>110</gpxtpx:hr>
     </gpxtpx:TrackPointExtension>
    </extensions>
   </trkpt>
   <trkpt lat="35.2594950" lon="113.9159400">
    <ele>72.9</ele>
    <time>2025-07-06T23:58:18Z</time>
    <extensions>
     <gpxtpx:TrackPointExtension>
      <gpxtpx:hr>110</gpxtpx:hr>
     </gpxtpx:TrackPointExtension>
    </extensions>
   </trkpt>
   <trkpt lat="35.2595000" lon="113.9160000">
    <ele>72.9</ele>
    <time>2025-07-06T23:58:19Z</time>
    <extensions>
     <gpxtpx:TrackPointExtension>
      <gpxtpx:hr>110</gpxtpx:hr>
     </gpxtpx:TrackPointExtension>
    </extensions>
   </trkpt>
   <trkpt lat="35.2595000" lon="113.9160000">
    <ele>72.9</ele>
    <time>2025-07-06T23:58:19Z</time>
    <extensions>
     <gpxtpx:TrackPointExtension>
      <gpxtpx:hr>110</gpxtpx:hr>
     </gpxtpx:TrackPointExtension>
    </extensions>
   </trkpt>
   <trkpt lat="35.2595060" lon="113.9160460">
    <ele>72.9</ele>
    <time>2025-07-06T23:58:20Z</time>
    <extensions>
     <gpxtpx:TrackPointExtension>
      <gpxtpx:hr>110</gpxtpx:hr>
     </gpxtpx:TrackPointExtension>
    </extensions>
   </trkpt>
   <trkpt lat="35.2594870" lon="113.9160840">
    <ele>72.9</ele>
    <time>2025-07-06T23:58:21Z</time>
    <extensions>
     <gpxtpx:TrackPointExtension>
      <gpxtpx:hr>110</gpxtpx:hr>
     </gpxtpx:TrackPointExtension>
    </extensions>
   </trkpt>
   <trkpt lat="35.2594870" lon="113.9161450">
    <ele>72.9</ele>
    <time>2025-07-06T23:58:22Z</time>
    <extensions>
     <gpxtpx:TrackPointExtension>
      <gpxtpx:hr>110</gpxtpx:hr>
     </gpxtpx:TrackPointExtension>
    </extensions>
   </trkpt>
   <trkpt lat="35.2594870" lon="113.9162000">
    <ele>72.9</ele>
    <time>2025-07-06T23:58:23Z</time>
    <extensions>
     <gpxtpx:TrackPointExtension>
      <gpxtpx:hr>110</gpxtpx:hr>
     </gpxtpx:TrackPointExtension>
    </extensions>
   </trkpt>
   <trkpt lat="35.2594800" lon="113.9162400">
    <ele>72.9</ele>
    <time>2025-07-06T23:58:24Z</time>
    <extensions>
     <gpxtpx:TrackPointExtension>
      <gpxtpx:hr>109</gpxtpx:hr>
     </gpxtpx:TrackPointExtension>
    </extensions>
   </trkpt>
   <trkpt lat="35.2594870" lon="113.9162750">
    <ele>72.9</ele>
    <time>2025-07-06T23:58:25Z</time>
    <extensions>
     <gpxtpx:TrackPointExtension>
      <gpxtpx:hr>109</gpxtpx:hr>
     </gpxtpx:TrackPointExtension>
    </extensions>
   </trkpt>
   <trkpt lat="35.2594900" lon="113.9163060">
    <ele>72.9</ele>
    <time>2025-07-06T23:58:26Z</time>
    <extensions>
     <gpxtpx:TrackPointExtension>
      <gpxtpx:hr>108</gpxtpx:hr>
     </gpxtpx:TrackPointExtension>
    </extensions>
   </trkpt>
   <trkpt lat="35.2594900" lon="113.9163400">
    <ele>72.9</ele>
    <time>2025-07-06T23:58:27Z</time>
    <extensions>
     <gpxtpx:TrackPointExtension>
      <gpxtpx:hr>108</gpxtpx:hr>
     </gpxtpx:TrackPointExtension>
    </extensions>
   </trkpt>
   <trkpt lat="35.2594900" lon="113.9163400">
    <ele>72.9</ele>
    <time>2025-07-06T23:58:27Z</time>
    <extensions>
     <gpxtpx:TrackPointExtension>
      <gpxtpx:hr>107</gpxtpx:hr>
     </gpxtpx:TrackPointExtension>
    </extensions>
   </trkpt>
   <trkpt lat="35.2594700" lon="113.9163500">
    <ele>72.9</ele>
    <time>2025-07-06T23:58:28Z</time>
    <extensions>
     <gpxtpx:TrackPointExtension>
      <gpxtpx:hr>107</gpxtpx:hr>
     </gpxtpx:TrackPointExtension>
    </extensions>
   </trkpt>
   <trkpt lat="35.2594640" lon="113.9163400">
    <ele>72.9</ele>
    <time>2025-07-06T23:58:29Z</time>
    <extensions>
     <gpxtpx:TrackPointExtension>
      <gpxtpx:hr>107</gpxtpx:hr>
     </gpxtpx:TrackPointExtension>
    </extensions>
   </trkpt>
   <trkpt lat="35.2594640" lon="113.9163400">
    <ele>72.9</ele>
    <time>2025-07-06T23:58:29Z</time>
    <extensions>
     <gpxtpx:TrackPointExtension>
      <gpxtpx:hr>107</gpxtpx:hr>
     </gpxtpx:TrackPointExtension>
    </extensions>
   </trkpt>
   <trkpt lat="35.2594600" lon="113.9163360">
    <ele>72.9</ele>
    <time>2025-07-06T23:58:30Z</time>
    <extensions>
     <gpxtpx:TrackPointExtension>
      <gpxtpx:hr>106</gpxtpx:hr>
     </gpxtpx:TrackPointExtension>
    </extensions>
   </trkpt>
   <trkpt lat="35.2594570" lon="113.9163360">
    <ele>72.9</ele>
    <time>2025-07-06T23:58:31Z</time>
    <extensions>
     <gpxtpx:TrackPointExtension>
      <gpxtpx:hr>106</gpxtpx:hr>
     </gpxtpx:TrackPointExtension>
    </extensions>
   </trkpt>
   <trkpt lat="35.2594530" lon="113.9163100">
    <ele>72.8</ele>
    <time>2025-07-06T23:58:32Z</time>
    <extensions>
     <gpxtpx:TrackPointExtension>
      <gpxtpx:hr>105</gpxtpx:hr>
     </gpxtpx:TrackPointExtension>
    </extensions>
   </trkpt>
   <trkpt lat="35.2593960" lon="113.9163300">
    <ele>71.8</ele>
    <time>2025-07-06T23:58:57Z</time>
    <extensions>
     <gpxtpx:TrackPointExtension>
      <gpxtpx:hr>105</gpxtpx:hr>
     </gpxtpx:TrackPointExtension>
    </extensions>
   </trkpt>
   <trkpt lat="35.2593460" lon="113.9163500">
    <ele>70.9</ele>
    <time>2025-07-06T23:58:58Z</time>
    <extensions>
     <gpxtpx:TrackPointExtension>
      <gpxtpx:hr>92</gpxtpx:hr>
     </gpxtpx:TrackPointExtension>
    </extensions>
   </trkpt>
   <trkpt lat="35.2593460" lon="113.9163500">
    <ele>70.9</ele>
    <time>2025-07-06T23:58:58Z</time>
    <extensions>
     <gpxtpx:TrackPointExtension>
      <gpxtpx:hr>92</gpxtpx:hr>
     </gpxtpx:TrackPointExtension>
    </extensions>
   </trkpt>
   <trkpt lat="35.2593460" lon="113.9163500">
    <ele>70.9</ele>
    <time>2025-07-06T23:58:58Z</time>
    <extensions>
     <gpxtpx:TrackPointExtension>
      <gpxtpx:hr>92</gpxtpx:hr>
     </gpxtpx:TrackPointExtension>
    </extensions>
   </trkpt>
   <trkpt lat="35.2593100" lon="113.9163600">
    <ele>70.2</ele>
    <time>2025-07-06T23:58:59Z</time>
    <extensions>
     <gpxtpx:TrackPointExtension>
      <gpxtpx:hr>92</gpxtpx:hr>
     </gpxtpx:TrackPointExtension>
    </extensions>
   </trkpt>
   <trkpt lat="35.2592740" lon="113.9163740">
    <ele>70.0</ele>
    <time>2025-07-06T23:59:00Z</time>
    <extensions>
     <gpxtpx:TrackPointExtension>
      <gpxtpx:hr>93</gpxtpx:hr>
     </gpxtpx:TrackPointExtension>
    </extensions>
   </trkpt>
   <trkpt lat="35.2592350" lon="113.9163900">
    <ele>70.0</ele>
    <time>2025-07-06T23:59:01Z</time>
    <extensions>
     <gpxtpx:TrackPointExtension>
      <gpxtpx:hr>94</gpxtpx:hr>
     </gpxtpx:TrackPointExtension>
    </extensions>
   </trkpt>
   <trkpt lat="35.2592100" lon="113.9164100">
    <ele>70.0</ele>
    <time>2025-07-06T23:59:02Z</time>
    <extensions>
     <gpxtpx:TrackPointExtension>
      <gpxtpx:hr>95</gpxtpx:hr>
     </gpxtpx:TrackPointExtension>
    </extensions>
   </trkpt>
   <trkpt lat="35.2591800" lon="113.9164200">
    <ele>70.0</ele>
    <time>2025-07-06T23:59:03Z</time>
    <extensions>
     <gpxtpx:TrackPointExtension>
      <gpxtpx:hr>96</gpxtpx:hr>
     </gpxtpx:TrackPointExtension>
    </extensions>
   </trkpt>
   <trkpt lat="35.2591800" lon="113.9164200">
    <ele>70.0</ele>
    <time>2025-07-06T23:59:03Z</time>
    <extensions>
     <gpxtpx:TrackPointExtension>
      <gpxtpx:hr>96</gpxtpx:hr>
     </gpxtpx:TrackPointExtension>
    </extensions>
   </trkpt>
   <trkpt lat="35.2591500" lon="113.9164400">
    <ele>70.0</ele>
    <time>2025-07-06T23:59:04Z</time>
    <extensions>
     <gpxtpx:TrackPointExtension>
      <gpxtpx:hr>96</gpxtpx:hr>
     </gpxtpx:TrackPointExtension>
    </extensions>
   </trkpt>
   <trkpt lat="35.2591170" lon="113.9164500">
    <ele>70.0</ele>
    <time>2025-07-06T23:59:05Z</time>
    <extensions>
     <gpxtpx:TrackPointExtension>
      <gpxtpx:hr>96</gpxtpx:hr>
     </gpxtpx:TrackPointExtension>
    </extensions>
   </trkpt>
   <trkpt lat="35.2590900" lon="113.9164700">
    <ele>70.0</ele>
    <time>2025-07-06T23:59:06Z</time>
    <extensions>
     <gpxtpx:TrackPointExtension>
      <gpxtpx:hr>97</gpxtpx:hr>
     </gpxtpx:TrackPointExtension>
    </extensions>
   </trkpt>
   <trkpt lat="35.2590070" lon="113.9165200">
    <ele>70.0</ele>
    <time>2025-07-06T23:59:07Z</time>
    <extensions>
     <gpxtpx:TrackPointExtension>
      <gpxtpx:hr>97</gpxtpx:hr>
     </gpxtpx:TrackPointExtension>
    </extensions>
   </trkpt>
   <trkpt lat="35.2589600" lon="113.9165500">
    <ele>70.0</ele>
    <time>2025-07-06T23:59:08Z</time>
    <extensions>
     <gpxtpx:TrackPointExtension>
      <gpxtpx:hr>98</gpxtpx:hr>
     </gpxtpx:TrackPointExtension>
    </extensions>
   </trkpt>
   <trkpt lat="35.2589150" lon="113.9165650">
    <ele>70.0</ele>
    <time>2025-07-06T23:59:09Z</time>
    <extensions>
     <gpxtpx:TrackPointExtension>
      <gpxtpx:hr>99</gpxtpx:hr>
     </gpxtpx:TrackPointExtension>
    </extensions>
   </trkpt>
   <trkpt lat="35.2588730" lon="113.9165800">
    <ele>70.0</ele>
    <time>2025-07-06T23:59:10Z</time>
    <extensions>
     <gpxtpx:TrackPointExtension>
      <gpxtpx:hr>100</gpxtpx:hr>
     </gpxtpx:TrackPointExtension>
    </extensions>
   </trkpt>
   <trkpt lat="35.2588300" lon="113.9166000">
    <ele>70.0</ele>
    <time>2025-07-06T23:59:11Z</time>
    <extensions>
     <gpxtpx:TrackPointExtension>
      <gpxtpx:hr>101</gpxtpx:hr>
     </gpxtpx:TrackPointExtension>
    </extensions>
   </trkpt>
   <trkpt lat="35.2587660" lon="113.9166200">
    <ele>70.0</ele>
    <time>2025-07-06T23:59:12Z</time>
    <extensions>
     <gpxtpx:TrackPointExtension>
      <gpxtpx:hr>101</gpxtpx:hr>
     </gpxtpx:TrackPointExtension>
    </extensions>
   </trkpt>
   <trkpt lat="35.2587300" lon="113.9166260">
    <ele>70.0</ele>
    <time>2025-07-06T23:59:13Z</time>
    <extensions>
     <gpxtpx:TrackPointExtension>
      <gpxtpx:hr>101</gpxtpx:hr>
     </gpxtpx:TrackPointExtension>
    </extensions>
   </trkpt>
   <trkpt lat="35.2587300" lon="113.9166260">
    <ele>70.0</ele>
    <time>2025-07-06T23:59:13Z</time>
    <extensions>
     <gpxtpx:TrackPointExtension>
      <gpxtpx:hr>101</gpxtpx:hr>
     </gpxtpx:TrackPointExtension>
    </extensions>
   </trkpt>
   <trkpt lat="35.2586800" lon="113.9166260">
    <ele>70.0</ele>
    <time>2025-07-06T23:59:14Z</time>
    <extensions>
     <gpxtpx:TrackPointExtension>
      <gpxtpx:hr>102</gpxtpx:hr>
     </gpxtpx:TrackPointExtension>
    </extensions>
   </trkpt>
   <trkpt lat="35.2586300" lon="113.9166500">
    <ele>70.0</ele>
    <time>2025-07-06T23:59:15Z</time>
    <extensions>
     <gpxtpx:TrackPointExtension>
      <gpxtpx:hr>103</gpxtpx:hr>
     </gpxtpx:TrackPointExtension>
    </extensions>
   </trkpt>
   <trkpt lat="35.2586300" lon="113.9166500">
    <ele>70.0</ele>
    <time>2025-07-06T23:59:15Z</time>
    <extensions>
     <gpxtpx:TrackPointExtension>
      <gpxtpx:hr>103</gpxtpx:hr>
     </gpxtpx:TrackPointExtension>
    </extensions>
   </trkpt>
   <trkpt lat="35.2585870" lon="113.9166400">
    <ele>69.9</ele>
    <time>2025-07-06T23:59:16Z</time>
    <extensions>
     <gpxtpx:TrackPointExtension>
      <gpxtpx:hr>104</gpxtpx:hr>
     </gpxtpx:TrackPointExtension>
    </extensions>
   </trkpt>
   <trkpt lat="35.2585400" lon="113.9166300">
    <ele>69.9</ele>
    <time>2025-07-06T23:59:17Z</time>
    <extensions>
     <gpxtpx:TrackPointExtension>
      <gpxtpx:hr>105</gpxtpx:hr>
     </gpxtpx:TrackPointExtension>
    </extensions>
   </trkpt>
   <trkpt lat="35.2585000" lon="113.9166300">
    <ele>69.9</ele>
    <time>2025-07-06T23:59:18Z</time>
    <extensions>
     <gpxtpx:TrackPointExtension>
      <gpxtpx:hr>106</gpxtpx:hr>
     </gpxtpx:TrackPointExtension>
    </extensions>
   </trkpt>
   <trkpt lat="35.2584530" lon="113.9166400">
    <ele>69.8</ele>
    <time>2025-07-06T23:59:19Z</time>
    <extensions>
     <gpxtpx:TrackPointExtension>
      <gpxtpx:hr>106</gpxtpx:hr>
     </gpxtpx:TrackPointExtension>
    </extensions>
   </trkpt>
   <trkpt lat="35.2583920" lon="113.9166500">
    <ele>69.8</ele>
    <time>2025-07-06T23:59:20Z</time>
    <extensions>
     <gpxtpx:TrackPointExtension>
      <gpxtpx:hr>106</gpxtpx:hr>
     </gpxtpx:TrackPointExtension>
    </extensions>
   </trkpt>
   <trkpt lat="35.2583300" lon="113.9166500">
    <ele>69.8</ele>
    <time>2025-07-06T23:59:21Z</time>
    <extensions>
     <gpxtpx:TrackPointExtension>
      <gpxtpx:hr>106</gpxtpx:hr>
     </gpxtpx:TrackPointExtension>
    </extensions>
   </trkpt>
   <trkpt lat="35.2582800" lon="113.9166300">
    <ele>69.7</ele>
    <time>2025-07-06T23:59:22Z</time>
    <extensions>
     <gpxtpx:TrackPointExtension>
      <gpxtpx:hr>106</gpxtpx:hr>
     </gpxtpx:TrackPointExtension>
    </extensions>
   </trkpt>
   <trkpt lat="35.2582800" lon="113.9166300">
    <ele>69.7</ele>
    <time>2025-07-06T23:59:22Z</time>
    <extensions>
     <gpxtpx:TrackPointExtension>
      <gpxtpx:hr>106</gpxtpx:hr>
     </gpxtpx:TrackPointExtension>
    </extensions>
   </trkpt>
   <trkpt lat="35.2582300" lon="113.9166200">
    <ele>69.7</ele>
    <time>2025-07-06T23:59:23Z</time>
    <extensions>
     <gpxtpx:TrackPointExtension>
      <gpxtpx:hr>106</gpxtpx:hr>
     </gpxtpx:TrackPointExtension>
    </extensions>
   </trkpt>
   <trkpt lat="35.2581830" lon="113.9166200">
    <ele>69.7</ele>
    <time>2025-07-06T23:59:24Z</time>
    <extensions>
     <gpxtpx:TrackPointExtension>
      <gpxtpx:hr>107</gpxtpx:hr>
     </gpxtpx:TrackPointExtension>
    </extensions>
   </trkpt>
   <trkpt lat="35.2581300" lon="113.9166000">
    <ele>69.7</ele>
    <time>2025-07-06T23:59:25Z</time>
    <extensions>
     <gpxtpx:TrackPointExtension>
      <gpxtpx:hr>107</gpxtpx:hr>
     </gpxtpx:TrackPointExtension>
    </extensions>
   </trkpt>
   <trkpt lat="35.2580600" lon="113.9165950">
    <ele>69.7</ele>
    <time>2025-07-06T23:59:26Z</time>
    <extensions>
     <gpxtpx:TrackPointExtension>
      <gpxtpx:hr>107</gpxtpx:hr>
     </gpxtpx:TrackPointExtension>
    </extensions>
   </trkpt>
   <trkpt lat="35.2580030" lon="113.9166000">
    <ele>69.7</ele>
    <time>2025-07-06T23:59:27Z</time>
    <extensions>
     <gpxtpx:TrackPointExtension>
      <gpxtpx:hr>108</gpxtpx:hr>
     </gpxtpx:TrackPointExtension>
    </extensions>
   </trkpt>
   <trkpt lat="35.2579500" lon="113.9165950">
    <ele>69.7</ele>
    <time>2025-07-06T23:59:28Z</time>
    <extensions>
     <gpxtpx:TrackPointExtension>
      <gpxtpx:hr>108</gpxtpx:hr>
     </gpxtpx:TrackPointExtension>
    </extensions>
   </trkpt>
   <trkpt lat="35.2578900" lon="113.9165950">
    <ele>69.7</ele>
    <time>2025-07-06T23:59:29Z</time>
    <extensions>
     <gpxtpx:TrackPointExtension>
      <gpxtpx:hr>108</gpxtpx:hr>
     </gpxtpx:TrackPointExtension>
    </extensions>
   </trkpt>
   <trkpt lat="35.2578430" lon="113.9166000">
    <ele>69.7</ele>
    <time>2025-07-06T23:59:30Z</time>
    <extensions>
     <gpxtpx:TrackPointExtension>
      <gpxtpx:hr>109</gpxtpx:hr>
     </gpxtpx:TrackPointExtension>
    </extensions>
   </trkpt>
   <trkpt lat="35.2578050" lon="113.9166100">
    <ele>69.7</ele>
    <time>2025-07-06T23:59:31Z</time>
    <extensions>
     <gpxtpx:TrackPointExtension>
      <gpxtpx:hr>109</gpxtpx:hr>
     </gpxtpx:TrackPointExtension>
    </extensions>
   </trkpt>
   <trkpt lat="35.2577670" lon="113.9166260">
    <ele>69.8</ele>
    <time>2025-07-06T23:59:32Z</time>
    <extensions>
     <gpxtpx:TrackPointExtension>
      <gpxtpx:hr>110</gpxtpx:hr>
     </gpxtpx:TrackPointExtension>
    </extensions>
   </trkpt>
   <trkpt lat="35.2577670" lon="113.9166260">
    <ele>69.8</ele>
    <time>2025-07-06T23:59:32Z</time>
    <extensions>
     <gpxtpx:TrackPointExtension>
      <gpxtpx:hr>110</gpxtpx:hr>
     </gpxtpx:TrackPointExtension>
    </extensions>
   </trkpt>
   <trkpt lat="35.2577000" lon="113.9166400">
    <ele>69.8</ele>
    <time>2025-07-06T23:59:33Z</time>
    <extensions>
     <gpxtpx:TrackPointExtension>
      <gpxtpx:hr>110</gpxtpx:hr>
     </gpxtpx:TrackPointExtension>
    </extensions>
   </trkpt>
   <trkpt lat="35.2577000" lon="113.9166400">
    <ele>69.8</ele>
    <time>2025-07-06T23:59:33Z</time>
    <extensions>
     <gpxtpx:TrackPointExtension>
      <gpxtpx:hr>110</gpxtpx:hr>
     </gpxtpx:TrackPointExtension>
    </extensions>
   </trkpt>
   <trkpt lat="35.2576370" lon="113.9166300">
    <ele>69.9</ele>
    <time>2025-07-06T23:59:34Z</time>
    <extensions>
     <gpxtpx:TrackPointExtension>
      <gpxtpx:hr>111</gpxtpx:hr>
     </gpxtpx:TrackPointExtension>
    </extensions>
   </trkpt>
   <trkpt lat="35.2575840" lon="113.9166260">
    <ele>69.9</ele>
    <time>2025-07-06T23:59:35Z</time>
    <extensions>
     <gpxtpx:TrackPointExtension>
      <gpxtpx:hr>111</gpxtpx:hr>
     </gpxtpx:TrackPointExtension>
    </extensions>
   </trkpt>
   <trkpt lat="35.2575260" lon="113.9166260">
    <ele>69.9</ele>
    <time>2025-07-06T23:59:36Z</time>
    <extensions>
     <gpxtpx:TrackPointExtension>
      <gpxtpx:hr>112</gpxtpx:hr>
     </gpxtpx:TrackPointExtension>
    </extensions>
   </trkpt>
   <trkpt lat="35.2574580" lon="113.9166260">
    <ele>70.0</ele>
    <time>2025-07-06T23:59:37Z</time>
    <extensions>
     <gpxtpx:TrackPointExtension>
      <gpxtpx:hr>112</gpxtpx:hr>
     </gpxtpx:TrackPointExtension>
    </extensions>
   </trkpt>
   <trkpt lat="35.2574000" lon="113.9166260">
    <ele>70.0</ele>
    <time>2025-07-06T23:59:38Z</time>
    <extensions>
     <gpxtpx:TrackPointExtension>
      <gpxtpx:hr>113</gpxtpx:hr>
     </gpxtpx:TrackPointExtension>
    </extensions>
   </trkpt>
   <trkpt lat="35.2573430" lon="113.9166200">
    <ele>70.1</ele>
    <time>2025-07-06T23:59:39Z</time>
    <extensions>
     <gpxtpx:TrackPointExtension>
      <gpxtpx:hr>113</gpxtpx:hr>
     </gpxtpx:TrackPointExtension>
    </extensions>
   </trkpt>
   <trkpt lat="35.2573000" lon="113.9166200">
    <ele>70.1</ele>
    <time>2025-07-06T23:59:40Z</time>
    <extensions>
     <gpxtpx:TrackPointExtension>
      <gpxtpx:hr>114</gpxtpx:hr>
     </gpxtpx:TrackPointExtension>
    </extensions>
   </trkpt>
   <trkpt lat="35.2572400" lon="113.9166200">
    <ele>70.1</ele>
    <time>2025-07-06T23:59:41Z</time>
    <extensions>
     <gpxtpx:TrackPointExtension>
      <gpxtpx:hr>114</gpxtpx:hr>
     </gpxtpx:TrackPointExtension>
    </extensions>
   </trkpt>
   <trkpt lat="35.2572080" lon="113.9166150">
    <ele>70.2</ele>
    <time>2025-07-06T23:59:42Z</time>
    <extensions>
     <gpxtpx:TrackPointExtension>
      <gpxtpx:hr>114</gpxtpx:hr>
     </gpxtpx:TrackPointExtension>
    </extensions>
   </trkpt>
   <trkpt lat="35.2571750" lon="113.9166100">
    <ele>70.2</ele>
    <time>2025-07-06T23:59:43Z</time>
    <extensions>
     <gpxtpx:TrackPointExtension>
      <gpxtpx:hr>114</gpxtpx:hr>
     </gpxtpx:TrackPointExtension>
    </extensions>
   </trkpt>
   <trkpt lat="35.2571750" lon="113.9166100">
    <ele>70.2</ele>
    <time>2025-07-06T23:59:43Z</time>
    <extensions>
     <gpxtpx:TrackPointExtension>
      <gpxtpx:hr>114</gpxtpx:hr>
     </gpxtpx:TrackPointExtension>
    </extensions>
   </trkpt>
   <trkpt lat="35.2571260" lon="113.9166200">
    <ele>70.2</ele>
    <time>2025-07-06T23:59:44Z</time>
    <extensions>
     <gpxtpx:TrackPointExtension>
      <gpxtpx:hr>114</gpxtpx:hr>
     </gpxtpx:TrackPointExtension>
    </extensions>
   </trkpt>
   <trkpt lat="35.2570650" lon="113.9166200">
    <ele>70.3</ele>
    <time>2025-07-06T23:59:45Z</time>
    <extensions>
     <gpxtpx:TrackPointExtension>
      <gpxtpx:hr>114</gpxtpx:hr>
     </gpxtpx:TrackPointExtension>
    </extensions>
   </trkpt>
   <trkpt lat="35.2570100" lon="113.9166100">
    <ele>70.3</ele>
    <time>2025-07-06T23:59:46Z</time>
    <extensions>
     <gpxtpx:TrackPointExtension>
      <gpxtpx:hr>114</gpxtpx:hr>
     </gpxtpx:TrackPointExtension>
    </extensions>
   </trkpt>
   <trkpt lat="35.2569470" lon="113.9165950">
    <ele>70.4</ele>
    <time>2025-07-06T23:59:47Z</time>
    <extensions>
     <gpxtpx:TrackPointExtension>
      <gpxtpx:hr>114</gpxtpx:hr>
     </gpxtpx:TrackPointExtension>
    </extensions>
   </trkpt>
   <trkpt lat="35.2568900" lon="113.9165950">
    <ele>70.4</ele>
    <time>2025-07-06T23:59:48Z</time>
    <extensions>
     <gpxtpx:TrackPointExtension>
      <gpxtpx:hr>114</gpxtpx:hr>
     </gpxtpx:TrackPointExtension>
    </extensions>
   </trkpt>
   <trkpt lat="35.2568320" lon="113.9165950">
    <ele>70.4</ele>
    <time>2025-07-06T23:59:49Z</time>
    <extensions>
     <gpxtpx:TrackPointExtension>
      <gpxtpx:hr>114</gpxtpx:hr>
     </gpxtpx:TrackPointExtension>
    </extensions>
   </trkpt>
   <trkpt lat="35.2568320" lon="113.9165950">
    <ele>70.4</ele>
    <time>2025-07-06T23:59:49Z</time>
    <extensions>
     <gpxtpx:TrackPointExtension>
      <gpxtpx:hr>115</gpxtpx:hr>
     </gpxtpx:TrackPointExtension>
    </extensions>
   </trkpt>
   <trkpt lat="35.2567670" lon="113.9166100">
    <ele>70.5</ele>
    <time>2025-07-06T23:59:50Z</time>
    <extensions>
     <gpxtpx:TrackPointExtension>
      <gpxtpx:hr>115</gpxtpx:hr>
     </gpxtpx:TrackPointExtension>
    </extensions>
   </trkpt>
   <trkpt lat="35.2567180" lon="113.9166000">
    <ele>70.5</ele>
    <time>2025-07-06T23:59:51Z</time>
    <extensions>
     <gpxtpx:TrackPointExtension>
      <gpxtpx:hr>116</gpxtpx:hr>
     </gpxtpx:TrackPointExtension>
    </extensions>
   </trkpt>
   <trkpt lat="35.2566640" lon="113.9166000">
    <ele>70.5</ele>
    <time>2025-07-06T23:59:52Z</time>
    <extensions>
     <gpxtpx:TrackPointExtension>
      <gpxtpx:hr>116</gpxtpx:hr>
     </gpxtpx:TrackPointExtension>
    </extensions>
   </trkpt>
   <trkpt lat="35.2566200" lon="113.9166200">
    <ele>70.6</ele>
    <time>2025-07-06T23:59:53Z</time>
    <extensions>
     <gpxtpx:TrackPointExtension>
      <gpxtpx:hr>116</gpxtpx:hr>
     </gpxtpx:TrackPointExtension>
    </extensions>
   </trkpt>
   <trkpt lat="35.2566200" lon="113.9166200">
    <ele>70.6</ele>
    <time>2025-07-06T23:59:53Z</time>
    <extensions>
     <gpxtpx:TrackPointExtension>
      <gpxtpx:hr>116</gpxtpx:hr>
     </gpxtpx:TrackPointExtension>
    </extensions>
   </trkpt>
   <trkpt lat="35.2565840" lon="113.9166400">
    <ele>70.6</ele>
    <time>2025-07-06T23:59:54Z</time>
    <extensions>
     <gpxtpx:TrackPointExtension>
      <gpxtpx:hr>116</gpxtpx:hr>
     </gpxtpx:TrackPointExtension>
    </extensions>
   </trkpt>
   <trkpt lat="35.2565300" lon="113.9166400">
    <ele>70.6</ele>
    <time>2025-07-06T23:59:55Z</time>
    <extensions>
     <gpxtpx:TrackPointExtension>
      <gpxtpx:hr>117</gpxtpx:hr>
     </gpxtpx:TrackPointExtension>
    </extensions>
   </trkpt>
   <trkpt lat="35.2564740" lon="113.9166400">
    <ele>70.6</ele>
    <time>2025-07-06T23:59:56Z</time>
    <extensions>
     <gpxtpx:TrackPointExtension>
      <gpxtpx:hr>116</gpxtpx:hr>
     </gpxtpx:TrackPointExtension>
    </extensions>
   </trkpt>
   <trkpt lat="35.2564130" lon="113.9166300">
    <ele>70.6</ele>
    <time>2025-07-06T23:59:57Z</time>
    <extensions>
     <gpxtpx:TrackPointExtension>
      <gpxtpx:hr>116</gpxtpx:hr>
     </gpxtpx:TrackPointExtension>
    </extensions>
   </trkpt>
   <trkpt lat="35.2563550" lon="113.9166200">
    <ele>70.6</ele>
    <time>2025-07-06T23:59:58Z</time>
    <extensions>
     <gpxtpx:TrackPointExtension>
      <gpxtpx:hr>116</gpxtpx:hr>
     </gpxtpx:TrackPointExtension>
    </extensions>
   </trkpt>
   <trkpt lat="35.2562980" lon="113.9166200">
    <ele>70.5</ele>
    <time>2025-07-06T23:59:59Z</time>
    <extensions>
     <gpxtpx:TrackPointExtension>
      <gpxtpx:hr>116</gpxtpx:hr>
     </gpxtpx:TrackPointExtension>
    </extensions>
   </trkpt>
   <trkpt lat="35.2562260" lon="113.9166100">
    <ele>70.5</ele>
    <time>2025-07-07T00:00:00Z</time>
    <extensions>
     <gpxtpx:TrackPointExtension>
      <gpxtpx:hr>117</gpxtpx:hr>
     </gpxtpx:TrackPointExtension>
    </extensions>
   </trkpt>
   <trkpt lat="35.2561760" lon="113.9166100">
    <ele>70.5</ele>
    <time>2025-07-07T00:00:01Z</time>
    <extensions>
     <gpxtpx:TrackPointExtension>
      <gpxtpx:hr>117</gpxtpx:hr>
     </gpxtpx:TrackPointExtension>
    </extensions>
   </trkpt>
   <trkpt lat="35.2561230" lon="113.9166100">
    <ele>70.5</ele>
    <time>2025-07-07T00:00:02Z</time>
    <extensions>
     <gpxtpx:TrackPointExtension>
      <gpxtpx:hr>118</gpxtpx:hr>
     </gpxtpx:TrackPointExtension>
    </extensions>
   </trkpt>
   <trkpt lat="35.2560800" lon="113.9166260">
    <ele>70.5</ele>
    <time>2025-07-07T00:00:03Z</time>
    <extensions>
     <gpxtpx:TrackPointExtension>
      <gpxtpx:hr>118</gpxtpx:hr>
     </gpxtpx:TrackPointExtension>
    </extensions>
   </trkpt>
   <trkpt lat="35.2560800" lon="113.9166260">
    <ele>70.5</ele>
    <time>2025-07-07T00:00:03Z</time>
    <extensions>
     <gpxtpx:TrackPointExtension>
      <gpxtpx:hr>117</gpxtpx:hr>
     </gpxtpx:TrackPointExtension>
    </extensions>
   </trkpt>
   <trkpt lat="35.2560270" lon="113.9166300">
    <ele>70.5</ele>
    <time>2025-07-07T00:00:04Z</time>
    <extensions>
     <gpxtpx:TrackPointExtension>
      <gpxtpx:hr>117</gpxtpx:hr>
     </gpxtpx:TrackPointExtension>
    </extensions>
   </trkpt>
   <trkpt lat="35.2559740" lon="113.9166200">
    <ele>70.5</ele>
    <time>2025-07-07T00:00:05Z</time>
    <extensions>
     <gpxtpx:TrackPointExtension>
      <gpxtpx:hr>117</gpxtpx:hr>
     </gpxtpx:TrackPointExtension>
    </extensions>
   </trkpt>
   <trkpt lat="35.2559740" lon="113.9166200">
    <ele>70.5</ele>
    <time>2025-07-07T00:00:05Z</time>
    <extensions>
     <gpxtpx:TrackPointExtension>
      <gpxtpx:hr>117</gpxtpx:hr>
     </gpxtpx:TrackPointExtension>
    </extensions>
   </trkpt>
   <trkpt lat="35.2559280" lon="113.9166300">
    <ele>70.5</ele>
    <time>2025-07-07T00:00:06Z</time>
    <extensions>
     <gpxtpx:TrackPointExtension>
      <gpxtpx:hr>117</gpxtpx:hr>
     </gpxtpx:TrackPointExtension>
    </extensions>
   </trkpt>
   <trkpt lat="35.2558750" lon="113.9166200">
    <ele>70.6</ele>
    <time>2025-07-07T00:00:07Z</time>
    <extensions>
     <gpxtpx:TrackPointExtension>
      <gpxtpx:hr>118</gpxtpx:hr>
     </gpxtpx:TrackPointExtension>
    </extensions>
   </trkpt>
   <trkpt lat="35.2558200" lon="113.9166100">
    <ele>70.7</ele>
    <time>2025-07-07T00:00:08Z</time>
    <extensions>
     <gpxtpx:TrackPointExtension>
      <gpxtpx:hr>118</gpxtpx:hr>
     </gpxtpx:TrackPointExtension>
    </extensions>
   </trkpt>
   <trkpt lat="35.2557700" lon="113.9166100">
    <ele>70.9</ele>
    <time>2025-07-07T00:00:09Z</time>
    <extensions>
     <gpxtpx:TrackPointExtension>
      <gpxtpx:hr>118</gpxtpx:hr>
     </gpxtpx:TrackPointExtension>
    </extensions>
   </trkpt>
   <trkpt lat="35.2557260" lon="113.9166100">
    <ele>71.0</ele>
    <time>2025-07-07T00:00:10Z</time>
    <extensions>
     <gpxtpx:TrackPointExtension>
      <gpxtpx:hr>118</gpxtpx:hr>
     </gpxtpx:TrackPointExtension>
    </extensions>
   </trkpt>
   <trkpt lat="35.2556720" lon="113.9166000">
    <ele>71.1</ele>
    <time>2025-07-07T00:00:11Z</time>
    <extensions>
     <gpxtpx:TrackPointExtension>
      <gpxtpx:hr>118</gpxtpx:hr>
     </gpxtpx:TrackPointExtension>
    </extensions>
   </trkpt>
   <trkpt lat="35.2556130" lon="113.9165950">
    <ele>71.3</ele>
    <time>2025-07-07T00:00:12Z</time>
    <extensions>
     <gpxtpx:TrackPointExtension>
      <gpxtpx:hr>119</gpxtpx:hr>
     </gpxtpx:TrackPointExtension>
    </extensions>
   </trkpt>
   <trkpt lat="35.2555540" lon="113.9165900">
    <ele>71.4</ele>
    <time>2025-07-07T00:00:13Z</time>
    <extensions>
     <gpxtpx:TrackPointExtension>
      <gpxtpx:hr>119</gpxtpx:hr>
     </gpxtpx:TrackPointExtension>
    </extensions>
   </trkpt>
   <trkpt lat="35.2555540" lon="113.9165900">
    <ele>71.4</ele>
    <time>2025-07-07T00:00:13Z</time>
    <extensions>
     <gpxtpx:TrackPointExtension>
      <gpxtpx:hr>119</gpxtpx:hr>
     </gpxtpx:TrackPointExtension>
    </extensions>
   </trkpt>
   <trkpt lat="35.2554860" lon="113.9165700">
    <ele>71.6</ele>
    <time>2025-07-07T00:00:14Z</time>
    <extensions>
     <gpxtpx:TrackPointExtension>
      <gpxtpx:hr>119</gpxtpx:hr>
     </gpxtpx:TrackPointExtension>
    </extensions>
   </trkpt>
   <trkpt lat="35.2554300" lon="113.9165700">
    <ele>71.7</ele>
    <time>2025-07-07T00:00:15Z</time>
    <extensions>
     <gpxtpx:TrackPointExtension>
      <gpxtpx:hr>119</gpxtpx:hr>
     </gpxtpx:TrackPointExtension>
    </extensions>
   </trkpt>
   <trkpt lat="35.2553830" lon="113.9165800">
    <ele>71.8</ele>
    <time>2025-07-07T00:00:16Z</time>
    <extensions>
     <gpxtpx:TrackPointExtension>
      <gpxtpx:hr>119</gpxtpx:hr>
     </gpxtpx:TrackPointExtension>
    </extensions>
   </trkpt>
   <trkpt lat="35.2553250" lon="113.9165900">
    <ele>71.9</ele>
    <time>2025-07-07T00:00:17Z</time>
    <extensions>
     <gpxtpx:TrackPointExtension>
      <gpxtpx:hr>119</gpxtpx:hr>
     </gpxtpx:TrackPointExtension>
    </extensions>
   </trkpt>
   <trkpt lat="35.2552700" lon="113.9165800">
    <ele>72.0</ele>
    <time>2025-07-07T00:00:18Z</time>
    <extensions>
     <gpxtpx:TrackPointExtension>
      <gpxtpx:hr>119</gpxtpx:hr>
     </gpxtpx:TrackPointExtension>
    </extensions>
   </trkpt>
   <trkpt lat="35.2552260" lon="113.9165900">
    <ele>72.1</ele>
    <time>2025-07-07T00:00:19Z</time>
    <extensions>
     <gpxtpx:TrackPointExtension>
      <gpxtpx:hr>120</gpxtpx:hr>
     </gpxtpx:TrackPointExtension>
    </extensions>
   </trkpt>
   <trkpt lat="35.2551800" lon="113.9165950">
    <ele>72.1</ele>
    <time>2025-07-07T00:00:20Z</time>
    <extensions>
     <gpxtpx:TrackPointExtension>
      <gpxtpx:hr>120</gpxtpx:hr>
     </gpxtpx:TrackPointExtension>
    </extensions>
   </trkpt>
   <trkpt lat="35.2551230" lon="113.9165950">
    <ele>72.1</ele>
    <time>2025-07-07T00:00:21Z</time>
    <extensions>
     <gpxtpx:TrackPointExtension>
      <gpxtpx:hr>120</gpxtpx:hr>
     </gpxtpx:TrackPointExtension>
    </extensions>
   </trkpt>
   <trkpt lat="35.2550700" lon="113.9166000">
    <ele>72.1</ele>
    <time>2025-07-07T00:00:22Z</time>
    <extensions>
     <gpxtpx:TrackPointExtension>
      <gpxtpx:hr>120</gpxtpx:hr>
     </gpxtpx:TrackPointExtension>
    </extensions>
   </trkpt>
   <trkpt lat="35.2550700" lon="113.9166000">
    <ele>72.1</ele>
    <time>2025-07-07T00:00:22Z</time>
    <extensions>
     <gpxtpx:TrackPointExtension>
      <gpxtpx:hr>120</gpxtpx:hr>
     </gpxtpx:TrackPointExtension>
    </extensions>
   </trkpt>
   <trkpt lat="35.2550240" lon="113.9166100">
    <ele>72.1</ele>
    <time>2025-07-07T00:00:23Z</time>
    <extensions>
     <gpxtpx:TrackPointExtension>
      <gpxtpx:hr>121</gpxtpx:hr>
     </gpxtpx:TrackPointExtension>
    </extensions>
   </trkpt>
   <trkpt lat="35.2550240" lon="113.9166100">
    <ele>72.1</ele>
    <time>2025-07-07T00:00:23Z</time>
    <extensions>
     <gpxtpx:TrackPointExtension>
      <gpxtpx:hr>121</gpxtpx:hr>
     </gpxtpx:TrackPointExtension>
    </extensions>
   </trkpt>
   <trkpt lat="35.2549820" lon="113.9166260">
    <ele>72.1</ele>
    <time>2025-07-07T00:00:24Z</time>
    <extensions>
     <gpxtpx:TrackPointExtension>
      <gpxtpx:hr>121</gpxtpx:hr>
     </gpxtpx:TrackPointExtension>
    </extensions>
   </trkpt>
   <trkpt lat="35.2549300" lon="113.9166100">
    <ele>72.2</ele>
    <time>2025-07-07T00:00:25Z</time>
    <extensions>
     <gpxtpx:TrackPointExtension>
      <gpxtpx:hr>122</gpxtpx:hr>
     </gpxtpx:TrackPointExtension>
    </extensions>
   </trkpt>
   <trkpt lat="35.2548980" lon="113.9166000">
    <ele>72.2</ele>
    <time>2025-07-07T00:00:26Z</time>
    <extensions>
     <gpxtpx:TrackPointExtension>
      <gpxtpx:hr>122</gpxtpx:hr>
     </gpxtpx:TrackPointExtension>
    </extensions>
   </trkpt>
   <trkpt lat="35.2548600" lon="113.9166200">
    <ele>72.3</ele>
    <time>2025-07-07T00:00:27Z</time>
    <extensions>
     <gpxtpx:TrackPointExtension>
      <gpxtpx:hr>122</gpxtpx:hr>
     </gpxtpx:TrackPointExtension>
    </extensions>
   </trkpt>
   <trkpt lat="35.2548140" lon="113.9166200">
    <ele>72.3</ele>
    <time>2025-07-07T00:00:28Z</time>
    <extensions>
     <gpxtpx:TrackPointExtension>
      <gpxtpx:hr>121</gpxtpx:hr>
     </gpxtpx:TrackPointExtension>
    </extensions>
   </trkpt>
   <trkpt lat="35.2547800" lon="113.9166200">
    <ele>72.4</ele>
    <time>2025-07-07T00:00:29Z</time>
    <extensions>
     <gpxtpx:TrackPointExtension>
      <gpxtpx:hr>121</gpxtpx:hr>
     </gpxtpx:TrackPointExtension>
    </extensions>
   </trkpt>
   <trkpt lat="35.2547600" lon="113.9166300">
    <ele>72.4</ele>
    <time>2025-07-07T00:00:30Z</time>
    <extensions>
     <gpxtpx:TrackPointExtension>
      <gpxtpx:hr>120</gpxtpx:hr>
     </gpxtpx:TrackPointExtension>
    </extensions>
   </trkpt>
   <trkpt lat="35.2547300" lon="113.9166300">
    <ele>72.4</ele>
    <time>2025-07-07T00:00:31Z</time>
    <extensions>
     <gpxtpx:TrackPointExtension>
      <gpxtpx:hr>120</gpxtpx:hr>
     </gpxtpx:TrackPointExtension>
    </extensions>
   </trkpt>
   <trkpt lat="35.2547070" lon="113.9166400">
    <ele>72.4</ele>
    <time>2025-07-07T00:00:32Z</time>
    <extensions>
     <gpxtpx:TrackPointExtension>
      <gpxtpx:hr>119</gpxtpx:hr>
     </gpxtpx:TrackPointExtension>
    </extensions>
   </trkpt>
   <trkpt lat="35.2546920" lon="113.9166500">
    <ele>72.5</ele>
    <time>2025-07-07T00:00:33Z</time>
    <extensions>
     <gpxtpx:TrackPointExtension>
      <gpxtpx:hr>119</gpxtpx:hr>
     </gpxtpx:TrackPointExtension>
    </extensions>
   </trkpt>
   <trkpt lat="35.2546920" lon="113.9166500">
    <ele>72.5</ele>
    <time>2025-07-07T00:00:33Z</time>
    <extensions>
     <gpxtpx:TrackPointExtension>
      <gpxtpx:hr>119</gpxtpx:hr>
     </gpxtpx:TrackPointExtension>
    </extensions>
   </trkpt>
   <trkpt lat="35.2546770" lon="113.9166690">
    <ele>72.5</ele>
    <time>2025-07-07T00:00:34Z</time>
    <extensions>
     <gpxtpx:TrackPointExtension>
      <gpxtpx:hr>118</gpxtpx:hr>
     </gpxtpx:TrackPointExtension>
    </extensions>
   </trkpt>
   <trkpt lat="35.2546630" lon="113.9166740">
    <ele>72.5</ele>
    <time>2025-07-07T00:00:35Z</time>
    <extensions>
     <gpxtpx:TrackPointExtension>
      <gpxtpx:hr>118</gpxtpx:hr>
     </gpxtpx:TrackPointExtension>
    </extensions>
   </trkpt>
   <trkpt lat="35.2546500" lon="113.9166800">
    <ele>72.5</ele>
    <time>2025-07-07T00:00:36Z</time>
    <extensions>
     <gpxtpx:TrackPointExtension>
      <gpxtpx:hr>117</gpxtpx:hr>
     </gpxtpx:TrackPointExtension>
    </extensions>
   </trkpt>
   <trkpt lat="35.2546370" lon="113.9166850">
    <ele>72.6</ele>
    <time>2025-07-07T00:00:37Z</time>
    <extensions>
     <gpxtpx:TrackPointExtension>
      <gpxtpx:hr>117</gpxtpx:hr>
     </gpxtpx:TrackPointExtension>
    </extensions>
   </trkpt>
   <trkpt lat="35.2546230" lon="113.9166900">
    <ele>72.6</ele>
    <time>2025-07-07T00:01:03Z</time>
    <extensions>
     <gpxtpx:TrackPointExtension>
      <gpxtpx:hr>117</gpxtpx:hr>
     </gpxtpx:TrackPointExtension>
    </extensions>
   </trkpt>
   <trkpt lat="35.2546100" lon="113.9166950">
    <ele>72.6</ele>
    <time>2025-07-07T00:01:04Z</time>
    <extensions>
     <gpxtpx:TrackPointExtension>
      <gpxtpx:hr>107</gpxtpx:hr>
     </gpxtpx:TrackPointExtension>
    </extensions>
   </trkpt>
   <trkpt lat="35.2545800" lon="113.9166950">
    <ele>72.6</ele>
    <time>2025-07-07T00:01:05Z</time>
    <extensions>
     <gpxtpx:TrackPointExtension>
      <gpxtpx:hr>107</gpxtpx:hr>
     </gpxtpx:TrackPointExtension>
    </extensions>
   </trkpt>
   <trkpt lat="35.2545470" lon="113.9166900">
    <ele>72.7</ele>
    <time>2025-07-07T00:01:06Z</time>
    <extensions>
     <gpxtpx:TrackPointExtension>
      <gpxtpx:hr>107</gpxtpx:hr>
     </gpxtpx:TrackPointExtension>
    </extensions>
   </trkpt>
   <trkpt lat="35.2545170" lon="113.9167000">
    <ele>72.8</ele>
    <time>2025-07-07T00:01:07Z</time>
    <extensions>
     <gpxtpx:TrackPointExtension>
      <gpxtpx:hr>106</gpxtpx:hr>
     </gpxtpx:TrackPointExtension>
    </extensions>
   </trkpt>
   <trkpt lat="35.2544820" lon="113.9166950">
    <ele>72.8</ele>
    <time>2025-07-07T00:01:08Z</time>
    <extensions>
     <gpxtpx:TrackPointExtension>
      <gpxtpx:hr>105</gpxtpx:hr>
     </gpxtpx:TrackPointExtension>
    </extensions>
   </trkpt>
   <trkpt lat="35.2544820" lon="113.9166950">
    <ele>72.8</ele>
    <time>2025-07-07T00:01:08Z</time>
    <extensions>
     <gpxtpx:TrackPointExtension>
      <gpxtpx:hr>105</gpxtpx:hr>
     </gpxtpx:TrackPointExtension>
    </extensions>
   </trkpt>
   <trkpt lat="35.2544000" lon="113.9166640">
    <ele>73.0</ele>
    <time>2025-07-07T00:01:09Z</time>
    <extensions>
     <gpxtpx:TrackPointExtension>
      <gpxtpx:hr>103</gpxtpx:hr>
     </gpxtpx:TrackPointExtension>
    </extensions>
   </trkpt>
   <trkpt lat="35.2543500" lon="113.9166700">
    <ele>72.9</ele>
    <time>2025-07-07T00:01:10Z</time>
    <extensions>
     <gpxtpx:TrackPointExtension>
      <gpxtpx:hr>103</gpxtpx:hr>
     </gpxtpx:TrackPointExtension>
    </extensions>
   </trkpt>
   <trkpt lat="35.2543070" lon="113.9166800">
    <ele>72.8</ele>
    <time>2025-07-07T00:01:11Z</time>
    <extensions>
     <gpxtpx:TrackPointExtension>
      <gpxtpx:hr>103</gpxtpx:hr>
     </gpxtpx:TrackPointExtension>
    </extensions>
   </trkpt>
   <trkpt lat="35.2542570" lon="113.9166600">
    <ele>72.7</ele>
    <time>2025-07-07T00:01:12Z</time>
    <extensions>
     <gpxtpx:TrackPointExtension>
      <gpxtpx:hr>103</gpxtpx:hr>
     </gpxtpx:TrackPointExtension>
    </extensions>
   </trkpt>
   <trkpt lat="35.2542150" lon="113.9166500">
    <ele>72.7</ele>
    <time>2025-07-07T00:01:13Z</time>
    <extensions>
     <gpxtpx:TrackPointExtension>
      <gpxtpx:hr>104</gpxtpx:hr>
     </gpxtpx:TrackPointExtension>
    </extensions>
   </trkpt>
   <trkpt lat="35.2542150" lon="113.9166500">
    <ele>72.7</ele>
    <time>2025-07-07T00:01:13Z</time>
    <extensions>
     <gpxtpx:TrackPointExtension>
      <gpxtpx:hr>104</gpxtpx:hr>
     </gpxtpx:TrackPointExtension>
    </extensions>
   </trkpt>
   <trkpt lat="35.2541770" lon="113.9166400">
    <ele>72.6</ele>
    <time>2025-07-07T00:01:14Z</time>
    <extensions>
     <gpxtpx:TrackPointExtension>
      <gpxtpx:hr>105</gpxtpx:hr>
     </gpxtpx:TrackPointExtension>
    </extensions>
   </trkpt>
   <trkpt lat="35.2541350" lon="113.9166500">
    <ele>72.6</ele>
    <time>2025-07-07T00:01:15Z</time>
    <extensions>
     <gpxtpx:TrackPointExtension>
      <gpxtpx:hr>105</gpxtpx:hr>
     </gpxtpx:TrackPointExtension>
    </extensions>
   </trkpt>
   <trkpt lat="35.2540860" lon="113.9166640">
    <ele>72.6</ele>
    <time>2025-07-07T00:01:16Z</time>
    <extensions>
     <gpxtpx:TrackPointExtension>
      <gpxtpx:hr>106</gpxtpx:hr>
     </gpxtpx:TrackPointExtension>
    </extensions>
   </trkpt>
   <trkpt lat="35.2540860" lon="113.9166640">
    <ele>72.6</ele>
    <time>2025-07-07T00:01:16Z</time>
    <extensions>
     <gpxtpx:TrackPointExtension>
      <gpxtpx:hr>107</gpxtpx:hr>
     </gpxtpx:TrackPointExtension>
    </extensions>
   </trkpt>
   <trkpt lat="35.2540440" lon="113.9166500">
    <ele>72.5</ele>
    <time>2025-07-07T00:01:17Z</time>
    <extensions>
     <gpxtpx:TrackPointExtension>
      <gpxtpx:hr>107</gpxtpx:hr>
     </gpxtpx:TrackPointExtension>
    </extensions>
   </trkpt>
   <trkpt lat="35.2539940" lon="113.9166500">
    <ele>72.5</ele>
    <time>2025-07-07T00:01:18Z</time>
    <extensions>
     <gpxtpx:TrackPointExtension>
      <gpxtpx:hr>107</gpxtpx:hr>
     </gpxtpx:TrackPointExtension>
    </extensions>
   </trkpt>
   <trkpt lat="35.2539940" lon="113.9166500">
    <ele>72.5</ele>
    <time>2025-07-07T00:01:18Z</time>
    <extensions>
     <gpxtpx:TrackPointExtension>
      <gpxtpx:hr>107</gpxtpx:hr>
     </gpxtpx:TrackPointExtension>
    </extensions>
   </trkpt>
   <trkpt lat="35.2539600" lon="113.9166600">
    <ele>72.5</ele>
    <time>2025-07-07T00:01:19Z</time>
    <extensions>
     <gpxtpx:TrackPointExtension>
      <gpxtpx:hr>107</gpxtpx:hr>
     </gpxtpx:TrackPointExtension>
    </extensions>
   </trkpt>
   <trkpt lat="35.2539140" lon="113.9166600">
    <ele>72.4</ele>
    <time>2025-07-07T00:01:20Z</time>
    <extensions>
     <gpxtpx:TrackPointExtension>
      <gpxtpx:hr>108</gpxtpx:hr>
     </gpxtpx:TrackPointExtension>
    </extensions>
   </trkpt>
   <trkpt lat="35.2538570" lon="113.9166700">
    <ele>72.3</ele>
    <time>2025-07-07T00:01:21Z</time>
    <extensions>
     <gpxtpx:TrackPointExtension>
      <gpxtpx:hr>108</gpxtpx:hr>
     </gpxtpx:TrackPointExtension>
    </extensions>
   </trkpt>
   <trkpt lat="35.2538220" lon="113.9166800">
    <ele>72.2</ele>
    <time>2025-07-07T00:01:22Z</time>
    <extensions>
     <gpxtpx:TrackPointExtension>
      <gpxtpx:hr>108</gpxtpx:hr>
     </gpxtpx:TrackPointExtension>
    </extensions>
   </trkpt>
   <trkpt lat="35.2537800" lon="113.9166700">
    <ele>72.1</ele>
    <time>2025-07-07T00:01:23Z</time>
    <extensions>
     <gpxtpx:TrackPointExtension>
      <gpxtpx:hr>109</gpxtpx:hr>
     </gpxtpx:TrackPointExtension>
    </extensions>
   </trkpt>
   <trkpt lat="35.2537350" lon="113.9166640">
    <ele>72.1</ele>
    <time>2025-07-07T00:01:24Z</time>
    <extensions>
     <gpxtpx:TrackPointExtension>
      <gpxtpx:hr>109</gpxtpx:hr>
     </gpxtpx:TrackPointExtension>
    </extensions>
   </trkpt>
   <trkpt lat="35.2536960" lon="113.9166600">
    <ele>72.0</ele>
    <time>2025-07-07T00:01:25Z</time>
    <extensions>
     <gpxtpx:TrackPointExtension>
      <gpxtpx:hr>109</gpxtpx:hr>
     </gpxtpx:TrackPointExtension>
    </extensions>
   </trkpt>
   <trkpt lat="35.2536540" lon="113.9166600">
    <ele>72.0</ele>
    <time>2025-07-07T00:01:26Z</time>
    <extensions>
     <gpxtpx:TrackPointExtension>
      <gpxtpx:hr>108</gpxtpx:hr>
     </gpxtpx:TrackPointExtension>
    </extensions>
   </trkpt>
   <trkpt lat="35.2536050" lon="113.9166640">
    <ele>72.0</ele>
    <time>2025-07-07T00:01:27Z</time>
    <extensions>
     <gpxtpx:TrackPointExtension>
      <gpxtpx:hr>108</gpxtpx:hr>
     </gpxtpx:TrackPointExtension>
    </extensions>
   </trkpt>
   <trkpt lat="35.2535670" lon="113.9166640">
    <ele>71.9</ele>
    <time>2025-07-07T00:01:28Z</time>
    <extensions>
     <gpxtpx:TrackPointExtension>
      <gpxtpx:hr>108</gpxtpx:hr>
     </gpxtpx:TrackPointExtension>
    </extensions>
   </trkpt>
   <trkpt lat="35.2535670" lon="113.9166640">
    <ele>71.9</ele>
    <time>2025-07-07T00:01:28Z</time>
    <extensions>
     <gpxtpx:TrackPointExtension>
      <gpxtpx:hr>108</gpxtpx:hr>
     </gpxtpx:TrackPointExtension>
    </extensions>
   </trkpt>
   <trkpt lat="35.2535170" lon="113.9166600">
    <ele>71.9</ele>
    <time>2025-07-07T00:01:29Z</time>
    <extensions>
     <gpxtpx:TrackPointExtension>
      <gpxtpx:hr>108</gpxtpx:hr>
     </gpxtpx:TrackPointExtension>
    </extensions>
   </trkpt>
   <trkpt lat="35.2534800" lon="113.9166640">
    <ele>71.9</ele>
    <time>2025-07-07T00:01:30Z</time>
    <extensions>
     <gpxtpx:TrackPointExtension>
      <gpxtpx:hr>108</gpxtpx:hr>
     </gpxtpx:TrackPointExtension>
    </extensions>
   </trkpt>
   <trkpt lat="35.2534200" lon="113.9166800">
    <ele>71.7</ele>
    <time>2025-07-07T00:01:31Z</time>
    <extensions>
     <gpxtpx:TrackPointExtension>
      <gpxtpx:hr>108</gpxtpx:hr>
     </gpxtpx:TrackPointExtension>
    </extensions>
   </trkpt>
   <trkpt lat="35.2533650" lon="113.9166640">
    <ele>71.6</ele>
    <time>2025-07-07T00:01:32Z</time>
    <extensions>
     <gpxtpx:TrackPointExtension>
      <gpxtpx:hr>109</gpxtpx:hr>
     </gpxtpx:TrackPointExtension>
    </extensions>
   </trkpt>
   <trkpt lat="35.2533230" lon="113.9166800">
    <ele>71.5</ele>
    <time>2025-07-07T00:01:33Z</time>
    <extensions>
     <gpxtpx:TrackPointExtension>
      <gpxtpx:hr>109</gpxtpx:hr>
     </gpxtpx:TrackPointExtension>
    </extensions>
   </trkpt>
   <trkpt lat="35.2533230" lon="113.9166800">
    <ele>71.5</ele>
    <time>2025-07-07T00:01:33Z</time>
    <extensions>
     <gpxtpx:TrackPointExtension>
      <gpxtpx:hr>109</gpxtpx:hr>
     </gpxtpx:TrackPointExtension>
    </extensions>
   </trkpt>
   <trkpt lat="35.2532770" lon="113.9166800">
    <ele>71.4</ele>
    <time>2025-07-07T00:01:34Z</time>
    <extensions>
     <gpxtpx:TrackPointExtension>
      <gpxtpx:hr>110</gpxtpx:hr>
     </gpxtpx:TrackPointExtension>
    </extensions>
   </trkpt>
   <trkpt lat="35.2532270" lon="113.9166700">
    <ele>71.3</ele>
    <time>2025-07-07T00:01:35Z</time>
    <extensions>
     <gpxtpx:TrackPointExtension>
      <gpxtpx:hr>111</gpxtpx:hr>
     </gpxtpx:TrackPointExtension>
    </extensions>
   </trkpt>
   <trkpt lat="35.2531930" lon="113.9166700">
    <ele>71.3</ele>
    <time>2025-07-07T00:01:36Z</time>
    <extensions>
     <gpxtpx:TrackPointExtension>
      <gpxtpx:hr>111</gpxtpx:hr>
     </gpxtpx:TrackPointExtension>
    </extensions>
   </trkpt>
   <trkpt lat="35.2531500" lon="113.9166700">
    <ele>71.3</ele>
    <time>2025-07-07T00:01:37Z</time>
    <extensions>
     <gpxtpx:TrackPointExtension>
      <gpxtpx:hr>111</gpxtpx:hr>
     </gpxtpx:TrackPointExtension>
    </extensions>
   </trkpt>
   <trkpt lat="35.2531130" lon="113.9166640">
    <ele>71.2</ele>
    <time>2025-07-07T00:01:38Z</time>
    <extensions>
     <gpxtpx:TrackPointExtension>
      <gpxtpx:hr>111</gpxtpx:hr>
     </gpxtpx:TrackPointExtension>
    </extensions>
   </trkpt>
   <trkpt lat="35.2531130" lon="113.9166640">
    <ele>71.2</ele>
    <time>2025-07-07T00:01:38Z</time>
    <extensions>
     <gpxtpx:TrackPointExtension>
      <gpxtpx:hr>111</gpxtpx:hr>
     </gpxtpx:TrackPointExtension>
    </extensions>
   </trkpt>
   <trkpt lat="35.2530750" lon="113.9166700">
    <ele>71.2</ele>
    <time>2025-07-07T00:01:39Z</time>
    <extensions>
     <gpxtpx:TrackPointExtension>
      <gpxtpx:hr>111</gpxtpx:hr>
     </gpxtpx:TrackPointExtension>
    </extensions>
   </trkpt>
   <trkpt lat="35.2530250" lon="113.9166800">
    <ele>71.2</ele>
    <time>2025-07-07T00:01:40Z</time>
    <extensions>
     <gpxtpx:TrackPointExtension>
      <gpxtpx:hr>111</gpxtpx:hr>
     </gpxtpx:TrackPointExtension>
    </extensions>
   </trkpt>
   <trkpt lat="35.2529800" lon="113.9166700">
    <ele>71.1</ele>
    <time>2025-07-07T00:01:41Z</time>
    <extensions>
     <gpxtpx:TrackPointExtension>
      <gpxtpx:hr>111</gpxtpx:hr>
     </gpxtpx:TrackPointExtension>
    </extensions>
   </trkpt>
   <trkpt lat="35.2529400" lon="113.9166800">
    <ele>71.1</ele>
    <time>2025-07-07T00:01:42Z</time>
    <extensions>
     <gpxtpx:TrackPointExtension>
      <gpxtpx:hr>111</gpxtpx:hr>
     </gpxtpx:TrackPointExtension>
    </extensions>
   </trkpt>
   <trkpt lat="35.2528950" lon="113.9166640">
    <ele>71.1</ele>
    <time>2025-07-07T00:01:43Z</time>
    <extensions>
     <gpxtpx:TrackPointExtension>
      <gpxtpx:hr>111</gpxtpx:hr>
     </gpxtpx:TrackPointExtension>
    </extensions>
   </trkpt>
   <trkpt lat="35.2528530" lon="113.9166700">
    <ele>71.1</ele>
    <time>2025-07-07T00:01:44Z</time>
    <extensions>
     <gpxtpx:TrackPointExtension>
      <gpxtpx:hr>111</gpxtpx:hr>
     </gpxtpx:TrackPointExtension>
    </extensions>
   </trkpt>
   <trkpt lat="35.2528040" lon="113.9166700">
    <ele>71.0</ele>
    <time>2025-07-07T00:01:45Z</time>
    <extensions>
     <gpxtpx:TrackPointExtension>
      <gpxtpx:hr>111</gpxtpx:hr>
     </gpxtpx:TrackPointExtension>
    </extensions>
   </trkpt>
   <trkpt lat="35.2527500" lon="113.9166640">
    <ele>71.0</ele>
    <time>2025-07-07T00:01:46Z</time>
    <extensions>
     <gpxtpx:TrackPointExtension>
      <gpxtpx:hr>111</gpxtpx:hr>
     </gpxtpx:TrackPointExtension>
    </extensions>
   </trkpt>
   <trkpt lat="35.2527050" lon="113.9166600">
    <ele>71.0</ele>
    <time>2025-07-07T00:01:47Z</time>
    <extensions>
     <gpxtpx:TrackPointExtension>
      <gpxtpx:hr>111</gpxtpx:hr>
     </gpxtpx:TrackPointExtension>
    </extensions>
   </trkpt>
   <trkpt lat="35.2526630" lon="113.9166800">
    <ele>70.9</ele>
    <time>2025-07-07T00:01:48Z</time>
    <extensions>
     <gpxtpx:TrackPointExtension>
      <gpxtpx:hr>111</gpxtpx:hr>
     </gpxtpx:TrackPointExtension>
    </extensions>
   </trkpt>
   <trkpt lat="35.2526630" lon="113.9166800">
    <ele>70.9</ele>
    <time>2025-07-07T00:01:48Z</time>
    <extensions>
     <gpxtpx:TrackPointExtension>
      <gpxtpx:hr>111</gpxtpx:hr>
     </gpxtpx:TrackPointExtension>
    </extensions>
   </trkpt>
   <trkpt lat="35.2526100" lon="113.9166700">
    <ele>70.8</ele>
    <time>2025-07-07T00:01:49Z</time>
    <extensions>
     <gpxtpx:TrackPointExtension>
      <gpxtpx:hr>111</gpxtpx:hr>
     </gpxtpx:TrackPointExtension>
    </extensions>
   </trkpt>
   <trkpt lat="35.2525500" lon="113.9166500">
    <ele>70.7</ele>
    <time>2025-07-07T00:01:50Z</time>
    <extensions>
     <gpxtpx:TrackPointExtension>
      <gpxtpx:hr>111</gpxtpx:hr>
     </gpxtpx:TrackPointExtension>
    </extensions>
   </trkpt>
   <trkpt lat="35.2525020" lon="113.9166500">
    <ele>70.6</ele>
    <time>2025-07-07T00:01:51Z</time>
    <extensions>
     <gpxtpx:TrackPointExtension>
      <gpxtpx:hr>112</gpxtpx:hr>
     </gpxtpx:TrackPointExtension>
    </extensions>
   </trkpt>
   <trkpt lat="35.2524530" lon="113.9166300">
    <ele>70.6</ele>
    <time>2025-07-07T00:01:52Z</time>
    <extensions>
     <gpxtpx:TrackPointExtension>
      <gpxtpx:hr>112</gpxtpx:hr>
     </gpxtpx:TrackPointExtension>
    </extensions>
   </trkpt>
   <trkpt lat="35.2524530" lon="113.9166300">
    <ele>70.6</ele>
    <time>2025-07-07T00:01:52Z</time>
    <extensions>
     <gpxtpx:TrackPointExtension>
      <gpxtpx:hr>112</gpxtpx:hr>
     </gpxtpx:TrackPointExtension>
    </extensions>
   </trkpt>
   <trkpt lat="35.2524100" lon="113.9166500">
    <ele>70.5</ele>
    <time>2025-07-07T00:01:53Z</time>
    <extensions>
     <gpxtpx:TrackPointExtension>
      <gpxtpx:hr>111</gpxtpx:hr>
     </gpxtpx:TrackPointExtension>
    </extensions>
   </trkpt>
   <trkpt lat="35.2523650" lon="113.9166400">
    <ele>70.3</ele>
    <time>2025-07-07T00:01:54Z</time>
    <extensions>
     <gpxtpx:TrackPointExtension>
      <gpxtpx:hr>112</gpxtpx:hr>
     </gpxtpx:TrackPointExtension>
    </extensions>
   </trkpt>
   <trkpt lat="35.2523200" lon="113.9166300">
    <ele>70.2</ele>
    <time>2025-07-07T00:01:55Z</time>
    <extensions>
     <gpxtpx:TrackPointExtension>
      <gpxtpx:hr>112</gpxtpx:hr>
     </gpxtpx:TrackPointExtension>
    </extensions>
   </trkpt>
   <trkpt lat="35.2522740" lon="113.9166600">
    <ele>70.1</ele>
    <time>2025-07-07T00:01:56Z</time>
    <extensions>
     <gpxtpx:TrackPointExtension>
      <gpxtpx:hr>113</gpxtpx:hr>
     </gpxtpx:TrackPointExtension>
    </extensions>
   </trkpt>
   <trkpt lat="35.2522280" lon="113.9166500">
    <ele>70.0</ele>
    <time>2025-07-07T00:01:57Z</time>
    <extensions>
     <gpxtpx:TrackPointExtension>
      <gpxtpx:hr>113</gpxtpx:hr>
     </gpxtpx:TrackPointExtension>
    </extensions>
   </trkpt>
   <trkpt lat="35.2521860" lon="113.9166600">
    <ele>69.9</ele>
    <time>2025-07-07T00:01:58Z</time>
    <extensions>
     <gpxtpx:TrackPointExtension>
      <gpxtpx:hr>113</gpxtpx:hr>
     </gpxtpx:TrackPointExtension>
    </extensions>
   </trkpt>
   <trkpt lat="35.2521860" lon="113.9166600">
    <ele>69.9</ele>
    <time>2025-07-07T00:01:58Z</time>
    <extensions>
     <gpxtpx:TrackPointExtension>
      <gpxtpx:hr>112</gpxtpx:hr>
     </gpxtpx:TrackPointExtension>
    </extensions>
   </trkpt>
   <trkpt lat="35.2521440" lon="113.9166600">
    <ele>69.9</ele>
    <time>2025-07-07T00:01:59Z</time>
    <extensions>
     <gpxtpx:TrackPointExtension>
      <gpxtpx:hr>111</gpxtpx:hr>
     </gpxtpx:TrackPointExtension>
    </extensions>
   </trkpt>
   <trkpt lat="35.2520940" lon="113.9166600">
    <ele>69.9</ele>
    <time>2025-07-07T00:02:00Z</time>
    <extensions>
     <gpxtpx:TrackPointExtension>
      <gpxtpx:hr>111</gpxtpx:hr>
     </gpxtpx:TrackPointExtension>
    </extensions>
   </trkpt>
   <trkpt lat="35.2520400" lon="113.9166600">
    <ele>69.8</ele>
    <time>2025-07-07T00:02:01Z</time>
    <extensions>
     <gpxtpx:TrackPointExtension>
      <gpxtpx:hr>112</gpxtpx:hr>
     </gpxtpx:TrackPointExtension>
    </extensions>
   </trkpt>
   <trkpt lat="35.2519870" lon="113.9166700">
    <ele>69.8</ele>
    <time>2025-07-07T00:02:02Z</time>
    <extensions>
     <gpxtpx:TrackPointExtension>
      <gpxtpx:hr>113</gpxtpx:hr>
     </gpxtpx:TrackPointExtension>
    </extensions>
   </trkpt>
   <trkpt lat="35.2519450" lon="113.9166950">
    <ele>69.7</ele>
    <time>2025-07-07T00:02:03Z</time>
    <extensions>
     <gpxtpx:TrackPointExtension>
      <gpxtpx:hr>113</gpxtpx:hr>
     </gpxtpx:TrackPointExtension>
    </extensions>
   </trkpt>
   <trkpt lat="35.2518960" lon="113.9166900">
    <ele>69.6</ele>
    <time>2025-07-07T00:02:04Z</time>
    <extensions>
     <gpxtpx:TrackPointExtension>
      <gpxtpx:hr>114</gpxtpx:hr>
     </gpxtpx:TrackPointExtension>
    </extensions>
   </trkpt>
   <trkpt lat="35.2518580" lon="113.9166900">
    <ele>69.6</ele>
    <time>2025-07-07T00:02:05Z</time>
    <extensions>
     <gpxtpx:TrackPointExtension>
      <gpxtpx:hr>114</gpxtpx:hr>
     </gpxtpx:TrackPointExtension>
    </extensions>
   </trkpt>
   <trkpt lat="35.2518100" lon="113.9166950">
    <ele>69.5</ele>
    <time>2025-07-07T00:02:06Z</time>
    <extensions>
     <gpxtpx:TrackPointExtension>
      <gpxtpx:hr>114</gpxtpx:hr>
     </gpxtpx:TrackPointExtension>
    </extensions>
   </trkpt>
   <trkpt lat="35.2517500" lon="113.9166800">
    <ele>69.4</ele>
    <time>2025-07-07T00:02:07Z</time>
    <extensions>
     <gpxtpx:TrackPointExtension>
      <gpxtpx:hr>114</gpxtpx:hr>
     </gpxtpx:TrackPointExtension>
    </extensions>
   </trkpt>
   <trkpt lat="35.2517500" lon="113.9166800">
    <ele>69.4</ele>
    <time>2025-07-07T00:02:07Z</time>
    <extensions>
     <gpxtpx:TrackPointExtension>
      <gpxtpx:hr>114</gpxtpx:hr>
     </gpxtpx:TrackPointExtension>
    </extensions>
   </trkpt>
   <trkpt lat="35.2517130" lon="113.9166600">
    <ele>69.4</ele>
    <time>2025-07-07T00:02:08Z</time>
    <extensions>
     <gpxtpx:TrackPointExtension>
      <gpxtpx:hr>113</gpxtpx:hr>
     </gpxtpx:TrackPointExtension>
    </extensions>
   </trkpt>
   <trkpt lat="35.2516670" lon="113.9166600">
    <ele>69.3</ele>
    <time>2025-07-07T00:02:09Z</time>
    <extensions>
     <gpxtpx:TrackPointExtension>
      <gpxtpx:hr>113</gpxtpx:hr>
     </gpxtpx:TrackPointExtension>
    </extensions>
   </trkpt>
   <trkpt lat="35.2516100" lon="113.9166500">
    <ele>69.2</ele>
    <time>2025-07-07T00:02:10Z</time>
    <extensions>
     <gpxtpx:TrackPointExtension>
      <gpxtpx:hr>112</gpxtpx:hr>
     </gpxtpx:TrackPointExtension>
    </extensions>
   </trkpt>
   <trkpt lat="35.2515680" lon="113.9166700">
    <ele>69.1</ele>
    <time>2025-07-07T00:02:11Z</time>
    <extensions>
     <gpxtpx:TrackPointExtension>
      <gpxtpx:hr>112</gpxtpx:hr>
     </gpxtpx:TrackPointExtension>
    </extensions>
   </trkpt>
   <trkpt lat="35.2515680" lon="113.9166700">
    <ele>69.1</ele>
    <time>2025-07-07T00:02:11Z</time>
    <extensions>
     <gpxtpx:TrackPointExtension>
      <gpxtpx:hr>112</gpxtpx:hr>
     </gpxtpx:TrackPointExtension>
    </extensions>
   </trkpt>
   <trkpt lat="35.2515300" lon="113.9166700">
    <ele>69.1</ele>
    <time>2025-07-07T00:02:12Z</time>
    <extensions>
     <gpxtpx:TrackPointExtension>
      <gpxtpx:hr>111</gpxtpx:hr>
     </gpxtpx:TrackPointExtension>
    </extensions>
   </trkpt>
   <trkpt lat="35.2514800" lon="113.9166700">
    <ele>69.0</ele>
    <time>2025-07-07T00:02:13Z</time>
    <extensions>
     <gpxtpx:TrackPointExtension>
      <gpxtpx:hr>111</gpxtpx:hr>
     </gpxtpx:TrackPointExtension>
    </extensions>
   </trkpt>
   <trkpt lat="35.2514300" lon="113.9166640">
    <ele>68.9</ele>
    <time>2025-07-07T00:02:14Z</time>
    <extensions>
     <gpxtpx:TrackPointExtension>
      <gpxtpx:hr>111</gpxtpx:hr>
     </gpxtpx:TrackPointExtension>
    </extensions>
   </trkpt>
   <trkpt lat="35.2513850" lon="113.9166600">
    <ele>68.8</ele>
    <time>2025-07-07T00:02:15Z</time>
    <extensions>
     <gpxtpx:TrackPointExtension>
      <gpxtpx:hr>111</gpxtpx:hr>
     </gpxtpx:TrackPointExtension>
    </extensions>
   </trkpt>
   <trkpt lat="35.2513240" lon="113.9166600">
    <ele>68.7</ele>
    <time>2025-07-07T00:02:16Z</time>
    <extensions>
     <gpxtpx:TrackPointExtension>
      <gpxtpx:hr>111</gpxtpx:hr>
     </gpxtpx:TrackPointExtension>
    </extensions>
   </trkpt>
   <trkpt lat="35.2512550" lon="113.9166600">
    <ele>68.5</ele>
    <time>2025-07-07T00:02:17Z</time>
    <extensions>
     <gpxtpx:TrackPointExtension>
      <gpxtpx:hr>112</gpxtpx:hr>
     </gpxtpx:TrackPointExtension>
    </extensions>
   </trkpt>
   <trkpt lat="35.2512550" lon="113.9166600">
    <ele>68.5</ele>
    <time>2025-07-07T00:02:17Z</time>
    <extensions>
     <gpxtpx:TrackPointExtension>
      <gpxtpx:hr>112</gpxtpx:hr>
     </gpxtpx:TrackPointExtension>
    </extensions>
   </trkpt>
   <trkpt lat="35.2512250" lon="113.9166550">
    <ele>68.5</ele>
    <time>2025-07-07T00:02:18Z</time>
    <extensions>
     <gpxtpx:TrackPointExtension>
      <gpxtpx:hr>112</gpxtpx:hr>
     </gpxtpx:TrackPointExtension>
    </extensions>
   </trkpt>
   <trkpt lat="35.2511940" lon="113.9166500">
    <ele>68.4</ele>
    <time>2025-07-07T00:02:19Z</time>
    <extensions>
     <gpxtpx:TrackPointExtension>
      <gpxtpx:hr>112</gpxtpx:hr>
     </gpxtpx:TrackPointExtension>
    </extensions>
   </trkpt>
   <trkpt lat="35.2511370" lon="113.9166400">
    <ele>68.4</ele>
    <time>2025-07-07T00:02:20Z</time>
    <extensions>
     <gpxtpx:TrackPointExtension>
      <gpxtpx:hr>113</gpxtpx:hr>
     </gpxtpx:TrackPointExtension>
    </extensions>
   </trkpt>
   <trkpt lat="35.2510800" lon="113.9166500">
    <ele>68.2</ele>
    <time>2025-07-07T00:02:21Z</time>
    <extensions>
     <gpxtpx:TrackPointExtension>
      <gpxtpx:hr>114</gpxtpx:hr>
     </gpxtpx:TrackPointExtension>
    </extensions>
   </trkpt>
   <trkpt lat="35.2510260" lon="113.9166400">
    <ele>68.1</ele>
    <time>2025-07-07T00:02:22Z</time>
    <extensions>
     <gpxtpx:TrackPointExtension>
      <gpxtpx:hr>115</gpxtpx:hr>
     </gpxtpx:TrackPointExtension>
    </extensions>
   </trkpt>
   <trkpt lat="35.2509800" lon="113.9166300">
    <ele>68.0</ele>
    <time>2025-07-07T00:02:23Z</time>
    <extensions>
     <gpxtpx:TrackPointExtension>
      <gpxtpx:hr>116</gpxtpx:hr>
     </gpxtpx:TrackPointExtension>
    </extensions>
   </trkpt>
   <trkpt lat="35.2509080" lon="113.9166400">
    <ele>67.9</ele>
    <time>2025-07-07T00:02:24Z</time>
    <extensions>
     <gpxtpx:TrackPointExtension>
      <gpxtpx:hr>117</gpxtpx:hr>
     </gpxtpx:TrackPointExtension>
    </extensions>
   </trkpt>
   <trkpt lat="35.2508620" lon="113.9166400">
    <ele>67.8</ele>
    <time>2025-07-07T00:02:25Z</time>
    <extensions>
     <gpxtpx:TrackPointExtension>
      <gpxtpx:hr>118</gpxtpx:hr>
     </gpxtpx:TrackPointExtension>
    </extensions>
   </trkpt>
   <trkpt lat="35.2508100" lon="113.9166700">
    <ele>67.7</ele>
    <time>2025-07-07T00:02:26Z</time>
    <extensions>
     <gpxtpx:TrackPointExtension>
      <gpxtpx:hr>119</gpxtpx:hr>
     </gpxtpx:TrackPointExtension>
    </extensions>
   </trkpt>
   <trkpt lat="35.2507600" lon="113.9166700">
    <ele>67.7</ele>
    <time>2025-07-07T00:02:27Z</time>
    <extensions>
     <gpxtpx:TrackPointExtension>
      <gpxtpx:hr>120</gpxtpx:hr>
     </gpxtpx:TrackPointExtension>
    </extensions>
   </trkpt>
   <trkpt lat="35.2507170" lon="113.9166700">
    <ele>67.6</ele>
    <time>2025-07-07T00:02:28Z</time>
    <extensions>
     <gpxtpx:TrackPointExtension>
      <gpxtpx:hr>120</gpxtpx:hr>
     </gpxtpx:TrackPointExtension>
    </extensions>
   </trkpt>
   <trkpt lat="35.2507170" lon="113.9166700">
    <ele>67.6</ele>
    <time>2025-07-07T00:02:28Z</time>
    <extensions>
     <gpxtpx:TrackPointExtension>
      <gpxtpx:hr>121</gpxtpx:hr>
     </gpxtpx:TrackPointExtension>
    </extensions>
   </trkpt>
   <trkpt lat="35.2507000" lon="113.9166700">
    <ele>67.6</ele>
    <time>2025-07-07T00:02:29Z</time>
    <extensions>
     <gpxtpx:TrackPointExtension>
      <gpxtpx:hr>122</gpxtpx:hr>
     </gpxtpx:TrackPointExtension>
    </extensions>
   </trkpt>
   <trkpt lat="35.2506700" lon="113.9166700">
    <ele>67.5</ele>
    <time>2025-07-07T00:02:30Z</time>
    <extensions>
     <gpxtpx:TrackPointExtension>
      <gpxtpx:hr>122</gpxtpx:hr>
     </gpxtpx:TrackPointExtension>
    </extensions>
   </trkpt>
   <trkpt lat="35.2506700" lon="113.9166700">
    <ele>67.5</ele>
    <time>2025-07-07T00:02:30Z</time>
    <extensions>
     <gpxtpx:TrackPointExtension>
      <gpxtpx:hr>123</gpxtpx:hr>
     </gpxtpx:TrackPointExtension>
    </extensions>
   </trkpt>
   <trkpt lat="35.2506500" lon="113.9166640">
    <ele>67.5</ele>
    <time>2025-07-07T00:02:31Z</time>
    <extensions>
     <gpxtpx:TrackPointExtension>
      <gpxtpx:hr>123</gpxtpx:hr>
     </gpxtpx:TrackPointExtension>
    </extensions>
   </trkpt>
   <trkpt lat="35.2506400" lon="113.9166700">
    <ele>67.5</ele>
    <time>2025-07-07T00:02:32Z</time>
    <extensions>
     <gpxtpx:TrackPointExtension>
      <gpxtpx:hr>124</gpxtpx:hr>
     </gpxtpx:TrackPointExtension>
    </extensions>
   </trkpt>
   <trkpt lat="35.2506070" lon="113.9166700">
    <ele>67.4</ele>
    <time>2025-07-07T00:02:33Z</time>
    <extensions>
     <gpxtpx:TrackPointExtension>
      <gpxtpx:hr>124</gpxtpx:hr>
     </gpxtpx:TrackPointExtension>
    </extensions>
   </trkpt>
   <trkpt lat="35.2505900" lon="113.9166800">
    <ele>67.4</ele>
    <time>2025-07-07T00:02:34Z</time>
    <extensions>
     <gpxtpx:TrackPointExtension>
      <gpxtpx:hr>125</gpxtpx:hr>
     </gpxtpx:TrackPointExtension>
    </extensions>
   </trkpt>
   <trkpt lat="35.2505600" lon="113.9166950">
    <ele>67.3</ele>
    <time>2025-07-07T00:02:35Z</time>
    <extensions>
     <gpxtpx:TrackPointExtension>
      <gpxtpx:hr>125</gpxtpx:hr>
     </gpxtpx:TrackPointExtension>
    </extensions>
   </trkpt>
   <trkpt lat="35.2505460" lon="113.9166950">
    <ele>67.3</ele>
    <time>2025-07-07T00:02:36Z</time>
    <extensions>
     <gpxtpx:TrackPointExtension>
      <gpxtpx:hr>124</gpxtpx:hr>
     </gpxtpx:TrackPointExtension>
    </extensions>
   </trkpt>
   <trkpt lat="35.2505200" lon="113.9167100">
    <ele>67.3</ele>
    <time>2025-07-07T00:02:37Z</time>
    <extensions>
     <gpxtpx:TrackPointExtension>
      <gpxtpx:hr>124</gpxtpx:hr>
     </gpxtpx:TrackPointExtension>
    </extensions>
   </trkpt>
   <trkpt lat="35.2505040" lon="113.9167300">
    <ele>67.2</ele>
    <time>2025-07-07T00:02:38Z</time>
    <extensions>
     <gpxtpx:TrackPointExtension>
      <gpxtpx:hr>124</gpxtpx:hr>
     </gpxtpx:TrackPointExtension>
    </extensions>
   </trkpt>
   <trkpt lat="35.2505040" lon="113.9167300">
    <ele>67.2</ele>
    <time>2025-07-07T00:02:38Z</time>
    <extensions>
     <gpxtpx:TrackPointExtension>
      <gpxtpx:hr>123</gpxtpx:hr>
     </gpxtpx:TrackPointExtension>
    </extensions>
   </trkpt>
   <trkpt lat="35.2504960" lon="113.9167560">
    <ele>67.2</ele>
    <time>2025-07-07T00:02:39Z</time>
    <extensions>
     <gpxtpx:TrackPointExtension>
      <gpxtpx:hr>122</gpxtpx:hr>
     </gpxtpx:TrackPointExtension>
    </extensions>
   </trkpt>
   <trkpt lat="35.2505000" lon="113.9168100">
    <ele>67.1</ele>
    <time>2025-07-07T00:02:40Z</time>
    <extensions>
     <gpxtpx:TrackPointExtension>
      <gpxtpx:hr>122</gpxtpx:hr>
     </gpxtpx:TrackPointExtension>
    </extensions>
   </trkpt>
   <trkpt lat="35.2505070" lon="113.9168550">
    <ele>67.0</ele>
    <time>2025-07-07T00:02:41Z</time>
    <extensions>
     <gpxtpx:TrackPointExtension>
      <gpxtpx:hr>121</gpxtpx:hr>
     </gpxtpx:TrackPointExtension>
    </extensions>
   </trkpt>
   <trkpt lat="35.2504960" lon="113.9169000">
    <ele>66.9</ele>
    <time>2025-07-07T00:02:42Z</time>
    <extensions>
     <gpxtpx:TrackPointExtension>
      <gpxtpx:hr>120</gpxtpx:hr>
     </gpxtpx:TrackPointExtension>
    </extensions>
   </trkpt>
   <trkpt lat="35.2505070" lon="113.9169600">
    <ele>66.7</ele>
    <time>2025-07-07T00:02:43Z</time>
    <extensions>
     <gpxtpx:TrackPointExtension>
      <gpxtpx:hr>120</gpxtpx:hr>
     </gpxtpx:TrackPointExtension>
    </extensions>
   </trkpt>
   <trkpt lat="35.2504800" lon="113.9170150">
    <ele>66.8</ele>
    <time>2025-07-07T00:02:44Z</time>
    <extensions>
     <gpxtpx:TrackPointExtension>
      <gpxtpx:hr>119</gpxtpx:hr>
     </gpxtpx:TrackPointExtension>
    </extensions>
   </trkpt>
   <trkpt lat="35.2504700" lon="113.9170700">
    <ele>67.0</ele>
    <time>2025-07-07T00:02:45Z</time>
    <extensions>
     <gpxtpx:TrackPointExtension>
      <gpxtpx:hr>119</gpxtpx:hr>
     </gpxtpx:TrackPointExtension>
    </extensions>
   </trkpt>
   <trkpt lat="35.2504540" lon="113.9171200">
    <ele>67.4</ele>
    <time>2025-07-07T00:02:46Z</time>
    <extensions>
     <gpxtpx:TrackPointExtension>
      <gpxtpx:hr>118</gpxtpx:hr>
     </gpxtpx:TrackPointExtension>
    </extensions>
   </trkpt>
   <trkpt lat="35.2504350" lon="113.9171700">
    <ele>67.7</ele>
    <time>2025-07-07T00:02:47Z</time>
    <extensions>
     <gpxtpx:TrackPointExtension>
      <gpxtpx:hr>118</gpxtpx:hr>
     </gpxtpx:TrackPointExtension>
    </extensions>
   </trkpt>
   <trkpt lat="35.2504200" lon="113.9172300">
    <ele>68.2</ele>
    <time>2025-07-07T00:02:48Z</time>
    <extensions>
     <gpxtpx:TrackPointExtension>
      <gpxtpx:hr>118</gpxtpx:hr>
     </gpxtpx:TrackPointExtension>
    </extensions>
   </trkpt>
   <trkpt lat="35.2504200" lon="113.9172300">
    <ele>68.1</ele>
    <time>2025-07-07T00:02:48Z</time>
    <extensions>
     <gpxtpx:TrackPointExtension>
      <gpxtpx:hr>117</gpxtpx:hr>
     </gpxtpx:TrackPointExtension>
    </extensions>
   </trkpt>
   <trkpt lat="35.2504120" lon="113.9172700">
    <ele>68.7</ele>
    <time>2025-07-07T00:02:49Z</time>
    <extensions>
     <gpxtpx:TrackPointExtension>
      <gpxtpx:hr>117</gpxtpx:hr>
     </gpxtpx:TrackPointExtension>
    </extensions>
   </trkpt>
   <trkpt lat="35.2504120" lon="113.9173100">
    <ele>69.0</ele>
    <time>2025-07-07T00:02:50Z</time>
    <extensions>
     <gpxtpx:TrackPointExtension>
      <gpxtpx:hr>116</gpxtpx:hr>
     </gpxtpx:TrackPointExtension>
    </extensions>
   </trkpt>
   <trkpt lat="35.2504120" lon="113.9173600">
    <ele>69.1</ele>
    <time>2025-07-07T00:02:51Z</time>
    <extensions>
     <gpxtpx:TrackPointExtension>
      <gpxtpx:hr>116</gpxtpx:hr>
     </gpxtpx:TrackPointExtension>
    </extensions>
   </trkpt>
   <trkpt lat="35.2504300" lon="113.9174200">
    <ele>69.5</ele>
    <time>2025-07-07T00:02:52Z</time>
    <extensions>
     <gpxtpx:TrackPointExtension>
      <gpxtpx:hr>116</gpxtpx:hr>
     </gpxtpx:TrackPointExtension>
    </extensions>
   </trkpt>
   <trkpt lat="35.2504430" lon="113.9174800">
    <ele>69.6</ele>
    <time>2025-07-07T00:02:53Z</time>
    <extensions>
     <gpxtpx:TrackPointExtension>
      <gpxtpx:hr>116</gpxtpx:hr>
     </gpxtpx:TrackPointExtension>
    </extensions>
   </trkpt>
   <trkpt lat="35.2504650" lon="113.9175340">
    <ele>69.8</ele>
    <time>2025-07-07T00:02:54Z</time>
    <extensions>
     <gpxtpx:TrackPointExtension>
      <gpxtpx:hr>117</gpxtpx:hr>
     </gpxtpx:TrackPointExtension>
    </extensions>
   </trkpt>
   <trkpt lat="35.2504600" lon="113.9175700">
    <ele>69.9</ele>
    <time>2025-07-07T00:02:55Z</time>
    <extensions>
     <gpxtpx:TrackPointExtension>
      <gpxtpx:hr>117</gpxtpx:hr>
     </gpxtpx:TrackPointExtension>
    </extensions>
   </trkpt>
   <trkpt lat="35.2504600" lon="113.9175700">
    <ele>69.7</ele>
    <time>2025-07-07T00:02:55Z</time>
    <extensions>
     <gpxtpx:TrackPointExtension>
      <gpxtpx:hr>118</gpxtpx:hr>
     </gpxtpx:TrackPointExtension>
    </extensions>
   </trkpt>
   <trkpt lat="35.2504730" lon="113.9176100">
    <ele>69.9</ele>
    <time>2025-07-07T00:02:56Z</time>
    <extensions>
     <gpxtpx:TrackPointExtension>
      <gpxtpx:hr>118</gpxtpx:hr>
     </gpxtpx:TrackPointExtension>
    </extensions>
   </trkpt>
   <trkpt lat="35.2504770" lon="113.9176600">
    <ele>70.1</ele>
    <time>2025-07-07T00:02:57Z</time>
    <extensions>
     <gpxtpx:TrackPointExtension>
      <gpxtpx:hr>118</gpxtpx:hr>
     </gpxtpx:TrackPointExtension>
    </extensions>
   </trkpt>
   <trkpt lat="35.2504800" lon="113.9177100">
    <ele>70.6</ele>
    <time>2025-07-07T00:02:58Z</time>
    <extensions>
     <gpxtpx:TrackPointExtension>
      <gpxtpx:hr>118</gpxtpx:hr>
     </gpxtpx:TrackPointExtension>
    </extensions>
   </trkpt>
   <trkpt lat="35.2504800" lon="113.9177100">
    <ele>70.5</ele>
    <time>2025-07-07T00:02:58Z</time>
    <extensions>
     <gpxtpx:TrackPointExtension>
      <gpxtpx:hr>118</gpxtpx:hr>
     </gpxtpx:TrackPointExtension>
    </extensions>
   </trkpt>
   <trkpt lat="35.2504700" lon="113.9177600">
    <ele>70.7</ele>
    <time>2025-07-07T00:02:59Z</time>
    <extensions>
     <gpxtpx:TrackPointExtension>
      <gpxtpx:hr>118</gpxtpx:hr>
     </gpxtpx:TrackPointExtension>
    </extensions>
   </trkpt>
   <trkpt lat="35.2504650" lon="113.9178160">
    <ele>70.7</ele>
    <time>2025-07-07T00:03:00Z</time>
    <extensions>
     <gpxtpx:TrackPointExtension>
      <gpxtpx:hr>118</gpxtpx:hr>
     </gpxtpx:TrackPointExtension>
    </extensions>
   </trkpt>
   <trkpt lat="35.2504600" lon="113.9178700">
    <ele>70.4</ele>
    <time>2025-07-07T00:03:01Z</time>
    <extensions>
     <gpxtpx:TrackPointExtension>
      <gpxtpx:hr>118</gpxtpx:hr>
     </gpxtpx:TrackPointExtension>
    </extensions>
   </trkpt>
   <trkpt lat="35.2504600" lon="113.9179200">
    <ele>70.0</ele>
    <time>2025-07-07T00:03:02Z</time>
    <extensions>
     <gpxtpx:TrackPointExtension>
      <gpxtpx:hr>117</gpxtpx:hr>
     </gpxtpx:TrackPointExtension>
    </extensions>
   </trkpt>
   <trkpt lat="35.2504600" lon="113.9179700">
    <ele>69.2</ele>
    <time>2025-07-07T00:03:03Z</time>
    <extensions>
     <gpxtpx:TrackPointExtension>
      <gpxtpx:hr>117</gpxtpx:hr>
     </gpxtpx:TrackPointExtension>
    </extensions>
   </trkpt>
   <trkpt lat="35.2504460" lon="113.9180150">
    <ele>69.1</ele>
    <time>2025-07-07T00:03:04Z</time>
    <extensions>
     <gpxtpx:TrackPointExtension>
      <gpxtpx:hr>118</gpxtpx:hr>
     </gpxtpx:TrackPointExtension>
    </extensions>
   </trkpt>
   <trkpt lat="35.2504460" lon="113.9180600">
    <ele>69.0</ele>
    <time>2025-07-07T00:03:05Z</time>
    <extensions>
     <gpxtpx:TrackPointExtension>
      <gpxtpx:hr>118</gpxtpx:hr>
     </gpxtpx:TrackPointExtension>
    </extensions>
   </trkpt>
   <trkpt lat="35.2504430" lon="113.9181100">
    <ele>68.9</ele>
    <time>2025-07-07T00:03:06Z</time>
    <extensions>
     <gpxtpx:TrackPointExtension>
      <gpxtpx:hr>118</gpxtpx:hr>
     </gpxtpx:TrackPointExtension>
    </extensions>
   </trkpt>
   <trkpt lat="35.2504400" lon="113.9181700">
    <ele>68.9</ele>
    <time>2025-07-07T00:03:07Z</time>
    <extensions>
     <gpxtpx:TrackPointExtension>
      <gpxtpx:hr>117</gpxtpx:hr>
     </gpxtpx:TrackPointExtension>
    </extensions>
   </trkpt>
   <trkpt lat="35.2504350" lon="113.9182050">
    <ele>68.8</ele>
    <time>2025-07-07T00:03:08Z</time>
    <extensions>
     <gpxtpx:TrackPointExtension>
      <gpxtpx:hr>117</gpxtpx:hr>
     </gpxtpx:TrackPointExtension>
    </extensions>
   </trkpt>
   <trkpt lat="35.2504350" lon="113.9182050">
    <ele>68.7</ele>
    <time>2025-07-07T00:03:08Z</time>
    <extensions>
     <gpxtpx:TrackPointExtension>
      <gpxtpx:hr>118</gpxtpx:hr>
     </gpxtpx:TrackPointExtension>
    </extensions>
   </trkpt>
   <trkpt lat="35.2504270" lon="113.9182500">
    <ele>68.6</ele>
    <time>2025-07-07T00:03:09Z</time>
    <extensions>
     <gpxtpx:TrackPointExtension>
      <gpxtpx:hr>118</gpxtpx:hr>
     </gpxtpx:TrackPointExtension>
    </extensions>
   </trkpt>
   <trkpt lat="35.2504230" lon="113.9183000">
    <ele>68.4</ele>
    <time>2025-07-07T00:03:10Z</time>
    <extensions>
     <gpxtpx:TrackPointExtension>
      <gpxtpx:hr>119</gpxtpx:hr>
     </gpxtpx:TrackPointExtension>
    </extensions>
   </trkpt>
   <trkpt lat="35.2504270" lon="113.9183350">
    <ele>68.3</ele>
    <time>2025-07-07T00:03:11Z</time>
    <extensions>
     <gpxtpx:TrackPointExtension>
      <gpxtpx:hr>119</gpxtpx:hr>
     </gpxtpx:TrackPointExtension>
    </extensions>
   </trkpt>
   <trkpt lat="35.2503930" lon="113.9184000">
    <ele>68.3</ele>
    <time>2025-07-07T00:03:12Z</time>
    <extensions>
     <gpxtpx:TrackPointExtension>
      <gpxtpx:hr>120</gpxtpx:hr>
     </gpxtpx:TrackPointExtension>
    </extensions>
   </trkpt>
   <trkpt lat="35.2503550" lon="113.9184340">
    <ele>68.4</ele>
    <time>2025-07-07T00:03:13Z</time>
    <extensions>
     <gpxtpx:TrackPointExtension>
      <gpxtpx:hr>120</gpxtpx:hr>
     </gpxtpx:TrackPointExtension>
    </extensions>
   </trkpt>
   <trkpt lat="35.2503240" lon="113.9184600">
    <ele>68.1</ele>
    <time>2025-07-07T00:03:14Z</time>
    <extensions>
     <gpxtpx:TrackPointExtension>
      <gpxtpx:hr>120</gpxtpx:hr>
     </gpxtpx:TrackPointExtension>
    </extensions>
   </trkpt>
   <trkpt lat="35.2502900" lon="113.9184650">
    <ele>68.0</ele>
    <time>2025-07-07T00:03:15Z</time>
    <extensions>
     <gpxtpx:TrackPointExtension>
      <gpxtpx:hr>121</gpxtpx:hr>
     </gpxtpx:TrackPointExtension>
    </extensions>
   </trkpt>
   <trkpt lat="35.2502500" lon="113.9184600">
    <ele>67.8</ele>
    <time>2025-07-07T00:03:16Z</time>
    <extensions>
     <gpxtpx:TrackPointExtension>
      <gpxtpx:hr>121</gpxtpx:hr>
     </gpxtpx:TrackPointExtension>
    </extensions>
   </trkpt>
   <trkpt lat="35.2502140" lon="113.9184340">
    <ele>68.0</ele>
    <time>2025-07-07T00:03:17Z</time>
    <extensions>
     <gpxtpx:TrackPointExtension>
      <gpxtpx:hr>121</gpxtpx:hr>
     </gpxtpx:TrackPointExtension>
    </extensions>
   </trkpt>
   <trkpt lat="35.2502140" lon="113.9184340">
    <ele>67.9</ele>
    <time>2025-07-07T00:03:17Z</time>
    <extensions>
     <gpxtpx:TrackPointExtension>
      <gpxtpx:hr>122</gpxtpx:hr>
     </gpxtpx:TrackPointExtension>
    </extensions>
   </trkpt>
   <trkpt lat="35.2501900" lon="113.9184300">
    <ele>67.7</ele>
    <time>2025-07-07T00:03:18Z</time>
    <extensions>
     <gpxtpx:TrackPointExtension>
      <gpxtpx:hr>122</gpxtpx:hr>
     </gpxtpx:TrackPointExtension>
    </extensions>
   </trkpt>
   <trkpt lat="35.2501900" lon="113.9184300">
    <ele>67.6</ele>
    <time>2025-07-07T00:03:18Z</time>
    <extensions>
     <gpxtpx:TrackPointExtension>
      <gpxtpx:hr>122</gpxtpx:hr>
     </gpxtpx:TrackPointExtension>
    </extensions>
   </trkpt>
   <trkpt lat="35.2501450" lon="113.9184400">
    <ele>67.3</ele>
    <time>2025-07-07T00:03:19Z</time>
    <extensions>
     <gpxtpx:TrackPointExtension>
      <gpxtpx:hr>122</gpxtpx:hr>
     </gpxtpx:TrackPointExtension>
    </extensions>
   </trkpt>
   <trkpt lat="35.2501200" lon="113.9184650">
    <ele>67.3</ele>
    <time>2025-07-07T00:03:20Z</time>
    <extensions>
     <gpxtpx:TrackPointExtension>
      <gpxtpx:hr>123</gpxtpx:hr>
     </gpxtpx:TrackPointExtension>
    </extensions>
   </trkpt>
   <trkpt lat="35.2501070" lon="113.9185260">
    <ele>67.4</ele>
    <time>2025-07-07T00:03:21Z</time>
    <extensions>
     <gpxtpx:TrackPointExtension>
      <gpxtpx:hr>123</gpxtpx:hr>
     </gpxtpx:TrackPointExtension>
    </extensions>
   </trkpt>
   <trkpt lat="35.2500950" lon="113.9185700">
    <ele>67.3</ele>
    <time>2025-07-07T00:03:22Z</time>
    <extensions>
     <gpxtpx:TrackPointExtension>
      <gpxtpx:hr>123</gpxtpx:hr>
     </gpxtpx:TrackPointExtension>
    </extensions>
   </trkpt>
   <trkpt lat="35.2500950" lon="113.9186250">
    <ele>67.3</ele>
    <time>2025-07-07T00:03:23Z</time>
    <extensions>
     <gpxtpx:TrackPointExtension>
      <gpxtpx:hr>122</gpxtpx:hr>
     </gpxtpx:TrackPointExtension>
    </extensions>
   </trkpt>
   <trkpt lat="35.2500880" lon="113.9186900">
    <ele>67.3</ele>
    <time>2025-07-07T00:03:24Z</time>
    <extensions>
     <gpxtpx:TrackPointExtension>
      <gpxtpx:hr>122</gpxtpx:hr>
     </gpxtpx:TrackPointExtension>
    </extensions>
   </trkpt>
   <trkpt lat="35.2500760" lon="113.9187400">
    <ele>67.3</ele>
    <time>2025-07-07T00:03:25Z</time>
    <extensions>
     <gpxtpx:TrackPointExtension>
      <gpxtpx:hr>122</gpxtpx:hr>
     </gpxtpx:TrackPointExtension>
    </extensions>
   </trkpt>
   <trkpt lat="35.2500650" lon="113.9188100">
    <ele>67.3</ele>
    <time>2025-07-07T00:03:26Z</time>
    <extensions>
     <gpxtpx:TrackPointExtension>
      <gpxtpx:hr>123</gpxtpx:hr>
     </gpxtpx:TrackPointExtension>
    </extensions>
   </trkpt>
   <trkpt lat="35.2500500" lon="113.9188800">
    <ele>67.3</ele>
    <time>2025-07-07T00:03:27Z</time>
    <extensions>
     <gpxtpx:TrackPointExtension>
      <gpxtpx:hr>123</gpxtpx:hr>
     </gpxtpx:TrackPointExtension>
    </extensions>
   </trkpt>
   <trkpt lat="35.2500500" lon="113.9189400">
    <ele>67.3</ele>
    <time>2025-07-07T00:03:28Z</time>
    <extensions>
     <gpxtpx:TrackPointExtension>
      <gpxtpx:hr>123</gpxtpx:hr>
     </gpxtpx:TrackPointExtension>
    </extensions>
   </trkpt>
   <trkpt lat="35.2500500" lon="113.9189400">
    <ele>67.3</ele>
    <time>2025-07-07T00:03:28Z</time>
    <extensions>
     <gpxtpx:TrackPointExtension>
      <gpxtpx:hr>122</gpxtpx:hr>
     </gpxtpx:TrackPointExtension>
    </extensions>
   </trkpt>
   <trkpt lat="35.2500500" lon="113.9190100">
    <ele>67.3</ele>
    <time>2025-07-07T00:03:29Z</time>
    <extensions>
     <gpxtpx:TrackPointExtension>
      <gpxtpx:hr>123</gpxtpx:hr>
     </gpxtpx:TrackPointExtension>
    </extensions>
   </trkpt>
   <trkpt lat="35.2500530" lon="113.9190800">
    <ele>67.3</ele>
    <time>2025-07-07T00:03:30Z</time>
    <extensions>
     <gpxtpx:TrackPointExtension>
      <gpxtpx:hr>123</gpxtpx:hr>
     </gpxtpx:TrackPointExtension>
    </extensions>
   </trkpt>
   <trkpt lat="35.2500570" lon="113.9191400">
    <ele>67.4</ele>
    <time>2025-07-07T00:03:31Z</time>
    <extensions>
     <gpxtpx:TrackPointExtension>
      <gpxtpx:hr>122</gpxtpx:hr>
     </gpxtpx:TrackPointExtension>
    </extensions>
   </trkpt>
   <trkpt lat="35.2500650" lon="113.9192300">
    <ele>67.4</ele>
    <time>2025-07-07T00:03:32Z</time>
    <extensions>
     <gpxtpx:TrackPointExtension>
      <gpxtpx:hr>121</gpxtpx:hr>
     </gpxtpx:TrackPointExtension>
    </extensions>
   </trkpt>
   <trkpt lat="35.2500650" lon="113.9192900">
    <ele>67.4</ele>
    <time>2025-07-07T00:03:33Z</time>
    <extensions>
     <gpxtpx:TrackPointExtension>
      <gpxtpx:hr>121</gpxtpx:hr>
     </gpxtpx:TrackPointExtension>
    </extensions>
   </trkpt>
   <trkpt lat="35.2500650" lon="113.9193500">
    <ele>67.4</ele>
    <time>2025-07-07T00:03:34Z</time>
    <extensions>
     <gpxtpx:TrackPointExtension>
      <gpxtpx:hr>120</gpxtpx:hr>
     </gpxtpx:TrackPointExtension>
    </extensions>
   </trkpt>
   <trkpt lat="35.2500720" lon="113.9194200">
    <ele>67.4</ele>
    <time>2025-07-07T00:03:35Z</time>
    <extensions>
     <gpxtpx:TrackPointExtension>
      <gpxtpx:hr>120</gpxtpx:hr>
     </gpxtpx:TrackPointExtension>
    </extensions>
   </trkpt>
   <trkpt lat="35.2500720" lon="113.9194200">
    <ele>67.4</ele>
    <time>2025-07-07T00:03:35Z</time>
    <extensions>
     <gpxtpx:TrackPointExtension>
      <gpxtpx:hr>119</gpxtpx:hr>
     </gpxtpx:TrackPointExtension>
    </extensions>
   </trkpt>
   <trkpt lat="35.2500800" lon="113.9194700">
    <ele>67.4</ele>
    <time>2025-07-07T00:03:36Z</time>
    <extensions>
     <gpxtpx:TrackPointExtension>
      <gpxtpx:hr>119</gpxtpx:hr>
     </gpxtpx:TrackPointExtension>
    </extensions>
   </trkpt>
   <trkpt lat="35.2500760" lon="113.9195250">
    <ele>67.4</ele>
    <time>2025-07-07T00:03:37Z</time>
    <extensions>
     <gpxtpx:TrackPointExtension>
      <gpxtpx:hr>118</gpxtpx:hr>
     </gpxtpx:TrackPointExtension>
    </extensions>
   </trkpt>
   <trkpt lat="35.2500880" lon="113.9195700">
    <ele>67.4</ele>
    <time>2025-07-07T00:03:38Z</time>
    <extensions>
     <gpxtpx:TrackPointExtension>
      <gpxtpx:hr>118</gpxtpx:hr>
     </gpxtpx:TrackPointExtension>
    </extensions>
   </trkpt>
   <trkpt lat="35.2500880" lon="113.9195700">
    <ele>67.4</ele>
    <time>2025-07-07T00:03:38Z</time>
    <extensions>
     <gpxtpx:TrackPointExtension>
      <gpxtpx:hr>118</gpxtpx:hr>
     </gpxtpx:TrackPointExtension>
    </extensions>
   </trkpt>
   <trkpt lat="35.2500840" lon="113.9196300">
    <ele>67.4</ele>
    <time>2025-07-07T00:03:39Z</time>
    <extensions>
     <gpxtpx:TrackPointExtension>
      <gpxtpx:hr>117</gpxtpx:hr>
     </gpxtpx:TrackPointExtension>
    </extensions>
   </trkpt>
   <trkpt lat="35.2500800" lon="113.9196900">
    <ele>67.4</ele>
    <time>2025-07-07T00:03:40Z</time>
    <extensions>
     <gpxtpx:TrackPointExtension>
      <gpxtpx:hr>117</gpxtpx:hr>
     </gpxtpx:TrackPointExtension>
    </extensions>
   </trkpt>
   <trkpt lat="35.2500650" lon="113.9197500">
    <ele>67.5</ele>
    <time>2025-07-07T00:03:41Z</time>
    <extensions>
     <gpxtpx:TrackPointExtension>
      <gpxtpx:hr>116</gpxtpx:hr>
     </gpxtpx:TrackPointExtension>
    </extensions>
   </trkpt>
   <trkpt lat="35.2500530" lon="113.9198000">
    <ele>67.6</ele>
    <time>2025-07-07T00:03:42Z</time>
    <extensions>
     <gpxtpx:TrackPointExtension>
      <gpxtpx:hr>116</gpxtpx:hr>
     </gpxtpx:TrackPointExtension>
    </extensions>
   </trkpt>
   <trkpt lat="35.2500400" lon="113.9198600">
    <ele>67.7</ele>
    <time>2025-07-07T00:03:43Z</time>
    <extensions>
     <gpxtpx:TrackPointExtension>
      <gpxtpx:hr>115</gpxtpx:hr>
     </gpxtpx:TrackPointExtension>
    </extensions>
   </trkpt>
   <trkpt lat="35.2500300" lon="113.9199100">
    <ele>67.8</ele>
    <time>2025-07-07T00:03:44Z</time>
    <extensions>
     <gpxtpx:TrackPointExtension>
      <gpxtpx:hr>115</gpxtpx:hr>
     </gpxtpx:TrackPointExtension>
    </extensions>
   </trkpt>
   <trkpt lat="35.2500340" lon="113.9199500">
    <ele>67.8</ele>
    <time>2025-07-07T00:03:45Z</time>
    <extensions>
     <gpxtpx:TrackPointExtension>
      <gpxtpx:hr>115</gpxtpx:hr>
     </gpxtpx:TrackPointExtension>
    </extensions>
   </trkpt>
   <trkpt lat="35.2500500" lon="113.9199800">
    <ele>67.9</ele>
    <time>2025-07-07T00:03:46Z</time>
    <extensions>
     <gpxtpx:TrackPointExtension>
      <gpxtpx:hr>115</gpxtpx:hr>
     </gpxtpx:TrackPointExtension>
    </extensions>
   </trkpt>
   <trkpt lat="35.2500650" lon="113.9200300">
    <ele>67.9</ele>
    <time>2025-07-07T00:03:47Z</time>
    <extensions>
     <gpxtpx:TrackPointExtension>
      <gpxtpx:hr>115</gpxtpx:hr>
     </gpxtpx:TrackPointExtension>
    </extensions>
   </trkpt>
   <trkpt lat="35.2500650" lon="113.9200300">
    <ele>67.9</ele>
    <time>2025-07-07T00:03:47Z</time>
    <extensions>
     <gpxtpx:TrackPointExtension>
      <gpxtpx:hr>115</gpxtpx:hr>
     </gpxtpx:TrackPointExtension>
    </extensions>
   </trkpt>
   <trkpt lat="35.2500500" lon="113.9201050">
    <ele>68.0</ele>
    <time>2025-07-07T00:03:48Z</time>
    <extensions>
     <gpxtpx:TrackPointExtension>
      <gpxtpx:hr>115</gpxtpx:hr>
     </gpxtpx:TrackPointExtension>
    </extensions>
   </trkpt>
   <trkpt lat="35.2500500" lon="113.9201700">
    <ele>68.2</ele>
    <time>2025-07-07T00:03:49Z</time>
    <extensions>
     <gpxtpx:TrackPointExtension>
      <gpxtpx:hr>115</gpxtpx:hr>
     </gpxtpx:TrackPointExtension>
    </extensions>
   </trkpt>
   <trkpt lat="35.2500530" lon="113.9202400">
    <ele>68.4</ele>
    <time>2025-07-07T00:03:50Z</time>
    <extensions>
     <gpxtpx:TrackPointExtension>
      <gpxtpx:hr>115</gpxtpx:hr>
     </gpxtpx:TrackPointExtension>
    </extensions>
   </trkpt>
   <trkpt lat="35.2500530" lon="113.9203000">
    <ele>68.6</ele>
    <time>2025-07-07T00:03:51Z</time>
    <extensions>
     <gpxtpx:TrackPointExtension>
      <gpxtpx:hr>116</gpxtpx:hr>
     </gpxtpx:TrackPointExtension>
    </extensions>
   </trkpt>
   <trkpt lat="35.2500500" lon="113.9203400">
    <ele>68.7</ele>
    <time>2025-07-07T00:03:52Z</time>
    <extensions>
     <gpxtpx:TrackPointExtension>
      <gpxtpx:hr>116</gpxtpx:hr>
     </gpxtpx:TrackPointExtension>
    </extensions>
   </trkpt>
   <trkpt lat="35.2500530" lon="113.9203800">
    <ele>68.9</ele>
    <time>2025-07-07T00:03:53Z</time>
    <extensions>
     <gpxtpx:TrackPointExtension>
      <gpxtpx:hr>116</gpxtpx:hr>
     </gpxtpx:TrackPointExtension>
    </extensions>
   </trkpt>
   <trkpt lat="35.2500650" lon="113.9204100">
    <ele>69.0</ele>
    <time>2025-07-07T00:03:54Z</time>
    <extensions>
     <gpxtpx:TrackPointExtension>
      <gpxtpx:hr>117</gpxtpx:hr>
     </gpxtpx:TrackPointExtension>
    </extensions>
   </trkpt>
   <trkpt lat="35.2500600" lon="113.9204500">
    <ele>69.1</ele>
    <time>2025-07-07T00:03:55Z</time>
    <extensions>
     <gpxtpx:TrackPointExtension>
      <gpxtpx:hr>117</gpxtpx:hr>
     </gpxtpx:TrackPointExtension>
    </extensions>
   </trkpt>
   <trkpt lat="35.2500530" lon="113.9204700">
    <ele>69.2</ele>
    <time>2025-07-07T00:03:56Z</time>
    <extensions>
     <gpxtpx:TrackPointExtension>
      <gpxtpx:hr>117</gpxtpx:hr>
     </gpxtpx:TrackPointExtension>
    </extensions>
   </trkpt>
   <trkpt lat="35.2500530" lon="113.9204700">
    <ele>69.2</ele>
    <time>2025-07-07T00:03:56Z</time>
    <extensions>
     <gpxtpx:TrackPointExtension>
      <gpxtpx:hr>118</gpxtpx:hr>
     </gpxtpx:TrackPointExtension>
    </extensions>
   </trkpt>
   <trkpt lat="35.2500400" lon="113.9205200">
    <ele>69.4</ele>
    <time>2025-07-07T00:03:57Z</time>
    <extensions>
     <gpxtpx:TrackPointExtension>
      <gpxtpx:hr>118</gpxtpx:hr>
     </gpxtpx:TrackPointExtension>
    </extensions>
   </trkpt>
   <trkpt lat="35.2500400" lon="113.9205200">
    <ele>69.4</ele>
    <time>2025-07-07T00:03:57Z</time>
    <extensions>
     <gpxtpx:TrackPointExtension>
      <gpxtpx:hr>119</gpxtpx:hr>
     </gpxtpx:TrackPointExtension>
    </extensions>
   </trkpt>
   <trkpt lat="35.2500230" lon="113.9205600">
    <ele>69.6</ele>
    <time>2025-07-07T00:03:58Z</time>
    <extensions>
     <gpxtpx:TrackPointExtension>
      <gpxtpx:hr>119</gpxtpx:hr>
     </gpxtpx:TrackPointExtension>
    </extensions>
   </trkpt>
   <trkpt lat="35.2500100" lon="113.9206000">
    <ele>69.7</ele>
    <time>2025-07-07T00:03:59Z</time>
    <extensions>
     <gpxtpx:TrackPointExtension>
      <gpxtpx:hr>119</gpxtpx:hr>
     </gpxtpx:TrackPointExtension>
    </extensions>
   </trkpt>
   <trkpt lat="35.2500100" lon="113.9206200">
    <ele>69.8</ele>
    <time>2025-07-07T00:04:00Z</time>
    <extensions>
     <gpxtpx:TrackPointExtension>
      <gpxtpx:hr>120</gpxtpx:hr>
     </gpxtpx:TrackPointExtension>
    </extensions>
   </trkpt>
   <trkpt lat="35.2500230" lon="113.9206540">
    <ele>70.0</ele>
    <time>2025-07-07T00:04:01Z</time>
    <extensions>
     <gpxtpx:TrackPointExtension>
      <gpxtpx:hr>119</gpxtpx:hr>
     </gpxtpx:TrackPointExtension>
    </extensions>
   </trkpt>
   <trkpt lat="35.2500340" lon="113.9206850">
    <ele>70.1</ele>
    <time>2025-07-07T00:04:02Z</time>
    <extensions>
     <gpxtpx:TrackPointExtension>
      <gpxtpx:hr>120</gpxtpx:hr>
     </gpxtpx:TrackPointExtension>
    </extensions>
   </trkpt>
   <trkpt lat="35.2500500" lon="113.9207200">
    <ele>70.3</ele>
    <time>2025-07-07T00:04:03Z</time>
    <extensions>
     <gpxtpx:TrackPointExtension>
      <gpxtpx:hr>121</gpxtpx:hr>
     </gpxtpx:TrackPointExtension>
    </extensions>
   </trkpt>
   <trkpt lat="35.2500570" lon="113.9207700">
    <ele>70.5</ele>
    <time>2025-07-07T00:04:04Z</time>
    <extensions>
     <gpxtpx:TrackPointExtension>
      <gpxtpx:hr>121</gpxtpx:hr>
     </gpxtpx:TrackPointExtension>
    </extensions>
   </trkpt>
   <trkpt lat="35.2500700" lon="113.9208150">
    <ele>70.6</ele>
    <time>2025-07-07T00:04:05Z</time>
    <extensions>
     <gpxtpx:TrackPointExtension>
      <gpxtpx:hr>121</gpxtpx:hr>
     </gpxtpx:TrackPointExtension>
    </extensions>
   </trkpt>
   <trkpt lat="35.2500760" lon="113.9208450">
    <ele>70.7</ele>
    <time>2025-07-07T00:04:06Z</time>
    <extensions>
     <gpxtpx:TrackPointExtension>
      <gpxtpx:hr>122</gpxtpx:hr>
     </gpxtpx:TrackPointExtension>
    </extensions>
   </trkpt>
   <trkpt lat="35.2500760" lon="113.9208450">
    <ele>70.7</ele>
    <time>2025-07-07T00:04:07Z</time>
    <extensions>
     <gpxtpx:TrackPointExtension>
      <gpxtpx:hr>122</gpxtpx:hr>
     </gpxtpx:TrackPointExtension>
    </extensions>
   </trkpt>
   <trkpt lat="35.2500700" lon="113.9208760">
    <ele>70.7</ele>
    <time>2025-07-07T00:04:08Z</time>
    <extensions>
     <gpxtpx:TrackPointExtension>
      <gpxtpx:hr>122</gpxtpx:hr>
     </gpxtpx:TrackPointExtension>
    </extensions>
   </trkpt>
   <trkpt lat="35.2500700" lon="113.9208760">
    <ele>70.7</ele>
    <time>2025-07-07T00:04:08Z</time>
    <extensions>
     <gpxtpx:TrackPointExtension>
      <gpxtpx:hr>122</gpxtpx:hr>
     </gpxtpx:TrackPointExtension>
    </extensions>
   </trkpt>
   <trkpt lat="35.2500720" lon="113.9209060">
    <ele>70.8</ele>
    <time>2025-07-07T00:04:09Z</time>
    <extensions>
     <gpxtpx:TrackPointExtension>
      <gpxtpx:hr>123</gpxtpx:hr>
     </gpxtpx:TrackPointExtension>
    </extensions>
   </trkpt>
   <trkpt lat="35.2500650" lon="113.9209200">
    <ele>70.8</ele>
    <time>2025-07-07T00:04:10Z</time>
    <extensions>
     <gpxtpx:TrackPointExtension>
      <gpxtpx:hr>123</gpxtpx:hr>
     </gpxtpx:TrackPointExtension>
    </extensions>
   </trkpt>
   <trkpt lat="35.2500600" lon="113.9209500">
    <ele>70.9</ele>
    <time>2025-07-07T00:04:11Z</time>
    <extensions>
     <gpxtpx:TrackPointExtension>
      <gpxtpx:hr>123</gpxtpx:hr>
     </gpxtpx:TrackPointExtension>
    </extensions>
   </trkpt>
   <trkpt lat="35.2500720" lon="113.9210100">
    <ele>70.9</ele>
    <time>2025-07-07T00:04:12Z</time>
    <extensions>
     <gpxtpx:TrackPointExtension>
      <gpxtpx:hr>123</gpxtpx:hr>
     </gpxtpx:TrackPointExtension>
    </extensions>
   </trkpt>
   <trkpt lat="35.2500840" lon="113.9210740">
    <ele>70.9</ele>
    <time>2025-07-07T00:04:13Z</time>
    <extensions>
     <gpxtpx:TrackPointExtension>
      <gpxtpx:hr>124</gpxtpx:hr>
     </gpxtpx:TrackPointExtension>
    </extensions>
   </trkpt>
   <trkpt lat="35.2501000" lon="113.9211040">
    <ele>70.9</ele>
    <time>2025-07-07T00:04:14Z</time>
    <extensions>
     <gpxtpx:TrackPointExtension>
      <gpxtpx:hr>124</gpxtpx:hr>
     </gpxtpx:TrackPointExtension>
    </extensions>
   </trkpt>
   <trkpt lat="35.2501140" lon="113.9211600">
    <ele>71.0</ele>
    <time>2025-07-07T00:04:15Z</time>
    <extensions>
     <gpxtpx:TrackPointExtension>
      <gpxtpx:hr>124</gpxtpx:hr>
     </gpxtpx:TrackPointExtension>
    </extensions>
   </trkpt>
   <trkpt lat="35.2501000" lon="113.9212200">
    <ele>70.9</ele>
    <time>2025-07-07T00:04:16Z</time>
    <extensions>
     <gpxtpx:TrackPointExtension>
      <gpxtpx:hr>124</gpxtpx:hr>
     </gpxtpx:TrackPointExtension>
    </extensions>
   </trkpt>
   <trkpt lat="35.2501070" lon="113.9212700">
    <ele>70.9</ele>
    <time>2025-07-07T00:04:17Z</time>
    <extensions>
     <gpxtpx:TrackPointExtension>
      <gpxtpx:hr>124</gpxtpx:hr>
     </gpxtpx:TrackPointExtension>
    </extensions>
   </trkpt>
   <trkpt lat="35.2501070" lon="113.9213400">
    <ele>70.9</ele>
    <time>2025-07-07T00:04:18Z</time>
    <extensions>
     <gpxtpx:TrackPointExtension>
      <gpxtpx:hr>124</gpxtpx:hr>
     </gpxtpx:TrackPointExtension>
    </extensions>
   </trkpt>
   <trkpt lat="35.2501070" lon="113.9213400">
    <ele>70.9</ele>
    <time>2025-07-07T00:04:18Z</time>
    <extensions>
     <gpxtpx:TrackPointExtension>
      <gpxtpx:hr>124</gpxtpx:hr>
     </gpxtpx:TrackPointExtension>
    </extensions>
   </trkpt>
   <trkpt lat="35.2501200" lon="113.9213900">
    <ele>70.8</ele>
    <time>2025-07-07T00:04:19Z</time>
    <extensions>
     <gpxtpx:TrackPointExtension>
      <gpxtpx:hr>124</gpxtpx:hr>
     </gpxtpx:TrackPointExtension>
    </extensions>
   </trkpt>
   <trkpt lat="35.2501300" lon="113.9214100">
    <ele>70.8</ele>
    <time>2025-07-07T00:04:20Z</time>
    <extensions>
     <gpxtpx:TrackPointExtension>
      <gpxtpx:hr>124</gpxtpx:hr>
     </gpxtpx:TrackPointExtension>
    </extensions>
   </trkpt>
   <trkpt lat="35.2501400" lon="113.9214800">
    <ele>70.7</ele>
    <time>2025-07-07T00:04:21Z</time>
    <extensions>
     <gpxtpx:TrackPointExtension>
      <gpxtpx:hr>125</gpxtpx:hr>
     </gpxtpx:TrackPointExtension>
    </extensions>
   </trkpt>
   <trkpt lat="35.2501340" lon="113.9215300">
    <ele>70.6</ele>
    <time>2025-07-07T00:04:22Z</time>
    <extensions>
     <gpxtpx:TrackPointExtension>
      <gpxtpx:hr>125</gpxtpx:hr>
     </gpxtpx:TrackPointExtension>
    </extensions>
   </trkpt>
   <trkpt lat="35.2501340" lon="113.9215300">
    <ele>70.6</ele>
    <time>2025-07-07T00:04:22Z</time>
    <extensions>
     <gpxtpx:TrackPointExtension>
      <gpxtpx:hr>124</gpxtpx:hr>
     </gpxtpx:TrackPointExtension>
    </extensions>
   </trkpt>
   <trkpt lat="35.2501300" lon="113.9215850">
    <ele>70.6</ele>
    <time>2025-07-07T00:04:23Z</time>
    <extensions>
     <gpxtpx:TrackPointExtension>
      <gpxtpx:hr>125</gpxtpx:hr>
     </gpxtpx:TrackPointExtension>
    </extensions>
   </trkpt>
   <trkpt lat="35.2501370" lon="113.9216400">
    <ele>70.5</ele>
    <time>2025-07-07T00:04:24Z</time>
    <extensions>
     <gpxtpx:TrackPointExtension>
      <gpxtpx:hr>125</gpxtpx:hr>
     </gpxtpx:TrackPointExtension>
    </extensions>
   </trkpt>
   <trkpt lat="35.2501200" lon="113.9216900">
    <ele>70.5</ele>
    <time>2025-07-07T00:04:25Z</time>
    <extensions>
     <gpxtpx:TrackPointExtension>
      <gpxtpx:hr>125</gpxtpx:hr>
     </gpxtpx:TrackPointExtension>
    </extensions>
   </trkpt>
   <trkpt lat="35.2501100" lon="113.9217500">
    <ele>70.4</ele>
    <time>2025-07-07T00:04:26Z</time>
    <extensions>
     <gpxtpx:TrackPointExtension>
      <gpxtpx:hr>126</gpxtpx:hr>
     </gpxtpx:TrackPointExtension>
    </extensions>
   </trkpt>
   <trkpt lat="35.2500880" lon="113.9218100">
    <ele>70.4</ele>
    <time>2025-07-07T00:04:27Z</time>
    <extensions>
     <gpxtpx:TrackPointExtension>
      <gpxtpx:hr>126</gpxtpx:hr>
     </gpxtpx:TrackPointExtension>
    </extensions>
   </trkpt>
   <trkpt lat="35.2500570" lon="113.9218440">
    <ele>70.4</ele>
    <time>2025-07-07T00:04:28Z</time>
    <extensions>
     <gpxtpx:TrackPointExtension>
      <gpxtpx:hr>126</gpxtpx:hr>
     </gpxtpx:TrackPointExtension>
    </extensions>
   </trkpt>
   <trkpt lat="35.2500570" lon="113.9218440">
    <ele>70.4</ele>
    <time>2025-07-07T00:04:28Z</time>
    <extensions>
     <gpxtpx:TrackPointExtension>
      <gpxtpx:hr>126</gpxtpx:hr>
     </gpxtpx:TrackPointExtension>
    </extensions>
   </trkpt>
   <trkpt lat="35.2500300" lon="113.9219000">
    <ele>70.3</ele>
    <time>2025-07-07T00:04:29Z</time>
    <extensions>
     <gpxtpx:TrackPointExtension>
      <gpxtpx:hr>127</gpxtpx:hr>
     </gpxtpx:TrackPointExtension>
    </extensions>
   </trkpt>
   <trkpt lat="35.2500230" lon="113.9219300">
    <ele>70.3</ele>
    <time>2025-07-07T00:04:30Z</time>
    <extensions>
     <gpxtpx:TrackPointExtension>
      <gpxtpx:hr>127</gpxtpx:hr>
     </gpxtpx:TrackPointExtension>
    </extensions>
   </trkpt>
   <trkpt lat="35.2500400" lon="113.9219800">
    <ele>70.3</ele>
    <time>2025-07-07T00:04:31Z</time>
    <extensions>
     <gpxtpx:TrackPointExtension>
      <gpxtpx:hr>127</gpxtpx:hr>
     </gpxtpx:TrackPointExtension>
    </extensions>
   </trkpt>
   <trkpt lat="35.2500570" lon="113.9220200">
    <ele>70.3</ele>
    <time>2025-07-07T00:04:32Z</time>
    <extensions>
     <gpxtpx:TrackPointExtension>
      <gpxtpx:hr>128</gpxtpx:hr>
     </gpxtpx:TrackPointExtension>
    </extensions>
   </trkpt>
   <trkpt lat="35.2500570" lon="113.9220200">
    <ele>70.3</ele>
    <time>2025-07-07T00:04:32Z</time>
    <extensions>
     <gpxtpx:TrackPointExtension>
      <gpxtpx:hr>128</gpxtpx:hr>
     </gpxtpx:TrackPointExtension>
    </extensions>
   </trkpt>
   <trkpt lat="35.2500700" lon="113.9220600">
    <ele>70.3</ele>
    <time>2025-07-07T00:04:33Z</time>
    <extensions>
     <gpxtpx:TrackPointExtension>
      <gpxtpx:hr>128</gpxtpx:hr>
     </gpxtpx:TrackPointExtension>
    </extensions>
   </trkpt>
   <trkpt lat="35.2500650" lon="113.9221040">
    <ele>70.3</ele>
    <time>2025-07-07T00:04:34Z</time>
    <extensions>
     <gpxtpx:TrackPointExtension>
      <gpxtpx:hr>127</gpxtpx:hr>
     </gpxtpx:TrackPointExtension>
    </extensions>
   </trkpt>
   <trkpt lat="35.2500700" lon="113.9221300">
    <ele>70.4</ele>
    <time>2025-07-07T00:04:35Z</time>
    <extensions>
     <gpxtpx:TrackPointExtension>
      <gpxtpx:hr>128</gpxtpx:hr>
     </gpxtpx:TrackPointExtension>
    </extensions>
   </trkpt>
   <trkpt lat="35.2500720" lon="113.9221700">
    <ele>70.6</ele>
    <time>2025-07-07T00:04:36Z</time>
    <extensions>
     <gpxtpx:TrackPointExtension>
      <gpxtpx:hr>128</gpxtpx:hr>
     </gpxtpx:TrackPointExtension>
    </extensions>
   </trkpt>
   <trkpt lat="35.2500720" lon="113.9222300">
    <ele>70.7</ele>
    <time>2025-07-07T00:04:37Z</time>
    <extensions>
     <gpxtpx:TrackPointExtension>
      <gpxtpx:hr>128</gpxtpx:hr>
     </gpxtpx:TrackPointExtension>
    </extensions>
   </trkpt>
   <trkpt lat="35.2500720" lon="113.9222700">
    <ele>70.8</ele>
    <time>2025-07-07T00:04:38Z</time>
    <extensions>
     <gpxtpx:TrackPointExtension>
      <gpxtpx:hr>128</gpxtpx:hr>
     </gpxtpx:TrackPointExtension>
    </extensions>
   </trkpt>
   <trkpt lat="35.2500720" lon="113.9222700">
    <ele>70.8</ele>
    <time>2025-07-07T00:04:38Z</time>
    <extensions>
     <gpxtpx:TrackPointExtension>
      <gpxtpx:hr>128</gpxtpx:hr>
     </gpxtpx:TrackPointExtension>
    </extensions>
   </trkpt>
   <trkpt lat="35.2500760" lon="113.9223000">
    <ele>70.8</ele>
    <time>2025-07-07T00:04:39Z</time>
    <extensions>
     <gpxtpx:TrackPointExtension>
      <gpxtpx:hr>128</gpxtpx:hr>
     </gpxtpx:TrackPointExtension>
    </extensions>
   </trkpt>
   <trkpt lat="35.2500700" lon="113.9223500">
    <ele>70.9</ele>
    <time>2025-07-07T00:04:40Z</time>
    <extensions>
     <gpxtpx:TrackPointExtension>
      <gpxtpx:hr>128</gpxtpx:hr>
     </gpxtpx:TrackPointExtension>
    </extensions>
   </trkpt>
   <trkpt lat="35.2500700" lon="113.9223900">
    <ele>71.0</ele>
    <time>2025-07-07T00:04:41Z</time>
    <extensions>
     <gpxtpx:TrackPointExtension>
      <gpxtpx:hr>127</gpxtpx:hr>
     </gpxtpx:TrackPointExtension>
    </extensions>
   </trkpt>
   <trkpt lat="35.2500530" lon="113.9224500">
    <ele>71.1</ele>
    <time>2025-07-07T00:04:42Z</time>
    <extensions>
     <gpxtpx:TrackPointExtension>
      <gpxtpx:hr>127</gpxtpx:hr>
     </gpxtpx:TrackPointExtension>
    </extensions>
   </trkpt>
   <trkpt lat="35.2500530" lon="113.9224850">
    <ele>71.2</ele>
    <time>2025-07-07T00:04:43Z</time>
    <extensions>
     <gpxtpx:TrackPointExtension>
      <gpxtpx:hr>127</gpxtpx:hr>
     </gpxtpx:TrackPointExtension>
    </extensions>
   </trkpt>
   <trkpt lat="35.2500600" lon="113.9225300">
    <ele>71.2</ele>
    <time>2025-07-07T00:04:44Z</time>
    <extensions>
     <gpxtpx:TrackPointExtension>
      <gpxtpx:hr>127</gpxtpx:hr>
     </gpxtpx:TrackPointExtension>
    </extensions>
   </trkpt>
   <trkpt lat="35.2500650" lon="113.9225800">
    <ele>71.3</ele>
    <time>2025-07-07T00:04:45Z</time>
    <extensions>
     <gpxtpx:TrackPointExtension>
      <gpxtpx:hr>127</gpxtpx:hr>
     </gpxtpx:TrackPointExtension>
    </extensions>
   </trkpt>
   <trkpt lat="35.2500650" lon="113.9225800">
    <ele>71.3</ele>
    <time>2025-07-07T00:04:45Z</time>
    <extensions>
     <gpxtpx:TrackPointExtension>
      <gpxtpx:hr>127</gpxtpx:hr>
     </gpxtpx:TrackPointExtension>
    </extensions>
   </trkpt>
   <trkpt lat="35.2500600" lon="113.9226200">
    <ele>71.4</ele>
    <time>2025-07-07T00:04:46Z</time>
    <extensions>
     <gpxtpx:TrackPointExtension>
      <gpxtpx:hr>127</gpxtpx:hr>
     </gpxtpx:TrackPointExtension>
    </extensions>
   </trkpt>
   <trkpt lat="35.2500650" lon="113.9226760">
    <ele>71.5</ele>
    <time>2025-07-07T00:04:47Z</time>
    <extensions>
     <gpxtpx:TrackPointExtension>
      <gpxtpx:hr>126</gpxtpx:hr>
     </gpxtpx:TrackPointExtension>
    </extensions>
   </trkpt>
   <trkpt lat="35.2500570" lon="113.9227100">
    <ele>71.6</ele>
    <time>2025-07-07T00:04:48Z</time>
    <extensions>
     <gpxtpx:TrackPointExtension>
      <gpxtpx:hr>126</gpxtpx:hr>
     </gpxtpx:TrackPointExtension>
    </extensions>
   </trkpt>
   <trkpt lat="35.2500570" lon="113.9227100">
    <ele>71.6</ele>
    <time>2025-07-07T00:04:48Z</time>
    <extensions>
     <gpxtpx:TrackPointExtension>
      <gpxtpx:hr>127</gpxtpx:hr>
     </gpxtpx:TrackPointExtension>
    </extensions>
   </trkpt>
   <trkpt lat="35.2500650" lon="113.9227500">
    <ele>71.6</ele>
    <time>2025-07-07T00:04:49Z</time>
    <extensions>
     <gpxtpx:TrackPointExtension>
      <gpxtpx:hr>127</gpxtpx:hr>
     </gpxtpx:TrackPointExtension>
    </extensions>
   </trkpt>
   <trkpt lat="35.2500530" lon="113.9228000">
    <ele>71.4</ele>
    <time>2025-07-07T00:04:50Z</time>
    <extensions>
     <gpxtpx:TrackPointExtension>
      <gpxtpx:hr>127</gpxtpx:hr>
     </gpxtpx:TrackPointExtension>
    </extensions>
   </trkpt>
   <trkpt lat="35.2500340" lon="113.9228400">
    <ele>71.2</ele>
    <time>2025-07-07T00:04:51Z</time>
    <extensions>
     <gpxtpx:TrackPointExtension>
      <gpxtpx:hr>127</gpxtpx:hr>
     </gpxtpx:TrackPointExtension>
    </extensions>
   </trkpt>
   <trkpt lat="35.2500080" lon="113.9228800">
    <ele>70.9</ele>
    <time>2025-07-07T00:04:52Z</time>
    <extensions>
     <gpxtpx:TrackPointExtension>
      <gpxtpx:hr>127</gpxtpx:hr>
     </gpxtpx:TrackPointExtension>
    </extensions>
   </trkpt>
   <trkpt lat="35.2499700" lon="113.9229200">
    <ele>70.5</ele>
    <time>2025-07-07T00:04:53Z</time>
    <extensions>
     <gpxtpx:TrackPointExtension>
      <gpxtpx:hr>127</gpxtpx:hr>
     </gpxtpx:TrackPointExtension>
    </extensions>
   </trkpt>
   <trkpt lat="35.2499240" lon="113.9229350">
    <ele>70.2</ele>
    <time>2025-07-07T00:04:54Z</time>
    <extensions>
     <gpxtpx:TrackPointExtension>
      <gpxtpx:hr>126</gpxtpx:hr>
     </gpxtpx:TrackPointExtension>
    </extensions>
   </trkpt>
   <trkpt lat="35.2498660" lon="113.9229700">
    <ele>70.1</ele>
    <time>2025-07-07T00:04:55Z</time>
    <extensions>
     <gpxtpx:TrackPointExtension>
      <gpxtpx:hr>126</gpxtpx:hr>
     </gpxtpx:TrackPointExtension>
    </extensions>
   </trkpt>
   <trkpt lat="35.2498250" lon="113.9230000">
    <ele>70.1</ele>
    <time>2025-07-07T00:04:56Z</time>
    <extensions>
     <gpxtpx:TrackPointExtension>
      <gpxtpx:hr>126</gpxtpx:hr>
     </gpxtpx:TrackPointExtension>
    </extensions>
   </trkpt>
   <trkpt lat="35.2497630" lon="113.9230100">
    <ele>70.1</ele>
    <time>2025-07-07T00:04:57Z</time>
    <extensions>
     <gpxtpx:TrackPointExtension>
      <gpxtpx:hr>125</gpxtpx:hr>
     </gpxtpx:TrackPointExtension>
    </extensions>
   </trkpt>
   <trkpt lat="35.2497000" lon="113.9230200">
    <ele>70.1</ele>
    <time>2025-07-07T00:04:58Z</time>
    <extensions>
     <gpxtpx:TrackPointExtension>
      <gpxtpx:hr>125</gpxtpx:hr>
     </gpxtpx:TrackPointExtension>
    </extensions>
   </trkpt>
   <trkpt lat="35.2497000" lon="113.9230200">
    <ele>70.1</ele>
    <time>2025-07-07T00:04:58Z</time>
    <extensions>
     <gpxtpx:TrackPointExtension>
      <gpxtpx:hr>124</gpxtpx:hr>
     </gpxtpx:TrackPointExtension>
    </extensions>
   </trkpt>
   <trkpt lat="35.2496300" lon="113.9230300">
    <ele>70.1</ele>
    <time>2025-07-07T00:04:59Z</time>
    <extensions>
     <gpxtpx:TrackPointExtension>
      <gpxtpx:hr>124</gpxtpx:hr>
     </gpxtpx:TrackPointExtension>
    </extensions>
   </trkpt>
   <trkpt lat="35.2495700" lon="113.9230300">
    <ele>70.1</ele>
    <time>2025-07-07T00:05:00Z</time>
    <extensions>
     <gpxtpx:TrackPointExtension>
      <gpxtpx:hr>123</gpxtpx:hr>
     </gpxtpx:TrackPointExtension>
    </extensions>
   </trkpt>
   <trkpt lat="35.2495080" lon="113.9230350">
    <ele>70.1</ele>
    <time>2025-07-07T00:05:01Z</time>
    <extensions>
     <gpxtpx:TrackPointExtension>
      <gpxtpx:hr>122</gpxtpx:hr>
     </gpxtpx:TrackPointExtension>
    </extensions>
   </trkpt>
   <trkpt lat="35.2494470" lon="113.9230400">
    <ele>70.1</ele>
    <time>2025-07-07T00:05:02Z</time>
    <extensions>
     <gpxtpx:TrackPointExtension>
      <gpxtpx:hr>121</gpxtpx:hr>
     </gpxtpx:TrackPointExtension>
    </extensions>
   </trkpt>
   <trkpt lat="35.2494050" lon="113.9230300">
    <ele>70.1</ele>
    <time>2025-07-07T00:05:03Z</time>
    <extensions>
     <gpxtpx:TrackPointExtension>
      <gpxtpx:hr>121</gpxtpx:hr>
     </gpxtpx:TrackPointExtension>
    </extensions>
   </trkpt>
   <trkpt lat="35.2494050" lon="113.9230300">
    <ele>70.1</ele>
    <time>2025-07-07T00:05:03Z</time>
    <extensions>
     <gpxtpx:TrackPointExtension>
      <gpxtpx:hr>121</gpxtpx:hr>
     </gpxtpx:TrackPointExtension>
    </extensions>
   </trkpt>
   <trkpt lat="35.2492750" lon="113.9230100">
    <ele>70.1</ele>
    <time>2025-07-07T00:05:04Z</time>
    <extensions>
     <gpxtpx:TrackPointExtension>
      <gpxtpx:hr>121</gpxtpx:hr>
     </gpxtpx:TrackPointExtension>
    </extensions>
   </trkpt>
   <trkpt lat="35.2492750" lon="113.9230100">
    <ele>70.1</ele>
    <time>2025-07-07T00:05:04Z</time>
    <extensions>
     <gpxtpx:TrackPointExtension>
      <gpxtpx:hr>120</gpxtpx:hr>
     </gpxtpx:TrackPointExtension>
    </extensions>
   </trkpt>
   <trkpt lat="35.2492100" lon="113.9230040">
    <ele>70.1</ele>
    <time>2025-07-07T00:05:05Z</time>
    <extensions>
     <gpxtpx:TrackPointExtension>
      <gpxtpx:hr>119</gpxtpx:hr>
     </gpxtpx:TrackPointExtension>
    </extensions>
   </trkpt>
   <trkpt lat="35.2491570" lon="113.9230000">
    <ele>70.1</ele>
    <time>2025-07-07T00:05:06Z</time>
    <extensions>
     <gpxtpx:TrackPointExtension>
      <gpxtpx:hr>118</gpxtpx:hr>
     </gpxtpx:TrackPointExtension>
    </extensions>
   </trkpt>
   <trkpt lat="35.2490960" lon="113.9230000">
    <ele>70.1</ele>
    <time>2025-07-07T00:05:07Z</time>
    <extensions>
     <gpxtpx:TrackPointExtension>
      <gpxtpx:hr>118</gpxtpx:hr>
     </gpxtpx:TrackPointExtension>
    </extensions>
   </trkpt>
   <trkpt lat="35.2490400" lon="113.9230040">
    <ele>70.1</ele>
    <time>2025-07-07T00:05:08Z</time>
    <extensions>
     <gpxtpx:TrackPointExtension>
      <gpxtpx:hr>118</gpxtpx:hr>
     </gpxtpx:TrackPointExtension>
    </extensions>
   </trkpt>
   <trkpt lat="35.2490400" lon="113.9230040">
    <ele>70.1</ele>
    <time>2025-07-07T00:05:08Z</time>
    <extensions>
     <gpxtpx:TrackPointExtension>
      <gpxtpx:hr>117</gpxtpx:hr>
     </gpxtpx:TrackPointExtension>
    </extensions>
   </trkpt>
   <trkpt lat="35.2489850" lon="113.9229900">
    <ele>70.1</ele>
    <time>2025-07-07T00:05:09Z</time>
    <extensions>
     <gpxtpx:TrackPointExtension>
      <gpxtpx:hr>116</gpxtpx:hr>
     </gpxtpx:TrackPointExtension>
    </extensions>
   </trkpt>
   <trkpt lat="35.2489280" lon="113.9229900">
    <ele>70.1</ele>
    <time>2025-07-07T00:05:10Z</time>
    <extensions>
     <gpxtpx:TrackPointExtension>
      <gpxtpx:hr>116</gpxtpx:hr>
     </gpxtpx:TrackPointExtension>
    </extensions>
   </trkpt>
   <trkpt lat="35.2488800" lon="113.9230000">
    <ele>70.1</ele>
    <time>2025-07-07T00:05:11Z</time>
    <extensions>
     <gpxtpx:TrackPointExtension>
      <gpxtpx:hr>114</gpxtpx:hr>
     </gpxtpx:TrackPointExtension>
    </extensions>
   </trkpt>
   <trkpt lat="35.2488140" lon="113.9229900">
    <ele>70.1</ele>
    <time>2025-07-07T00:05:12Z</time>
    <extensions>
     <gpxtpx:TrackPointExtension>
      <gpxtpx:hr>113</gpxtpx:hr>
     </gpxtpx:TrackPointExtension>
    </extensions>
   </trkpt>
   <trkpt lat="35.2487640" lon="113.9230000">
    <ele>70.1</ele>
    <time>2025-07-07T00:05:13Z</time>
    <extensions>
     <gpxtpx:TrackPointExtension>
      <gpxtpx:hr>113</gpxtpx:hr>
     </gpxtpx:TrackPointExtension>
    </extensions>
   </trkpt>
   <trkpt lat="35.2487030" lon="113.9229900">
    <ele>70.1</ele>
    <time>2025-07-07T00:05:14Z</time>
    <extensions>
     <gpxtpx:TrackPointExtension>
      <gpxtpx:hr>112</gpxtpx:hr>
     </gpxtpx:TrackPointExtension>
    </extensions>
   </trkpt>
   <trkpt lat="35.2486600" lon="113.9229900">
    <ele>70.1</ele>
    <time>2025-07-07T00:05:15Z</time>
    <extensions>
     <gpxtpx:TrackPointExtension>
      <gpxtpx:hr>110</gpxtpx:hr>
     </gpxtpx:TrackPointExtension>
    </extensions>
   </trkpt>
   <trkpt lat="35.2486100" lon="113.9229900">
    <ele>70.1</ele>
    <time>2025-07-07T00:05:16Z</time>
    <extensions>
     <gpxtpx:TrackPointExtension>
      <gpxtpx:hr>109</gpxtpx:hr>
     </gpxtpx:TrackPointExtension>
    </extensions>
   </trkpt>
   <trkpt lat="35.2485660" lon="113.9230000">
    <ele>70.1</ele>
    <time>2025-07-07T00:05:17Z</time>
    <extensions>
     <gpxtpx:TrackPointExtension>
      <gpxtpx:hr>108</gpxtpx:hr>
     </gpxtpx:TrackPointExtension>
    </extensions>
   </trkpt>
   <trkpt lat="35.2485050" lon="113.9230100">
    <ele>70.1</ele>
    <time>2025-07-07T00:05:18Z</time>
    <extensions>
     <gpxtpx:TrackPointExtension>
      <gpxtpx:hr>108</gpxtpx:hr>
     </gpxtpx:TrackPointExtension>
    </extensions>
   </trkpt>
   <trkpt lat="35.2485050" lon="113.9230100">
    <ele>70.1</ele>
    <time>2025-07-07T00:05:18Z</time>
    <extensions>
     <gpxtpx:TrackPointExtension>
      <gpxtpx:hr>107</gpxtpx:hr>
     </gpxtpx:TrackPointExtension>
    </extensions>
   </trkpt>
   <trkpt lat="35.2484500" lon="113.9230300">
    <ele>70.1</ele>
    <time>2025-07-07T00:05:19Z</time>
    <extensions>
     <gpxtpx:TrackPointExtension>
      <gpxtpx:hr>107</gpxtpx:hr>
     </gpxtpx:TrackPointExtension>
    </extensions>
   </trkpt>
   <trkpt lat="35.2484500" lon="113.9230300">
    <ele>70.1</ele>
    <time>2025-07-07T00:05:19Z</time>
    <extensions>
     <gpxtpx:TrackPointExtension>
      <gpxtpx:hr>107</gpxtpx:hr>
     </gpxtpx:TrackPointExtension>
    </extensions>
   </trkpt>
   <trkpt lat="35.2484000" lon="113.9230400">
    <ele>70.1</ele>
    <time>2025-07-07T00:05:20Z</time>
    <extensions>
     <gpxtpx:TrackPointExtension>
      <gpxtpx:hr>106</gpxtpx:hr>
     </gpxtpx:TrackPointExtension>
    </extensions>
   </trkpt>
   <trkpt lat="35.2483600" lon="113.9230500">
    <ele>70.1</ele>
    <time>2025-07-07T00:05:21Z</time>
    <extensions>
     <gpxtpx:TrackPointExtension>
      <gpxtpx:hr>106</gpxtpx:hr>
     </gpxtpx:TrackPointExtension>
    </extensions>
   </trkpt>
   <trkpt lat="35.2483180" lon="113.9230500">
    <ele>70.1</ele>
    <time>2025-07-07T00:05:22Z</time>
    <extensions>
     <gpxtpx:TrackPointExtension>
      <gpxtpx:hr>105</gpxtpx:hr>
     </gpxtpx:TrackPointExtension>
    </extensions>
   </trkpt>
   <trkpt lat="35.2482760" lon="113.9230350">
    <ele>70.1</ele>
    <time>2025-07-07T00:05:23Z</time>
    <extensions>
     <gpxtpx:TrackPointExtension>
      <gpxtpx:hr>105</gpxtpx:hr>
     </gpxtpx:TrackPointExtension>
    </extensions>
   </trkpt>
   <trkpt lat="35.2482260" lon="113.9230350">
    <ele>70.1</ele>
    <time>2025-07-07T00:05:24Z</time>
    <extensions>
     <gpxtpx:TrackPointExtension>
      <gpxtpx:hr>105</gpxtpx:hr>
     </gpxtpx:TrackPointExtension>
    </extensions>
   </trkpt>
   <trkpt lat="35.2481840" lon="113.9230300">
    <ele>70.1</ele>
    <time>2025-07-07T00:05:25Z</time>
    <extensions>
     <gpxtpx:TrackPointExtension>
      <gpxtpx:hr>105</gpxtpx:hr>
     </gpxtpx:TrackPointExtension>
    </extensions>
   </trkpt>
   <trkpt lat="35.2481500" lon="113.9230350">
    <ele>70.1</ele>
    <time>2025-07-07T00:05:26Z</time>
    <extensions>
     <gpxtpx:TrackPointExtension>
      <gpxtpx:hr>105</gpxtpx:hr>
     </gpxtpx:TrackPointExtension>
    </extensions>
   </trkpt>
   <trkpt lat="35.2481080" lon="113.9230300">
    <ele>70.1</ele>
    <time>2025-07-07T00:05:27Z</time>
    <extensions>
     <gpxtpx:TrackPointExtension>
      <gpxtpx:hr>105</gpxtpx:hr>
     </gpxtpx:TrackPointExtension>
    </extensions>
   </trkpt>
   <trkpt lat="35.2480550" lon="113.9230350">
    <ele>70.1</ele>
    <time>2025-07-07T00:05:28Z</time>
    <extensions>
     <gpxtpx:TrackPointExtension>
      <gpxtpx:hr>105</gpxtpx:hr>
     </gpxtpx:TrackPointExtension>
    </extensions>
   </trkpt>
   <trkpt lat="35.2480550" lon="113.9230350">
    <ele>70.1</ele>
    <time>2025-07-07T00:05:28Z</time>
    <extensions>
     <gpxtpx:TrackPointExtension>
      <gpxtpx:hr>106</gpxtpx:hr>
     </gpxtpx:TrackPointExtension>
    </extensions>
   </trkpt>
   <trkpt lat="35.2479930" lon="113.9230350">
    <ele>70.1</ele>
    <time>2025-07-07T00:05:29Z</time>
    <extensions>
     <gpxtpx:TrackPointExtension>
      <gpxtpx:hr>106</gpxtpx:hr>
     </gpxtpx:TrackPointExtension>
    </extensions>
   </trkpt>
   <trkpt lat="35.2479500" lon="113.9230400">
    <ele>70.1</ele>
    <time>2025-07-07T00:05:30Z</time>
    <extensions>
     <gpxtpx:TrackPointExtension>
      <gpxtpx:hr>106</gpxtpx:hr>
     </gpxtpx:TrackPointExtension>
    </extensions>
   </trkpt>
   <trkpt lat="35.2479100" lon="113.9230400">
    <ele>70.1</ele>
    <time>2025-07-07T00:05:31Z</time>
    <extensions>
     <gpxtpx:TrackPointExtension>
      <gpxtpx:hr>106</gpxtpx:hr>
     </gpxtpx:TrackPointExtension>
    </extensions>
   </trkpt>
   <trkpt lat="35.2478600" lon="113.9230350">
    <ele>70.1</ele>
    <time>2025-07-07T00:05:32Z</time>
    <extensions>
     <gpxtpx:TrackPointExtension>
      <gpxtpx:hr>106</gpxtpx:hr>
     </gpxtpx:TrackPointExtension>
    </extensions>
   </trkpt>
   <trkpt lat="35.2478140" lon="113.9230350">
    <ele>70.1</ele>
    <time>2025-07-07T00:05:33Z</time>
    <extensions>
     <gpxtpx:TrackPointExtension>
      <gpxtpx:hr>106</gpxtpx:hr>
     </gpxtpx:TrackPointExtension>
    </extensions>
   </trkpt>
   <trkpt lat="35.2477760" lon="113.9230300">
    <ele>70.1</ele>
    <time>2025-07-07T00:05:34Z</time>
    <extensions>
     <gpxtpx:TrackPointExtension>
      <gpxtpx:hr>105</gpxtpx:hr>
     </gpxtpx:TrackPointExtension>
    </extensions>
   </trkpt>
   <trkpt lat="35.2477260" lon="113.9230200">
    <ele>70.1</ele>
    <time>2025-07-07T00:05:35Z</time>
    <extensions>
     <gpxtpx:TrackPointExtension>
      <gpxtpx:hr>105</gpxtpx:hr>
     </gpxtpx:TrackPointExtension>
    </extensions>
   </trkpt>
   <trkpt lat="35.2477040" lon="113.9230100">
    <ele>70.1</ele>
    <time>2025-07-07T00:05:36Z</time>
    <extensions>
     <gpxtpx:TrackPointExtension>
      <gpxtpx:hr>106</gpxtpx:hr>
     </gpxtpx:TrackPointExtension>
    </extensions>
   </trkpt>
   <trkpt lat="35.2476700" lon="113.9230200">
    <ele>70.1</ele>
    <time>2025-07-07T00:05:37Z</time>
    <extensions>
     <gpxtpx:TrackPointExtension>
      <gpxtpx:hr>106</gpxtpx:hr>
     </gpxtpx:TrackPointExtension>
    </extensions>
   </trkpt>
   <trkpt lat="35.2476270" lon="113.9230400">
    <ele>70.1</ele>
    <time>2025-07-07T00:05:38Z</time>
    <extensions>
     <gpxtpx:TrackPointExtension>
      <gpxtpx:hr>106</gpxtpx:hr>
     </gpxtpx:TrackPointExtension>
    </extensions>
   </trkpt>
   <trkpt lat="35.2476270" lon="113.9230400">
    <ele>70.1</ele>
    <time>2025-07-07T00:05:38Z</time>
    <extensions>
     <gpxtpx:TrackPointExtension>
      <gpxtpx:hr>106</gpxtpx:hr>
     </gpxtpx:TrackPointExtension>
    </extensions>
   </trkpt>
   <trkpt lat="35.2475700" lon="113.9230500">
    <ele>70.1</ele>
    <time>2025-07-07T00:05:39Z</time>
    <extensions>
     <gpxtpx:TrackPointExtension>
      <gpxtpx:hr>106</gpxtpx:hr>
     </gpxtpx:TrackPointExtension>
    </extensions>
   </trkpt>
   <trkpt lat="35.2475700" lon="113.9230500">
    <ele>70.1</ele>
    <time>2025-07-07T00:05:39Z</time>
    <extensions>
     <gpxtpx:TrackPointExtension>
      <gpxtpx:hr>105</gpxtpx:hr>
     </gpxtpx:TrackPointExtension>
    </extensions>
   </trkpt>
   <trkpt lat="35.2475240" lon="113.9230500">
    <ele>70.1</ele>
    <time>2025-07-07T00:05:40Z</time>
    <extensions>
     <gpxtpx:TrackPointExtension>
      <gpxtpx:hr>105</gpxtpx:hr>
     </gpxtpx:TrackPointExtension>
    </extensions>
   </trkpt>
   <trkpt lat="35.2474800" lon="113.9230600">
    <ele>70.1</ele>
    <time>2025-07-07T00:05:41Z</time>
    <extensions>
     <gpxtpx:TrackPointExtension>
      <gpxtpx:hr>105</gpxtpx:hr>
     </gpxtpx:TrackPointExtension>
    </extensions>
   </trkpt>
   <trkpt lat="35.2474330" lon="113.9230400">
    <ele>70.1</ele>
    <time>2025-07-07T00:05:42Z</time>
    <extensions>
     <gpxtpx:TrackPointExtension>
      <gpxtpx:hr>105</gpxtpx:hr>
     </gpxtpx:TrackPointExtension>
    </extensions>
   </trkpt>
   <trkpt lat="35.2473870" lon="113.9230400">
    <ele>70.1</ele>
    <time>2025-07-07T00:05:43Z</time>
    <extensions>
     <gpxtpx:TrackPointExtension>
      <gpxtpx:hr>106</gpxtpx:hr>
     </gpxtpx:TrackPointExtension>
    </extensions>
   </trkpt>
   <trkpt lat="35.2473450" lon="113.9230200">
    <ele>70.1</ele>
    <time>2025-07-07T00:05:44Z</time>
    <extensions>
     <gpxtpx:TrackPointExtension>
      <gpxtpx:hr>106</gpxtpx:hr>
     </gpxtpx:TrackPointExtension>
    </extensions>
   </trkpt>
   <trkpt lat="35.2472950" lon="113.9230200">
    <ele>70.1</ele>
    <time>2025-07-07T00:05:45Z</time>
    <extensions>
     <gpxtpx:TrackPointExtension>
      <gpxtpx:hr>106</gpxtpx:hr>
     </gpxtpx:TrackPointExtension>
    </extensions>
   </trkpt>
   <trkpt lat="35.2472530" lon="113.9230300">
    <ele>70.1</ele>
    <time>2025-07-07T00:05:46Z</time>
    <extensions>
     <gpxtpx:TrackPointExtension>
      <gpxtpx:hr>106</gpxtpx:hr>
     </gpxtpx:TrackPointExtension>
    </extensions>
   </trkpt>
   <trkpt lat="35.2472230" lon="113.9230400">
    <ele>70.1</ele>
    <time>2025-07-07T00:05:47Z</time>
    <extensions>
     <gpxtpx:TrackPointExtension>
      <gpxtpx:hr>106</gpxtpx:hr>
     </gpxtpx:TrackPointExtension>
    </extensions>
   </trkpt>
   <trkpt lat="35.2472230" lon="113.9230400">
    <ele>70.1</ele>
    <time>2025-07-07T00:05:47Z</time>
    <extensions>
     <gpxtpx:TrackPointExtension>
      <gpxtpx:hr>105</gpxtpx:hr>
     </gpxtpx:TrackPointExtension>
    </extensions>
   </trkpt>
   <trkpt lat="35.2471730" lon="113.9230400">
    <ele>70.1</ele>
    <time>2025-07-07T00:05:48Z</time>
    <extensions>
     <gpxtpx:TrackPointExtension>
      <gpxtpx:hr>106</gpxtpx:hr>
     </gpxtpx:TrackPointExtension>
    </extensions>
   </trkpt>
   <trkpt lat="35.2471470" lon="113.9230500">
    <ele>70.1</ele>
    <time>2025-07-07T00:05:49Z</time>
    <extensions>
     <gpxtpx:TrackPointExtension>
      <gpxtpx:hr>106</gpxtpx:hr>
     </gpxtpx:TrackPointExtension>
    </extensions>
   </trkpt>
   <trkpt lat="35.2470970" lon="113.9230500">
    <ele>70.1</ele>
    <time>2025-07-07T00:05:50Z</time>
    <extensions>
     <gpxtpx:TrackPointExtension>
      <gpxtpx:hr>107</gpxtpx:hr>
     </gpxtpx:TrackPointExtension>
    </extensions>
   </trkpt>
   <trkpt lat="35.2470550" lon="113.9230650">
    <ele>70.1</ele>
    <time>2025-07-07T00:05:51Z</time>
    <extensions>
     <gpxtpx:TrackPointExtension>
      <gpxtpx:hr>107</gpxtpx:hr>
     </gpxtpx:TrackPointExtension>
    </extensions>
   </trkpt>
   <trkpt lat="35.2470100" lon="113.9230700">
    <ele>70.1</ele>
    <time>2025-07-07T00:05:52Z</time>
    <extensions>
     <gpxtpx:TrackPointExtension>
      <gpxtpx:hr>108</gpxtpx:hr>
     </gpxtpx:TrackPointExtension>
    </extensions>
   </trkpt>
   <trkpt lat="35.2469750" lon="113.9230500">
    <ele>70.1</ele>
    <time>2025-07-07T00:05:53Z</time>
    <extensions>
     <gpxtpx:TrackPointExtension>
      <gpxtpx:hr>108</gpxtpx:hr>
     </gpxtpx:TrackPointExtension>
    </extensions>
   </trkpt>
   <trkpt lat="35.2469370" lon="113.9230400">
    <ele>70.1</ele>
    <time>2025-07-07T00:05:54Z</time>
    <extensions>
     <gpxtpx:TrackPointExtension>
      <gpxtpx:hr>109</gpxtpx:hr>
     </gpxtpx:TrackPointExtension>
    </extensions>
   </trkpt>
   <trkpt lat="35.2469020" lon="113.9230350">
    <ele>70.1</ele>
    <time>2025-07-07T00:05:55Z</time>
    <extensions>
     <gpxtpx:TrackPointExtension>
      <gpxtpx:hr>109</gpxtpx:hr>
     </gpxtpx:TrackPointExtension>
    </extensions>
   </trkpt>
   <trkpt lat="35.2468600" lon="113.9230300">
    <ele>70.1</ele>
    <time>2025-07-07T00:05:56Z</time>
    <extensions>
     <gpxtpx:TrackPointExtension>
      <gpxtpx:hr>109</gpxtpx:hr>
     </gpxtpx:TrackPointExtension>
    </extensions>
   </trkpt>
   <trkpt lat="35.2468100" lon="113.9230400">
    <ele>70.1</ele>
    <time>2025-07-07T00:05:57Z</time>
    <extensions>
     <gpxtpx:TrackPointExtension>
      <gpxtpx:hr>108</gpxtpx:hr>
     </gpxtpx:TrackPointExtension>
    </extensions>
   </trkpt>
   <trkpt lat="35.2468100" lon="113.9230400">
    <ele>70.1</ele>
    <time>2025-07-07T00:05:57Z</time>
    <extensions>
     <gpxtpx:TrackPointExtension>
      <gpxtpx:hr>108</gpxtpx:hr>
     </gpxtpx:TrackPointExtension>
    </extensions>
   </trkpt>
   <trkpt lat="35.2467650" lon="113.9230500">
    <ele>70.1</ele>
    <time>2025-07-07T00:05:58Z</time>
    <extensions>
     <gpxtpx:TrackPointExtension>
      <gpxtpx:hr>108</gpxtpx:hr>
     </gpxtpx:TrackPointExtension>
    </extensions>
   </trkpt>
   <trkpt lat="35.2467650" lon="113.9230500">
    <ele>70.1</ele>
    <time>2025-07-07T00:05:59Z</time>
    <extensions>
     <gpxtpx:TrackPointExtension>
      <gpxtpx:hr>108</gpxtpx:hr>
     </gpxtpx:TrackPointExtension>
    </extensions>
   </trkpt>
   <trkpt lat="35.2467350" lon="113.9230400">
    <ele>70.1</ele>
    <time>2025-07-07T00:06:00Z</time>
    <extensions>
     <gpxtpx:TrackPointExtension>
      <gpxtpx:hr>108</gpxtpx:hr>
     </gpxtpx:TrackPointExtension>
    </extensions>
   </trkpt>
   <trkpt lat="35.2467350" lon="113.9230400">
    <ele>70.1</ele>
    <time>2025-07-07T00:06:00Z</time>
    <extensions>
     <gpxtpx:TrackPointExtension>
      <gpxtpx:hr>109</gpxtpx:hr>
     </gpxtpx:TrackPointExtension>
    </extensions>
   </trkpt>
   <trkpt lat="35.2466900" lon="113.9230400">
    <ele>70.1</ele>
    <time>2025-07-07T00:06:01Z</time>
    <extensions>
     <gpxtpx:TrackPointExtension>
      <gpxtpx:hr>109</gpxtpx:hr>
     </gpxtpx:TrackPointExtension>
    </extensions>
   </trkpt>
   <trkpt lat="35.2466470" lon="113.9230350">
    <ele>70.1</ele>
    <time>2025-07-07T00:06:02Z</time>
    <extensions>
     <gpxtpx:TrackPointExtension>
      <gpxtpx:hr>110</gpxtpx:hr>
     </gpxtpx:TrackPointExtension>
    </extensions>
   </trkpt>
   <trkpt lat="35.2466000" lon="113.9230300">
    <ele>70.1</ele>
    <time>2025-07-07T00:06:03Z</time>
    <extensions>
     <gpxtpx:TrackPointExtension>
      <gpxtpx:hr>111</gpxtpx:hr>
     </gpxtpx:TrackPointExtension>
    </extensions>
   </trkpt>
   <trkpt lat="35.2465800" lon="113.9230300">
    <ele>70.1</ele>
    <time>2025-07-07T00:06:04Z</time>
    <extensions>
     <gpxtpx:TrackPointExtension>
      <gpxtpx:hr>112</gpxtpx:hr>
     </gpxtpx:TrackPointExtension>
    </extensions>
   </trkpt>
   <trkpt lat="35.2465300" lon="113.9230350">
    <ele>70.1</ele>
    <time>2025-07-07T00:06:05Z</time>
    <extensions>
     <gpxtpx:TrackPointExtension>
      <gpxtpx:hr>113</gpxtpx:hr>
     </gpxtpx:TrackPointExtension>
    </extensions>
   </trkpt>
   <trkpt lat="35.2464940" lon="113.9230400">
    <ele>70.1</ele>
    <time>2025-07-07T00:06:06Z</time>
    <extensions>
     <gpxtpx:TrackPointExtension>
      <gpxtpx:hr>113</gpxtpx:hr>
     </gpxtpx:TrackPointExtension>
    </extensions>
   </trkpt>
   <trkpt lat="35.2464500" lon="113.9230400">
    <ele>70.1</ele>
    <time>2025-07-07T00:06:07Z</time>
    <extensions>
     <gpxtpx:TrackPointExtension>
      <gpxtpx:hr>113</gpxtpx:hr>
     </gpxtpx:TrackPointExtension>
    </extensions>
   </trkpt>
   <trkpt lat="35.2464100" lon="113.9230500">
    <ele>70.1</ele>
    <time>2025-07-07T00:06:08Z</time>
    <extensions>
     <gpxtpx:TrackPointExtension>
      <gpxtpx:hr>113</gpxtpx:hr>
     </gpxtpx:TrackPointExtension>
    </extensions>
   </trkpt>
   <trkpt lat="35.2464100" lon="113.9230500">
    <ele>70.1</ele>
    <time>2025-07-07T00:06:08Z</time>
    <extensions>
     <gpxtpx:TrackPointExtension>
      <gpxtpx:hr>112</gpxtpx:hr>
     </gpxtpx:TrackPointExtension>
    </extensions>
   </trkpt>
   <trkpt lat="35.2463700" lon="113.9230650">
    <ele>70.1</ele>
    <time>2025-07-07T00:06:09Z</time>
    <extensions>
     <gpxtpx:TrackPointExtension>
      <gpxtpx:hr>111</gpxtpx:hr>
     </gpxtpx:TrackPointExtension>
    </extensions>
   </trkpt>
   <trkpt lat="35.2463460" lon="113.9230960">
    <ele>70.1</ele>
    <time>2025-07-07T00:06:10Z</time>
    <extensions>
     <gpxtpx:TrackPointExtension>
      <gpxtpx:hr>110</gpxtpx:hr>
     </gpxtpx:TrackPointExtension>
    </extensions>
   </trkpt>
   <trkpt lat="35.2463260" lon="113.9231300">
    <ele>70.1</ele>
    <time>2025-07-07T00:06:11Z</time>
    <extensions>
     <gpxtpx:TrackPointExtension>
      <gpxtpx:hr>110</gpxtpx:hr>
     </gpxtpx:TrackPointExtension>
    </extensions>
   </trkpt>
   <trkpt lat="35.2463380" lon="113.9231340">
    <ele>70.1</ele>
    <time>2025-07-07T00:06:12Z</time>
    <extensions>
     <gpxtpx:TrackPointExtension>
      <gpxtpx:hr>109</gpxtpx:hr>
     </gpxtpx:TrackPointExtension>
    </extensions>
   </trkpt>
   <trkpt lat="35.2463400" lon="113.9231400">
    <ele>70.1</ele>
    <time>2025-07-07T00:06:13Z</time>
    <extensions>
     <gpxtpx:TrackPointExtension>
      <gpxtpx:hr>109</gpxtpx:hr>
     </gpxtpx:TrackPointExtension>
    </extensions>
   </trkpt>
   <trkpt lat="35.2463340" lon="113.9231700">
    <ele>70.1</ele>
    <time>2025-07-07T00:06:14Z</time>
    <extensions>
     <gpxtpx:TrackPointExtension>
      <gpxtpx:hr>110</gpxtpx:hr>
     </gpxtpx:TrackPointExtension>
    </extensions>
   </trkpt>
   <trkpt lat="35.2463100" lon="113.9232100">
    <ele>69.7</ele>
    <time>2025-07-07T00:06:15Z</time>
    <extensions>
     <gpxtpx:TrackPointExtension>
      <gpxtpx:hr>110</gpxtpx:hr>
     </gpxtpx:TrackPointExtension>
    </extensions>
   </trkpt>
   <trkpt lat="35.2462840" lon="113.9232560">
    <ele>69.6</ele>
    <time>2025-07-07T00:06:16Z</time>
    <extensions>
     <gpxtpx:TrackPointExtension>
      <gpxtpx:hr>110</gpxtpx:hr>
     </gpxtpx:TrackPointExtension>
    </extensions>
   </trkpt>
   <trkpt lat="35.2462650" lon="113.9232900">
    <ele>69.6</ele>
    <time>2025-07-07T00:06:17Z</time>
    <extensions>
     <gpxtpx:TrackPointExtension>
      <gpxtpx:hr>110</gpxtpx:hr>
     </gpxtpx:TrackPointExtension>
    </extensions>
   </trkpt>
   <trkpt lat="35.2462580" lon="113.9233300">
    <ele>69.6</ele>
    <time>2025-07-07T00:06:18Z</time>
    <extensions>
     <gpxtpx:TrackPointExtension>
      <gpxtpx:hr>110</gpxtpx:hr>
     </gpxtpx:TrackPointExtension>
    </extensions>
   </trkpt>
   <trkpt lat="35.2462580" lon="113.9233300">
    <ele>69.6</ele>
    <time>2025-07-07T00:06:18Z</time>
    <extensions>
     <gpxtpx:TrackPointExtension>
      <gpxtpx:hr>110</gpxtpx:hr>
     </gpxtpx:TrackPointExtension>
    </extensions>
   </trkpt>
   <trkpt lat="35.2462300" lon="113.9233860">
    <ele>68.8</ele>
    <time>2025-07-07T00:06:19Z</time>
    <extensions>
     <gpxtpx:TrackPointExtension>
      <gpxtpx:hr>110</gpxtpx:hr>
     </gpxtpx:TrackPointExtension>
    </extensions>
   </trkpt>
   <trkpt lat="35.2462120" lon="113.9234160">
    <ele>68.6</ele>
    <time>2025-07-07T00:06:20Z</time>
    <extensions>
     <gpxtpx:TrackPointExtension>
      <gpxtpx:hr>111</gpxtpx:hr>
     </gpxtpx:TrackPointExtension>
    </extensions>
   </trkpt>
   <trkpt lat="35.2462100" lon="113.9234700">
    <ele>67.4</ele>
    <time>2025-07-07T00:06:21Z</time>
    <extensions>
     <gpxtpx:TrackPointExtension>
      <gpxtpx:hr>112</gpxtpx:hr>
     </gpxtpx:TrackPointExtension>
    </extensions>
   </trkpt>
   <trkpt lat="35.2461900" lon="113.9235200">
    <ele>66.9</ele>
    <time>2025-07-07T00:06:22Z</time>
    <extensions>
     <gpxtpx:TrackPointExtension>
      <gpxtpx:hr>113</gpxtpx:hr>
     </gpxtpx:TrackPointExtension>
    </extensions>
   </trkpt>
   <trkpt lat="35.2461620" lon="113.9235900">
    <ele>65.7</ele>
    <time>2025-07-07T00:06:23Z</time>
    <extensions>
     <gpxtpx:TrackPointExtension>
      <gpxtpx:hr>114</gpxtpx:hr>
     </gpxtpx:TrackPointExtension>
    </extensions>
   </trkpt>
   <trkpt lat="35.2461600" lon="113.9236400">
    <ele>65.4</ele>
    <time>2025-07-07T00:06:24Z</time>
    <extensions>
     <gpxtpx:TrackPointExtension>
      <gpxtpx:hr>114</gpxtpx:hr>
     </gpxtpx:TrackPointExtension>
    </extensions>
   </trkpt>
   <trkpt lat="35.2461600" lon="113.9236400">
    <ele>65.3</ele>
    <time>2025-07-07T00:06:24Z</time>
    <extensions>
     <gpxtpx:TrackPointExtension>
      <gpxtpx:hr>114</gpxtpx:hr>
     </gpxtpx:TrackPointExtension>
    </extensions>
   </trkpt>
   <trkpt lat="35.2461470" lon="113.9237000">
    <ele>65.0</ele>
    <time>2025-07-07T00:06:25Z</time>
    <extensions>
     <gpxtpx:TrackPointExtension>
      <gpxtpx:hr>115</gpxtpx:hr>
     </gpxtpx:TrackPointExtension>
    </extensions>
   </trkpt>
   <trkpt lat="35.2461470" lon="113.9237600">
    <ele>64.5</ele>
    <time>2025-07-07T00:06:26Z</time>
    <extensions>
     <gpxtpx:TrackPointExtension>
      <gpxtpx:hr>116</gpxtpx:hr>
     </gpxtpx:TrackPointExtension>
    </extensions>
   </trkpt>
   <trkpt lat="35.2461400" lon="113.9238200">
    <ele>63.8</ele>
    <time>2025-07-07T00:06:27Z</time>
    <extensions>
     <gpxtpx:TrackPointExtension>
      <gpxtpx:hr>117</gpxtpx:hr>
     </gpxtpx:TrackPointExtension>
    </extensions>
   </trkpt>
   <trkpt lat="35.2461300" lon="113.9238740">
    <ele>63.7</ele>
    <time>2025-07-07T00:06:28Z</time>
    <extensions>
     <gpxtpx:TrackPointExtension>
      <gpxtpx:hr>117</gpxtpx:hr>
     </gpxtpx:TrackPointExtension>
    </extensions>
   </trkpt>
   <trkpt lat="35.2461300" lon="113.9238740">
    <ele>63.7</ele>
    <time>2025-07-07T00:06:28Z</time>
    <extensions>
     <gpxtpx:TrackPointExtension>
      <gpxtpx:hr>118</gpxtpx:hr>
     </gpxtpx:TrackPointExtension>
    </extensions>
   </trkpt>
   <trkpt lat="35.2461200" lon="113.9239300">
    <ele>63.6</ele>
    <time>2025-07-07T00:06:29Z</time>
    <extensions>
     <gpxtpx:TrackPointExtension>
      <gpxtpx:hr>119</gpxtpx:hr>
     </gpxtpx:TrackPointExtension>
    </extensions>
   </trkpt>
   <trkpt lat="35.2461130" lon="113.9239800">
    <ele>63.7</ele>
    <time>2025-07-07T00:06:30Z</time>
    <extensions>
     <gpxtpx:TrackPointExtension>
      <gpxtpx:hr>119</gpxtpx:hr>
     </gpxtpx:TrackPointExtension>
    </extensions>
   </trkpt>
   <trkpt lat="35.2461050" lon="113.9240300">
    <ele>63.3</ele>
    <time>2025-07-07T00:06:31Z</time>
    <extensions>
     <gpxtpx:TrackPointExtension>
      <gpxtpx:hr>120</gpxtpx:hr>
     </gpxtpx:TrackPointExtension>
    </extensions>
   </trkpt>
   <trkpt lat="35.2461050" lon="113.9240950">
    <ele>63.3</ele>
    <time>2025-07-07T00:06:32Z</time>
    <extensions>
     <gpxtpx:TrackPointExtension>
      <gpxtpx:hr>120</gpxtpx:hr>
     </gpxtpx:TrackPointExtension>
    </extensions>
   </trkpt>
   <trkpt lat="35.2461200" lon="113.9241640">
    <ele>63.4</ele>
    <time>2025-07-07T00:06:33Z</time>
    <extensions>
     <gpxtpx:TrackPointExtension>
      <gpxtpx:hr>120</gpxtpx:hr>
     </gpxtpx:TrackPointExtension>
    </extensions>
   </trkpt>
   <trkpt lat="35.2461200" lon="113.9242300">
    <ele>63.7</ele>
    <time>2025-07-07T00:06:34Z</time>
    <extensions>
     <gpxtpx:TrackPointExtension>
      <gpxtpx:hr>121</gpxtpx:hr>
     </gpxtpx:TrackPointExtension>
    </extensions>
   </trkpt>
   <trkpt lat="35.2461240" lon="113.9242800">
    <ele>64.6</ele>
    <time>2025-07-07T00:06:35Z</time>
    <extensions>
     <gpxtpx:TrackPointExtension>
      <gpxtpx:hr>121</gpxtpx:hr>
     </gpxtpx:TrackPointExtension>
    </extensions>
   </trkpt>
   <trkpt lat="35.2461300" lon="113.9243550">
    <ele>65.2</ele>
    <time>2025-07-07T00:06:36Z</time>
    <extensions>
     <gpxtpx:TrackPointExtension>
      <gpxtpx:hr>121</gpxtpx:hr>
     </gpxtpx:TrackPointExtension>
    </extensions>
   </trkpt>
   <trkpt lat="35.2461170" lon="113.9244100">
    <ele>66.4</ele>
    <time>2025-07-07T00:06:37Z</time>
    <extensions>
     <gpxtpx:TrackPointExtension>
      <gpxtpx:hr>120</gpxtpx:hr>
     </gpxtpx:TrackPointExtension>
    </extensions>
   </trkpt>
   <trkpt lat="35.2461240" lon="113.9244600">
    <ele>66.9</ele>
    <time>2025-07-07T00:06:38Z</time>
    <extensions>
     <gpxtpx:TrackPointExtension>
      <gpxtpx:hr>120</gpxtpx:hr>
     </gpxtpx:TrackPointExtension>
    </extensions>
   </trkpt>
   <trkpt lat="35.2461240" lon="113.9244600">
    <ele>66.9</ele>
    <time>2025-07-07T00:06:38Z</time>
    <extensions>
     <gpxtpx:TrackPointExtension>
      <gpxtpx:hr>120</gpxtpx:hr>
     </gpxtpx:TrackPointExtension>
    </extensions>
   </trkpt>
   <trkpt lat="35.2461360" lon="113.9245000">
    <ele>67.3</ele>
    <time>2025-07-07T00:06:39Z</time>
    <extensions>
     <gpxtpx:TrackPointExtension>
      <gpxtpx:hr>120</gpxtpx:hr>
     </gpxtpx:TrackPointExtension>
    </extensions>
   </trkpt>
   <trkpt lat="35.2461360" lon="113.9245700">
    <ele>67.7</ele>
    <time>2025-07-07T00:06:40Z</time>
    <extensions>
     <gpxtpx:TrackPointExtension>
      <gpxtpx:hr>119</gpxtpx:hr>
     </gpxtpx:TrackPointExtension>
    </extensions>
   </trkpt>
   <trkpt lat="35.2461280" lon="113.9246200">
    <ele>68.2</ele>
    <time>2025-07-07T00:06:41Z</time>
    <extensions>
     <gpxtpx:TrackPointExtension>
      <gpxtpx:hr>119</gpxtpx:hr>
     </gpxtpx:TrackPointExtension>
    </extensions>
   </trkpt>
   <trkpt lat="35.2461280" lon="113.9246800">
    <ele>68.4</ele>
    <time>2025-07-07T00:06:42Z</time>
    <extensions>
     <gpxtpx:TrackPointExtension>
      <gpxtpx:hr>118</gpxtpx:hr>
     </gpxtpx:TrackPointExtension>
    </extensions>
   </trkpt>
   <trkpt lat="35.2461170" lon="113.9247360">
    <ele>68.6</ele>
    <time>2025-07-07T00:06:43Z</time>
    <extensions>
     <gpxtpx:TrackPointExtension>
      <gpxtpx:hr>118</gpxtpx:hr>
     </gpxtpx:TrackPointExtension>
    </extensions>
   </trkpt>
   <trkpt lat="35.2461170" lon="113.9247360">
    <ele>68.6</ele>
    <time>2025-07-07T00:06:43Z</time>
    <extensions>
     <gpxtpx:TrackPointExtension>
      <gpxtpx:hr>118</gpxtpx:hr>
     </gpxtpx:TrackPointExtension>
    </extensions>
   </trkpt>
   <trkpt lat="35.2461280" lon="113.9247800">
    <ele>68.9</ele>
    <time>2025-07-07T00:06:44Z</time>
    <extensions>
     <gpxtpx:TrackPointExtension>
      <gpxtpx:hr>117</gpxtpx:hr>
     </gpxtpx:TrackPointExtension>
    </extensions>
   </trkpt>
   <trkpt lat="35.2461240" lon="113.9248300">
    <ele>69.2</ele>
    <time>2025-07-07T00:06:45Z</time>
    <extensions>
     <gpxtpx:TrackPointExtension>
      <gpxtpx:hr>117</gpxtpx:hr>
     </gpxtpx:TrackPointExtension>
    </extensions>
   </trkpt>
   <trkpt lat="35.2461200" lon="113.9248700">
    <ele>69.5</ele>
    <time>2025-07-07T00:06:46Z</time>
    <extensions>
     <gpxtpx:TrackPointExtension>
      <gpxtpx:hr>117</gpxtpx:hr>
     </gpxtpx:TrackPointExtension>
    </extensions>
   </trkpt>
   <trkpt lat="35.2461170" lon="113.9249340">
    <ele>69.6</ele>
    <time>2025-07-07T00:06:47Z</time>
    <extensions>
     <gpxtpx:TrackPointExtension>
      <gpxtpx:hr>117</gpxtpx:hr>
     </gpxtpx:TrackPointExtension>
    </extensions>
   </trkpt>
   <trkpt lat="35.2461300" lon="113.9250000">
    <ele>69.5</ele>
    <time>2025-07-07T00:06:48Z</time>
    <extensions>
     <gpxtpx:TrackPointExtension>
      <gpxtpx:hr>117</gpxtpx:hr>
     </gpxtpx:TrackPointExtension>
    </extensions>
   </trkpt>
   <trkpt lat="35.2461300" lon="113.9250000">
    <ele>69.5</ele>
    <time>2025-07-07T00:06:48Z</time>
    <extensions>
     <gpxtpx:TrackPointExtension>
      <gpxtpx:hr>118</gpxtpx:hr>
     </gpxtpx:TrackPointExtension>
    </extensions>
   </trkpt>
   <trkpt lat="35.2461240" lon="113.9250600">
    <ele>69.4</ele>
    <time>2025-07-07T00:06:49Z</time>
    <extensions>
     <gpxtpx:TrackPointExtension>
      <gpxtpx:hr>118</gpxtpx:hr>
     </gpxtpx:TrackPointExtension>
    </extensions>
   </trkpt>
   <trkpt lat="35.2461130" lon="113.9251700">
    <ele>69.5</ele>
    <time>2025-07-07T00:06:50Z</time>
    <extensions>
     <gpxtpx:TrackPointExtension>
      <gpxtpx:hr>119</gpxtpx:hr>
     </gpxtpx:TrackPointExtension>
    </extensions>
   </trkpt>
   <trkpt lat="35.2461200" lon="113.9252240">
    <ele>69.6</ele>
    <time>2025-07-07T00:06:51Z</time>
    <extensions>
     <gpxtpx:TrackPointExtension>
      <gpxtpx:hr>119</gpxtpx:hr>
     </gpxtpx:TrackPointExtension>
    </extensions>
   </trkpt>
   <trkpt lat="35.2461300" lon="113.9252700">
    <ele>69.6</ele>
    <time>2025-07-07T00:06:52Z</time>
    <extensions>
     <gpxtpx:TrackPointExtension>
      <gpxtpx:hr>119</gpxtpx:hr>
     </gpxtpx:TrackPointExtension>
    </extensions>
   </trkpt>
   <trkpt lat="35.2461280" lon="113.9253200">
    <ele>69.6</ele>
    <time>2025-07-07T00:06:53Z</time>
    <extensions>
     <gpxtpx:TrackPointExtension>
      <gpxtpx:hr>120</gpxtpx:hr>
     </gpxtpx:TrackPointExtension>
    </extensions>
   </trkpt>
   <trkpt lat="35.2461360" lon="113.9254000">
    <ele>69.3</ele>
    <time>2025-07-07T00:06:54Z</time>
    <extensions>
     <gpxtpx:TrackPointExtension>
      <gpxtpx:hr>120</gpxtpx:hr>
     </gpxtpx:TrackPointExtension>
    </extensions>
   </trkpt>
   <trkpt lat="35.2461430" lon="113.9254600">
    <ele>69.0</ele>
    <time>2025-07-07T00:06:55Z</time>
    <extensions>
     <gpxtpx:TrackPointExtension>
      <gpxtpx:hr>120</gpxtpx:hr>
     </gpxtpx:TrackPointExtension>
    </extensions>
   </trkpt>
   <trkpt lat="35.2461430" lon="113.9255000">
    <ele>68.7</ele>
    <time>2025-07-07T00:06:56Z</time>
    <extensions>
     <gpxtpx:TrackPointExtension>
      <gpxtpx:hr>119</gpxtpx:hr>
     </gpxtpx:TrackPointExtension>
    </extensions>
   </trkpt>
   <trkpt lat="35.2461360" lon="113.9255450">
    <ele>68.4</ele>
    <time>2025-07-07T00:06:57Z</time>
    <extensions>
     <gpxtpx:TrackPointExtension>
      <gpxtpx:hr>119</gpxtpx:hr>
     </gpxtpx:TrackPointExtension>
    </extensions>
   </trkpt>
   <trkpt lat="35.2461400" lon="113.9256060">
    <ele>68.1</ele>
    <time>2025-07-07T00:06:58Z</time>
    <extensions>
     <gpxtpx:TrackPointExtension>
      <gpxtpx:hr>119</gpxtpx:hr>
     </gpxtpx:TrackPointExtension>
    </extensions>
   </trkpt>
   <trkpt lat="35.2461400" lon="113.9256060">
    <ele>68.1</ele>
    <time>2025-07-07T00:06:58Z</time>
    <extensions>
     <gpxtpx:TrackPointExtension>
      <gpxtpx:hr>120</gpxtpx:hr>
     </gpxtpx:TrackPointExtension>
    </extensions>
   </trkpt>
   <trkpt lat="35.2461500" lon="113.9256700">
    <ele>67.9</ele>
    <time>2025-07-07T00:06:59Z</time>
    <extensions>
     <gpxtpx:TrackPointExtension>
      <gpxtpx:hr>120</gpxtpx:hr>
     </gpxtpx:TrackPointExtension>
    </extensions>
   </trkpt>
   <trkpt lat="35.2461500" lon="113.9257100">
    <ele>67.9</ele>
    <time>2025-07-07T00:07:00Z</time>
    <extensions>
     <gpxtpx:TrackPointExtension>
      <gpxtpx:hr>121</gpxtpx:hr>
     </gpxtpx:TrackPointExtension>
    </extensions>
   </trkpt>
   <trkpt lat="35.2461550" lon="113.9257660">
    <ele>68.0</ele>
    <time>2025-07-07T00:07:01Z</time>
    <extensions>
     <gpxtpx:TrackPointExtension>
      <gpxtpx:hr>122</gpxtpx:hr>
     </gpxtpx:TrackPointExtension>
    </extensions>
   </trkpt>
   <trkpt lat="35.2461430" lon="113.9258350">
    <ele>68.7</ele>
    <time>2025-07-07T00:07:02Z</time>
    <extensions>
     <gpxtpx:TrackPointExtension>
      <gpxtpx:hr>122</gpxtpx:hr>
     </gpxtpx:TrackPointExtension>
    </extensions>
   </trkpt>
   <trkpt lat="35.2461430" lon="113.9258350">
    <ele>68.7</ele>
    <time>2025-07-07T00:07:02Z</time>
    <extensions>
     <gpxtpx:TrackPointExtension>
      <gpxtpx:hr>123</gpxtpx:hr>
     </gpxtpx:TrackPointExtension>
    </extensions>
   </trkpt>
   <trkpt lat="35.2461360" lon="113.9258900">
    <ele>69.0</ele>
    <time>2025-07-07T00:07:03Z</time>
    <extensions>
     <gpxtpx:TrackPointExtension>
      <gpxtpx:hr>123</gpxtpx:hr>
     </gpxtpx:TrackPointExtension>
    </extensions>
   </trkpt>
   <trkpt lat="35.2461280" lon="113.9259400">
    <ele>69.3</ele>
    <time>2025-07-07T00:07:04Z</time>
    <extensions>
     <gpxtpx:TrackPointExtension>
      <gpxtpx:hr>124</gpxtpx:hr>
     </gpxtpx:TrackPointExtension>
    </extensions>
   </trkpt>
   <trkpt lat="35.2461300" lon="113.9259900">
    <ele>69.7</ele>
    <time>2025-07-07T00:07:05Z</time>
    <extensions>
     <gpxtpx:TrackPointExtension>
      <gpxtpx:hr>124</gpxtpx:hr>
     </gpxtpx:TrackPointExtension>
    </extensions>
   </trkpt>
   <trkpt lat="35.2461280" lon="113.9260400">
    <ele>70.1</ele>
    <time>2025-07-07T00:07:06Z</time>
    <extensions>
     <gpxtpx:TrackPointExtension>
      <gpxtpx:hr>123</gpxtpx:hr>
     </gpxtpx:TrackPointExtension>
    </extensions>
   </trkpt>
   <trkpt lat="35.2461300" lon="113.9261100">
    <ele>70.1</ele>
    <time>2025-07-07T00:07:07Z</time>
    <extensions>
     <gpxtpx:TrackPointExtension>
      <gpxtpx:hr>123</gpxtpx:hr>
     </gpxtpx:TrackPointExtension>
    </extensions>
   </trkpt>
   <trkpt lat="35.2461130" lon="113.9261700">
    <ele>69.6</ele>
    <time>2025-07-07T00:07:08Z</time>
    <extensions>
     <gpxtpx:TrackPointExtension>
      <gpxtpx:hr>123</gpxtpx:hr>
     </gpxtpx:TrackPointExtension>
    </extensions>
   </trkpt>
   <trkpt lat="35.2461130" lon="113.9261700">
    <ele>69.6</ele>
    <time>2025-07-07T00:07:08Z</time>
    <extensions>
     <gpxtpx:TrackPointExtension>
      <gpxtpx:hr>122</gpxtpx:hr>
     </gpxtpx:TrackPointExtension>
    </extensions>
   </trkpt>
   <trkpt lat="35.2461170" lon="113.9262200">
    <ele>69.3</ele>
    <time>2025-07-07T00:07:09Z</time>
    <extensions>
     <gpxtpx:TrackPointExtension>
      <gpxtpx:hr>122</gpxtpx:hr>
     </gpxtpx:TrackPointExtension>
    </extensions>
   </trkpt>
   <trkpt lat="35.2461130" lon="113.9262800">
    <ele>69.0</ele>
    <time>2025-07-07T00:07:10Z</time>
    <extensions>
     <gpxtpx:TrackPointExtension>
      <gpxtpx:hr>122</gpxtpx:hr>
     </gpxtpx:TrackPointExtension>
    </extensions>
   </trkpt>
   <trkpt lat="35.2461130" lon="113.9263300">
    <ele>68.8</ele>
    <time>2025-07-07T00:07:11Z</time>
    <extensions>
     <gpxtpx:TrackPointExtension>
      <gpxtpx:hr>122</gpxtpx:hr>
     </gpxtpx:TrackPointExtension>
    </extensions>
   </trkpt>
   <trkpt lat="35.2461130" lon="113.9263800">
    <ele>68.5</ele>
    <time>2025-07-07T00:07:12Z</time>
    <extensions>
     <gpxtpx:TrackPointExtension>
      <gpxtpx:hr>122</gpxtpx:hr>
     </gpxtpx:TrackPointExtension>
    </extensions>
   </trkpt>
   <trkpt lat="35.2461100" lon="113.9264300">
    <ele>68.3</ele>
    <time>2025-07-07T00:07:13Z</time>
    <extensions>
     <gpxtpx:TrackPointExtension>
      <gpxtpx:hr>123</gpxtpx:hr>
     </gpxtpx:TrackPointExtension>
    </extensions>
   </trkpt>
   <trkpt lat="35.2461100" lon="113.9264700">
    <ele>68.0</ele>
    <time>2025-07-07T00:07:14Z</time>
    <extensions>
     <gpxtpx:TrackPointExtension>
      <gpxtpx:hr>123</gpxtpx:hr>
     </gpxtpx:TrackPointExtension>
    </extensions>
   </trkpt>
   <trkpt lat="35.2461100" lon="113.9265200">
    <ele>67.7</ele>
    <time>2025-07-07T00:07:15Z</time>
    <extensions>
     <gpxtpx:TrackPointExtension>
      <gpxtpx:hr>122</gpxtpx:hr>
     </gpxtpx:TrackPointExtension>
    </extensions>
   </trkpt>
   <trkpt lat="35.2461000" lon="113.9265800">
    <ele>67.5</ele>
    <time>2025-07-07T00:07:16Z</time>
    <extensions>
     <gpxtpx:TrackPointExtension>
      <gpxtpx:hr>122</gpxtpx:hr>
     </gpxtpx:TrackPointExtension>
    </extensions>
   </trkpt>
   <trkpt lat="35.2461130" lon="113.9266300">
    <ele>67.3</ele>
    <time>2025-07-07T00:07:17Z</time>
    <extensions>
     <gpxtpx:TrackPointExtension>
      <gpxtpx:hr>122</gpxtpx:hr>
     </gpxtpx:TrackPointExtension>
    </extensions>
   </trkpt>
   <trkpt lat="35.2461170" lon="113.9266600">
    <ele>67.2</ele>
    <time>2025-07-07T00:07:18Z</time>
    <extensions>
     <gpxtpx:TrackPointExtension>
      <gpxtpx:hr>122</gpxtpx:hr>
     </gpxtpx:TrackPointExtension>
    </extensions>
   </trkpt>
   <trkpt lat="35.2461170" lon="113.9266600">
    <ele>67.2</ele>
    <time>2025-07-07T00:07:18Z</time>
    <extensions>
     <gpxtpx:TrackPointExtension>
      <gpxtpx:hr>122</gpxtpx:hr>
     </gpxtpx:TrackPointExtension>
    </extensions>
   </trkpt>
   <trkpt lat="35.2461100" lon="113.9267100">
    <ele>67.1</ele>
    <time>2025-07-07T00:07:19Z</time>
    <extensions>
     <gpxtpx:TrackPointExtension>
      <gpxtpx:hr>122</gpxtpx:hr>
     </gpxtpx:TrackPointExtension>
    </extensions>
   </trkpt>
   <trkpt lat="35.2461200" lon="113.9267600">
    <ele>67.2</ele>
    <time>2025-07-07T00:07:20Z</time>
    <extensions>
     <gpxtpx:TrackPointExtension>
      <gpxtpx:hr>122</gpxtpx:hr>
     </gpxtpx:TrackPointExtension>
    </extensions>
   </trkpt>
   <trkpt lat="35.2461200" lon="113.9268300">
    <ele>67.6</ele>
    <time>2025-07-07T00:07:21Z</time>
    <extensions>
     <gpxtpx:TrackPointExtension>
      <gpxtpx:hr>122</gpxtpx:hr>
     </gpxtpx:TrackPointExtension>
    </extensions>
   </trkpt>
   <trkpt lat="35.2461200" lon="113.9268800">
    <ele>67.9</ele>
    <time>2025-07-07T00:07:22Z</time>
    <extensions>
     <gpxtpx:TrackPointExtension>
      <gpxtpx:hr>122</gpxtpx:hr>
     </gpxtpx:TrackPointExtension>
    </extensions>
   </trkpt>
   <trkpt lat="35.2461200" lon="113.9268800">
    <ele>67.9</ele>
    <time>2025-07-07T00:07:22Z</time>
    <extensions>
     <gpxtpx:TrackPointExtension>
      <gpxtpx:hr>122</gpxtpx:hr>
     </gpxtpx:TrackPointExtension>
    </extensions>
   </trkpt>
   <trkpt lat="35.2461240" lon="113.9269400">
    <ele>68.4</ele>
    <time>2025-07-07T00:07:23Z</time>
    <extensions>
     <gpxtpx:TrackPointExtension>
      <gpxtpx:hr>122</gpxtpx:hr>
     </gpxtpx:TrackPointExtension>
    </extensions>
   </trkpt>
   <trkpt lat="35.2461240" lon="113.9269900">
    <ele>68.6</ele>
    <time>2025-07-07T00:07:24Z</time>
    <extensions>
     <gpxtpx:TrackPointExtension>
      <gpxtpx:hr>122</gpxtpx:hr>
     </gpxtpx:TrackPointExtension>
    </extensions>
   </trkpt>
   <trkpt lat="35.2461280" lon="113.9270300">
    <ele>68.9</ele>
    <time>2025-07-07T00:07:25Z</time>
    <extensions>
     <gpxtpx:TrackPointExtension>
      <gpxtpx:hr>122</gpxtpx:hr>
     </gpxtpx:TrackPointExtension>
    </extensions>
   </trkpt>
   <trkpt lat="35.2461280" lon="113.9270800">
    <ele>69.0</ele>
    <time>2025-07-07T00:07:26Z</time>
    <extensions>
     <gpxtpx:TrackPointExtension>
      <gpxtpx:hr>121</gpxtpx:hr>
     </gpxtpx:TrackPointExtension>
    </extensions>
   </trkpt>
   <trkpt lat="35.2461240" lon="113.9271240">
    <ele>69.2</ele>
    <time>2025-07-07T00:07:27Z</time>
    <extensions>
     <gpxtpx:TrackPointExtension>
      <gpxtpx:hr>121</gpxtpx:hr>
     </gpxtpx:TrackPointExtension>
    </extensions>
   </trkpt>
   <trkpt lat="35.2461240" lon="113.9271240">
    <ele>69.2</ele>
    <time>2025-07-07T00:07:27Z</time>
    <extensions>
     <gpxtpx:TrackPointExtension>
      <gpxtpx:hr>121</gpxtpx:hr>
     </gpxtpx:TrackPointExtension>
    </extensions>
   </trkpt>
   <trkpt lat="35.2461170" lon="113.9271850">
    <ele>69.3</ele>
    <time>2025-07-07T00:07:28Z</time>
    <extensions>
     <gpxtpx:TrackPointExtension>
      <gpxtpx:hr>121</gpxtpx:hr>
     </gpxtpx:TrackPointExtension>
    </extensions>
   </trkpt>
   <trkpt lat="35.2460820" lon="113.9272200">
    <ele>69.6</ele>
    <time>2025-07-07T00:07:29Z</time>
    <extensions>
     <gpxtpx:TrackPointExtension>
      <gpxtpx:hr>121</gpxtpx:hr>
     </gpxtpx:TrackPointExtension>
    </extensions>
   </trkpt>
   <trkpt lat="35.2460440" lon="113.9272600">
    <ele>69.5</ele>
    <time>2025-07-07T00:07:30Z</time>
    <extensions>
     <gpxtpx:TrackPointExtension>
      <gpxtpx:hr>121</gpxtpx:hr>
     </gpxtpx:TrackPointExtension>
    </extensions>
   </trkpt>
   <trkpt lat="35.2460200" lon="113.9272700">
    <ele>69.5</ele>
    <time>2025-07-07T00:07:31Z</time>
    <extensions>
     <gpxtpx:TrackPointExtension>
      <gpxtpx:hr>120</gpxtpx:hr>
     </gpxtpx:TrackPointExtension>
    </extensions>
   </trkpt>
   <trkpt lat="35.2459870" lon="113.9272840">
    <ele>69.5</ele>
    <time>2025-07-07T00:07:32Z</time>
    <extensions>
     <gpxtpx:TrackPointExtension>
      <gpxtpx:hr>119</gpxtpx:hr>
     </gpxtpx:TrackPointExtension>
    </extensions>
   </trkpt>
   <trkpt lat="35.2459500" lon="113.9273000">
    <ele>69.5</ele>
    <time>2025-07-07T00:07:33Z</time>
    <extensions>
     <gpxtpx:TrackPointExtension>
      <gpxtpx:hr>119</gpxtpx:hr>
     </gpxtpx:TrackPointExtension>
    </extensions>
   </trkpt>
   <trkpt lat="35.2459030" lon="113.9273000">
    <ele>69.5</ele>
    <time>2025-07-07T00:07:34Z</time>
    <extensions>
     <gpxtpx:TrackPointExtension>
      <gpxtpx:hr>119</gpxtpx:hr>
     </gpxtpx:TrackPointExtension>
    </extensions>
   </trkpt>
   <trkpt lat="35.2458700" lon="113.9273000">
    <ele>69.5</ele>
    <time>2025-07-07T00:07:35Z</time>
    <extensions>
     <gpxtpx:TrackPointExtension>
      <gpxtpx:hr>119</gpxtpx:hr>
     </gpxtpx:TrackPointExtension>
    </extensions>
   </trkpt>
   <trkpt lat="35.2458300" lon="113.9273000">
    <ele>69.5</ele>
    <time>2025-07-07T00:07:36Z</time>
    <extensions>
     <gpxtpx:TrackPointExtension>
      <gpxtpx:hr>120</gpxtpx:hr>
     </gpxtpx:TrackPointExtension>
    </extensions>
   </trkpt>
   <trkpt lat="35.2457920" lon="113.9273100">
    <ele>69.5</ele>
    <time>2025-07-07T00:07:37Z</time>
    <extensions>
     <gpxtpx:TrackPointExtension>
      <gpxtpx:hr>120</gpxtpx:hr>
     </gpxtpx:TrackPointExtension>
    </extensions>
   </trkpt>
   <trkpt lat="35.2457920" lon="113.9273100">
    <ele>69.5</ele>
    <time>2025-07-07T00:07:37Z</time>
    <extensions>
     <gpxtpx:TrackPointExtension>
      <gpxtpx:hr>120</gpxtpx:hr>
     </gpxtpx:TrackPointExtension>
    </extensions>
   </trkpt>
   <trkpt lat="35.2457400" lon="113.9273100">
    <ele>69.5</ele>
    <time>2025-07-07T00:07:38Z</time>
    <extensions>
     <gpxtpx:TrackPointExtension>
      <gpxtpx:hr>120</gpxtpx:hr>
     </gpxtpx:TrackPointExtension>
    </extensions>
   </trkpt>
   <trkpt lat="35.2457000" lon="113.9273100">
    <ele>69.5</ele>
    <time>2025-07-07T00:07:39Z</time>
    <extensions>
     <gpxtpx:TrackPointExtension>
      <gpxtpx:hr>120</gpxtpx:hr>
     </gpxtpx:TrackPointExtension>
    </extensions>
   </trkpt>
   <trkpt lat="35.2456470" lon="113.9273100">
    <ele>69.4</ele>
    <time>2025-07-07T00:07:40Z</time>
    <extensions>
     <gpxtpx:TrackPointExtension>
      <gpxtpx:hr>120</gpxtpx:hr>
     </gpxtpx:TrackPointExtension>
    </extensions>
   </trkpt>
   <trkpt lat="35.2456050" lon="113.9273000">
    <ele>69.4</ele>
    <time>2025-07-07T00:07:41Z</time>
    <extensions>
     <gpxtpx:TrackPointExtension>
      <gpxtpx:hr>121</gpxtpx:hr>
     </gpxtpx:TrackPointExtension>
    </extensions>
   </trkpt>
   <trkpt lat="35.2455640" lon="113.9272900">
    <ele>69.4</ele>
    <time>2025-07-07T00:07:42Z</time>
    <extensions>
     <gpxtpx:TrackPointExtension>
      <gpxtpx:hr>121</gpxtpx:hr>
     </gpxtpx:TrackPointExtension>
    </extensions>
   </trkpt>
   <trkpt lat="35.2455200" lon="113.9272800">
    <ele>69.4</ele>
    <time>2025-07-07T00:07:43Z</time>
    <extensions>
     <gpxtpx:TrackPointExtension>
      <gpxtpx:hr>121</gpxtpx:hr>
     </gpxtpx:TrackPointExtension>
    </extensions>
   </trkpt>
   <trkpt lat="35.2454700" lon="113.9272840">
    <ele>69.4</ele>
    <time>2025-07-07T00:07:44Z</time>
    <extensions>
     <gpxtpx:TrackPointExtension>
      <gpxtpx:hr>121</gpxtpx:hr>
     </gpxtpx:TrackPointExtension>
    </extensions>
   </trkpt>
   <trkpt lat="35.2454700" lon="113.9272840">
    <ele>69.4</ele>
    <time>2025-07-07T00:07:44Z</time>
    <extensions>
     <gpxtpx:TrackPointExtension>
      <gpxtpx:hr>121</gpxtpx:hr>
     </gpxtpx:TrackPointExtension>
    </extensions>
   </trkpt>
   <trkpt lat="35.2454220" lon="113.9272840">
    <ele>69.4</ele>
    <time>2025-07-07T00:07:45Z</time>
    <extensions>
     <gpxtpx:TrackPointExtension>
      <gpxtpx:hr>122</gpxtpx:hr>
     </gpxtpx:TrackPointExtension>
    </extensions>
   </trkpt>
   <trkpt lat="35.2453700" lon="113.9272700">
    <ele>69.4</ele>
    <time>2025-07-07T00:07:46Z</time>
    <extensions>
     <gpxtpx:TrackPointExtension>
      <gpxtpx:hr>122</gpxtpx:hr>
     </gpxtpx:TrackPointExtension>
    </extensions>
   </trkpt>
   <trkpt lat="35.2453270" lon="113.9272500">
    <ele>69.4</ele>
    <time>2025-07-07T00:07:47Z</time>
    <extensions>
     <gpxtpx:TrackPointExtension>
      <gpxtpx:hr>122</gpxtpx:hr>
     </gpxtpx:TrackPointExtension>
    </extensions>
   </trkpt>
   <trkpt lat="35.2453270" lon="113.9272500">
    <ele>69.4</ele>
    <time>2025-07-07T00:07:47Z</time>
    <extensions>
     <gpxtpx:TrackPointExtension>
      <gpxtpx:hr>122</gpxtpx:hr>
     </gpxtpx:TrackPointExtension>
    </extensions>
   </trkpt>
   <trkpt lat="35.2453060" lon="113.9272550">
    <ele>69.4</ele>
    <time>2025-07-07T00:07:48Z</time>
    <extensions>
     <gpxtpx:TrackPointExtension>
      <gpxtpx:hr>122</gpxtpx:hr>
     </gpxtpx:TrackPointExtension>
    </extensions>
   </trkpt>
   <trkpt lat="35.2452850" lon="113.9272600">
    <ele>69.4</ele>
    <time>2025-07-07T00:07:49Z</time>
    <extensions>
     <gpxtpx:TrackPointExtension>
      <gpxtpx:hr>122</gpxtpx:hr>
     </gpxtpx:TrackPointExtension>
    </extensions>
   </trkpt>
   <trkpt lat="35.2452300" lon="113.9272600">
    <ele>69.4</ele>
    <time>2025-07-07T00:07:50Z</time>
    <extensions>
     <gpxtpx:TrackPointExtension>
      <gpxtpx:hr>122</gpxtpx:hr>
     </gpxtpx:TrackPointExtension>
    </extensions>
   </trkpt>
   <trkpt lat="35.2451900" lon="113.9272700">
    <ele>69.4</ele>
    <time>2025-07-07T00:07:51Z</time>
    <extensions>
     <gpxtpx:TrackPointExtension>
      <gpxtpx:hr>121</gpxtpx:hr>
     </gpxtpx:TrackPointExtension>
    </extensions>
   </trkpt>
   <trkpt lat="35.2451400" lon="113.9272800">
    <ele>69.4</ele>
    <time>2025-07-07T00:07:52Z</time>
    <extensions>
     <gpxtpx:TrackPointExtension>
      <gpxtpx:hr>121</gpxtpx:hr>
     </gpxtpx:TrackPointExtension>
    </extensions>
   </trkpt>
   <trkpt lat="35.2450870" lon="113.9272840">
    <ele>69.4</ele>
    <time>2025-07-07T00:07:53Z</time>
    <extensions>
     <gpxtpx:TrackPointExtension>
      <gpxtpx:hr>121</gpxtpx:hr>
     </gpxtpx:TrackPointExtension>
    </extensions>
   </trkpt>
   <trkpt lat="35.2450520" lon="113.9272900">
    <ele>69.4</ele>
    <time>2025-07-07T00:07:54Z</time>
    <extensions>
     <gpxtpx:TrackPointExtension>
      <gpxtpx:hr>121</gpxtpx:hr>
     </gpxtpx:TrackPointExtension>
    </extensions>
   </trkpt>
   <trkpt lat="35.2450070" lon="113.9272900">
    <ele>69.4</ele>
    <time>2025-07-07T00:07:55Z</time>
    <extensions>
     <gpxtpx:TrackPointExtension>
      <gpxtpx:hr>121</gpxtpx:hr>
     </gpxtpx:TrackPointExtension>
    </extensions>
   </trkpt>
   <trkpt lat="35.2449570" lon="113.9272800">
    <ele>69.4</ele>
    <time>2025-07-07T00:07:56Z</time>
    <extensions>
     <gpxtpx:TrackPointExtension>
      <gpxtpx:hr>121</gpxtpx:hr>
     </gpxtpx:TrackPointExtension>
    </extensions>
   </trkpt>
   <trkpt lat="35.2449200" lon="113.9272600">
    <ele>69.4</ele>
    <time>2025-07-07T00:07:57Z</time>
    <extensions>
     <gpxtpx:TrackPointExtension>
      <gpxtpx:hr>121</gpxtpx:hr>
     </gpxtpx:TrackPointExtension>
    </extensions>
   </trkpt>
   <trkpt lat="35.2448770" lon="113.9272600">
    <ele>69.3</ele>
    <time>2025-07-07T00:07:58Z</time>
    <extensions>
     <gpxtpx:TrackPointExtension>
      <gpxtpx:hr>121</gpxtpx:hr>
     </gpxtpx:TrackPointExtension>
    </extensions>
   </trkpt>
   <trkpt lat="35.2448770" lon="113.9272600">
    <ele>69.3</ele>
    <time>2025-07-07T00:07:58Z</time>
    <extensions>
     <gpxtpx:TrackPointExtension>
      <gpxtpx:hr>122</gpxtpx:hr>
     </gpxtpx:TrackPointExtension>
    </extensions>
   </trkpt>
   <trkpt lat="35.2448460" lon="113.9272700">
    <ele>69.3</ele>
    <time>2025-07-07T00:07:59Z</time>
    <extensions>
     <gpxtpx:TrackPointExtension>
      <gpxtpx:hr>121</gpxtpx:hr>
     </gpxtpx:TrackPointExtension>
    </extensions>
   </trkpt>
   <trkpt lat="35.2448100" lon="113.9272800">
    <ele>69.3</ele>
    <time>2025-07-07T00:08:00Z</time>
    <extensions>
     <gpxtpx:TrackPointExtension>
      <gpxtpx:hr>121</gpxtpx:hr>
     </gpxtpx:TrackPointExtension>
    </extensions>
   </trkpt>
   <trkpt lat="35.2447500" lon="113.9272840">
    <ele>69.3</ele>
    <time>2025-07-07T00:08:01Z</time>
    <extensions>
     <gpxtpx:TrackPointExtension>
      <gpxtpx:hr>121</gpxtpx:hr>
     </gpxtpx:TrackPointExtension>
    </extensions>
   </trkpt>
   <trkpt lat="35.2447200" lon="113.9272840">
    <ele>69.3</ele>
    <time>2025-07-07T00:08:02Z</time>
    <extensions>
     <gpxtpx:TrackPointExtension>
      <gpxtpx:hr>121</gpxtpx:hr>
     </gpxtpx:TrackPointExtension>
    </extensions>
   </trkpt>
   <trkpt lat="35.2446750" lon="113.9272800">
    <ele>69.3</ele>
    <time>2025-07-07T00:08:03Z</time>
    <extensions>
     <gpxtpx:TrackPointExtension>
      <gpxtpx:hr>120</gpxtpx:hr>
     </gpxtpx:TrackPointExtension>
    </extensions>
   </trkpt>
   <trkpt lat="35.2446250" lon="113.9272700">
    <ele>69.3</ele>
    <time>2025-07-07T00:08:04Z</time>
    <extensions>
     <gpxtpx:TrackPointExtension>
      <gpxtpx:hr>119</gpxtpx:hr>
     </gpxtpx:TrackPointExtension>
    </extensions>
   </trkpt>
   <trkpt lat="35.2445800" lon="113.9272700">
    <ele>69.3</ele>
    <time>2025-07-07T00:08:05Z</time>
    <extensions>
     <gpxtpx:TrackPointExtension>
      <gpxtpx:hr>119</gpxtpx:hr>
     </gpxtpx:TrackPointExtension>
    </extensions>
   </trkpt>
   <trkpt lat="35.2445800" lon="113.9272700">
    <ele>69.3</ele>
    <time>2025-07-07T00:08:05Z</time>
    <extensions>
     <gpxtpx:TrackPointExtension>
      <gpxtpx:hr>118</gpxtpx:hr>
     </gpxtpx:TrackPointExtension>
    </extensions>
   </trkpt>
   <trkpt lat="35.2445340" lon="113.9272600">
    <ele>69.3</ele>
    <time>2025-07-07T00:08:06Z</time>
    <extensions>
     <gpxtpx:TrackPointExtension>
      <gpxtpx:hr>118</gpxtpx:hr>
     </gpxtpx:TrackPointExtension>
    </extensions>
   </trkpt>
   <trkpt lat="35.2444840" lon="113.9272700">
    <ele>69.3</ele>
    <time>2025-07-07T00:08:07Z</time>
    <extensions>
     <gpxtpx:TrackPointExtension>
      <gpxtpx:hr>117</gpxtpx:hr>
     </gpxtpx:TrackPointExtension>
    </extensions>
   </trkpt>
   <trkpt lat="35.2444340" lon="113.9272600">
    <ele>69.3</ele>
    <time>2025-07-07T00:08:08Z</time>
    <extensions>
     <gpxtpx:TrackPointExtension>
      <gpxtpx:hr>117</gpxtpx:hr>
     </gpxtpx:TrackPointExtension>
    </extensions>
   </trkpt>
   <trkpt lat="35.2444340" lon="113.9272600">
    <ele>69.3</ele>
    <time>2025-07-07T00:08:08Z</time>
    <extensions>
     <gpxtpx:TrackPointExtension>
      <gpxtpx:hr>117</gpxtpx:hr>
     </gpxtpx:TrackPointExtension>
    </extensions>
   </trkpt>
   <trkpt lat="35.2443920" lon="113.9272500">
    <ele>69.3</ele>
    <time>2025-07-07T00:08:09Z</time>
    <extensions>
     <gpxtpx:TrackPointExtension>
      <gpxtpx:hr>118</gpxtpx:hr>
     </gpxtpx:TrackPointExtension>
    </extensions>
   </trkpt>
   <trkpt lat="35.2443470" lon="113.9272460">
    <ele>69.3</ele>
    <time>2025-07-07T00:08:10Z</time>
    <extensions>
     <gpxtpx:TrackPointExtension>
      <gpxtpx:hr>118</gpxtpx:hr>
     </gpxtpx:TrackPointExtension>
    </extensions>
   </trkpt>
   <trkpt lat="35.2443120" lon="113.9272460">
    <ele>69.3</ele>
    <time>2025-07-07T00:08:11Z</time>
    <extensions>
     <gpxtpx:TrackPointExtension>
      <gpxtpx:hr>118</gpxtpx:hr>
     </gpxtpx:TrackPointExtension>
    </extensions>
   </trkpt>
   <trkpt lat="35.2442740" lon="113.9272460">
    <ele>69.3</ele>
    <time>2025-07-07T00:08:12Z</time>
    <extensions>
     <gpxtpx:TrackPointExtension>
      <gpxtpx:hr>118</gpxtpx:hr>
     </gpxtpx:TrackPointExtension>
    </extensions>
   </trkpt>
   <trkpt lat="35.2442300" lon="113.9272460">
    <ele>69.3</ele>
    <time>2025-07-07T00:08:13Z</time>
    <extensions>
     <gpxtpx:TrackPointExtension>
      <gpxtpx:hr>118</gpxtpx:hr>
     </gpxtpx:TrackPointExtension>
    </extensions>
   </trkpt>
   <trkpt lat="35.2441830" lon="113.9272400">
    <ele>69.3</ele>
    <time>2025-07-07T00:08:14Z</time>
    <extensions>
     <gpxtpx:TrackPointExtension>
      <gpxtpx:hr>119</gpxtpx:hr>
     </gpxtpx:TrackPointExtension>
    </extensions>
   </trkpt>
   <trkpt lat="35.2441250" lon="113.9272300">
    <ele>69.2</ele>
    <time>2025-07-07T00:08:15Z</time>
    <extensions>
     <gpxtpx:TrackPointExtension>
      <gpxtpx:hr>118</gpxtpx:hr>
     </gpxtpx:TrackPointExtension>
    </extensions>
   </trkpt>
   <trkpt lat="35.2440870" lon="113.9272300">
    <ele>69.2</ele>
    <time>2025-07-07T00:08:16Z</time>
    <extensions>
     <gpxtpx:TrackPointExtension>
      <gpxtpx:hr>118</gpxtpx:hr>
     </gpxtpx:TrackPointExtension>
    </extensions>
   </trkpt>
   <trkpt lat="35.2440450" lon="113.9272400">
    <ele>69.2</ele>
    <time>2025-07-07T00:08:17Z</time>
    <extensions>
     <gpxtpx:TrackPointExtension>
      <gpxtpx:hr>117</gpxtpx:hr>
     </gpxtpx:TrackPointExtension>
    </extensions>
   </trkpt>
   <trkpt lat="35.2440070" lon="113.9272460">
    <ele>69.2</ele>
    <time>2025-07-07T00:08:18Z</time>
    <extensions>
     <gpxtpx:TrackPointExtension>
      <gpxtpx:hr>117</gpxtpx:hr>
     </gpxtpx:TrackPointExtension>
    </extensions>
   </trkpt>
   <trkpt lat="35.2440070" lon="113.9272460">
    <ele>69.2</ele>
    <time>2025-07-07T00:08:18Z</time>
    <extensions>
     <gpxtpx:TrackPointExtension>
      <gpxtpx:hr>117</gpxtpx:hr>
     </gpxtpx:TrackPointExtension>
    </extensions>
   </trkpt>
   <trkpt lat="35.2439700" lon="113.9272400">
    <ele>69.2</ele>
    <time>2025-07-07T00:08:19Z</time>
    <extensions>
     <gpxtpx:TrackPointExtension>
      <gpxtpx:hr>116</gpxtpx:hr>
     </gpxtpx:TrackPointExtension>
    </extensions>
   </trkpt>
   <trkpt lat="35.2439160" lon="113.9272300">
    <ele>69.2</ele>
    <time>2025-07-07T00:08:20Z</time>
    <extensions>
     <gpxtpx:TrackPointExtension>
      <gpxtpx:hr>115</gpxtpx:hr>
     </gpxtpx:TrackPointExtension>
    </extensions>
   </trkpt>
   <trkpt lat="35.2438620" lon="113.9272200">
    <ele>69.2</ele>
    <time>2025-07-07T00:08:21Z</time>
    <extensions>
     <gpxtpx:TrackPointExtension>
      <gpxtpx:hr>114</gpxtpx:hr>
     </gpxtpx:TrackPointExtension>
    </extensions>
   </trkpt>
   <trkpt lat="35.2438050" lon="113.9272300">
    <ele>69.2</ele>
    <time>2025-07-07T00:08:22Z</time>
    <extensions>
     <gpxtpx:TrackPointExtension>
      <gpxtpx:hr>114</gpxtpx:hr>
     </gpxtpx:TrackPointExtension>
    </extensions>
   </trkpt>
   <trkpt lat="35.2437500" lon="113.9272400">
    <ele>69.2</ele>
    <time>2025-07-07T00:08:23Z</time>
    <extensions>
     <gpxtpx:TrackPointExtension>
      <gpxtpx:hr>114</gpxtpx:hr>
     </gpxtpx:TrackPointExtension>
    </extensions>
   </trkpt>
   <trkpt lat="35.2437130" lon="113.9272500">
    <ele>69.2</ele>
    <time>2025-07-07T00:08:24Z</time>
    <extensions>
     <gpxtpx:TrackPointExtension>
      <gpxtpx:hr>114</gpxtpx:hr>
     </gpxtpx:TrackPointExtension>
    </extensions>
   </trkpt>
   <trkpt lat="35.2437130" lon="113.9272500">
    <ele>69.2</ele>
    <time>2025-07-07T00:08:24Z</time>
    <extensions>
     <gpxtpx:TrackPointExtension>
      <gpxtpx:hr>114</gpxtpx:hr>
     </gpxtpx:TrackPointExtension>
    </extensions>
   </trkpt>
   <trkpt lat="35.2436640" lon="113.9272600">
    <ele>69.2</ele>
    <time>2025-07-07T00:08:25Z</time>
    <extensions>
     <gpxtpx:TrackPointExtension>
      <gpxtpx:hr>114</gpxtpx:hr>
     </gpxtpx:TrackPointExtension>
    </extensions>
   </trkpt>
   <trkpt lat="35.2436300" lon="113.9272700">
    <ele>69.2</ele>
    <time>2025-07-07T00:08:26Z</time>
    <extensions>
     <gpxtpx:TrackPointExtension>
      <gpxtpx:hr>115</gpxtpx:hr>
     </gpxtpx:TrackPointExtension>
    </extensions>
   </trkpt>
   <trkpt lat="35.2435840" lon="113.9272700">
    <ele>69.2</ele>
    <time>2025-07-07T00:08:27Z</time>
    <extensions>
     <gpxtpx:TrackPointExtension>
      <gpxtpx:hr>114</gpxtpx:hr>
     </gpxtpx:TrackPointExtension>
    </extensions>
   </trkpt>
   <trkpt lat="35.2435340" lon="113.9272700">
    <ele>69.2</ele>
    <time>2025-07-07T00:08:28Z</time>
    <extensions>
     <gpxtpx:TrackPointExtension>
      <gpxtpx:hr>114</gpxtpx:hr>
     </gpxtpx:TrackPointExtension>
    </extensions>
   </trkpt>
   <trkpt lat="35.2435340" lon="113.9272700">
    <ele>69.2</ele>
    <time>2025-07-07T00:08:28Z</time>
    <extensions>
     <gpxtpx:TrackPointExtension>
      <gpxtpx:hr>114</gpxtpx:hr>
     </gpxtpx:TrackPointExtension>
    </extensions>
   </trkpt>
   <trkpt lat="35.2434840" lon="113.9272600">
    <ele>69.2</ele>
    <time>2025-07-07T00:08:29Z</time>
    <extensions>
     <gpxtpx:TrackPointExtension>
      <gpxtpx:hr>113</gpxtpx:hr>
     </gpxtpx:TrackPointExtension>
    </extensions>
   </trkpt>
   <trkpt lat="35.2434350" lon="113.9272700">
    <ele>69.2</ele>
    <time>2025-07-07T00:08:30Z</time>
    <extensions>
     <gpxtpx:TrackPointExtension>
      <gpxtpx:hr>112</gpxtpx:hr>
     </gpxtpx:TrackPointExtension>
    </extensions>
   </trkpt>
   <trkpt lat="35.2433970" lon="113.9272900">
    <ele>69.2</ele>
    <time>2025-07-07T00:08:31Z</time>
    <extensions>
     <gpxtpx:TrackPointExtension>
      <gpxtpx:hr>112</gpxtpx:hr>
     </gpxtpx:TrackPointExtension>
    </extensions>
   </trkpt>
   <trkpt lat="35.2433470" lon="113.9272800">
    <ele>69.1</ele>
    <time>2025-07-07T00:08:32Z</time>
    <extensions>
     <gpxtpx:TrackPointExtension>
      <gpxtpx:hr>112</gpxtpx:hr>
     </gpxtpx:TrackPointExtension>
    </extensions>
   </trkpt>
   <trkpt lat="35.2432980" lon="113.9272800">
    <ele>69.1</ele>
    <time>2025-07-07T00:08:33Z</time>
    <extensions>
     <gpxtpx:TrackPointExtension>
      <gpxtpx:hr>112</gpxtpx:hr>
     </gpxtpx:TrackPointExtension>
    </extensions>
   </trkpt>
   <trkpt lat="35.2432440" lon="113.9272800">
    <ele>69.1</ele>
    <time>2025-07-07T00:08:34Z</time>
    <extensions>
     <gpxtpx:TrackPointExtension>
      <gpxtpx:hr>113</gpxtpx:hr>
     </gpxtpx:TrackPointExtension>
    </extensions>
   </trkpt>
   <trkpt lat="35.2432060" lon="113.9272840">
    <ele>69.1</ele>
    <time>2025-07-07T00:08:35Z</time>
    <extensions>
     <gpxtpx:TrackPointExtension>
      <gpxtpx:hr>113</gpxtpx:hr>
     </gpxtpx:TrackPointExtension>
    </extensions>
   </trkpt>
   <trkpt lat="35.2431560" lon="113.9272840">
    <ele>69.1</ele>
    <time>2025-07-07T00:08:36Z</time>
    <extensions>
     <gpxtpx:TrackPointExtension>
      <gpxtpx:hr>113</gpxtpx:hr>
     </gpxtpx:TrackPointExtension>
    </extensions>
   </trkpt>
   <trkpt lat="35.2431220" lon="113.9272840">
    <ele>69.1</ele>
    <time>2025-07-07T00:08:37Z</time>
    <extensions>
     <gpxtpx:TrackPointExtension>
      <gpxtpx:hr>114</gpxtpx:hr>
     </gpxtpx:TrackPointExtension>
    </extensions>
   </trkpt>
   <trkpt lat="35.2430880" lon="113.9272900">
    <ele>69.1</ele>
    <time>2025-07-07T00:08:38Z</time>
    <extensions>
     <gpxtpx:TrackPointExtension>
      <gpxtpx:hr>114</gpxtpx:hr>
     </gpxtpx:TrackPointExtension>
    </extensions>
   </trkpt>
   <trkpt lat="35.2430880" lon="113.9272900">
    <ele>69.1</ele>
    <time>2025-07-07T00:08:38Z</time>
    <extensions>
     <gpxtpx:TrackPointExtension>
      <gpxtpx:hr>114</gpxtpx:hr>
     </gpxtpx:TrackPointExtension>
    </extensions>
   </trkpt>
   <trkpt lat="35.2430400" lon="113.9273000">
    <ele>69.1</ele>
    <time>2025-07-07T00:08:39Z</time>
    <extensions>
     <gpxtpx:TrackPointExtension>
      <gpxtpx:hr>114</gpxtpx:hr>
     </gpxtpx:TrackPointExtension>
    </extensions>
   </trkpt>
   <trkpt lat="35.2430000" lon="113.9272900">
    <ele>69.1</ele>
    <time>2025-07-07T00:08:40Z</time>
    <extensions>
     <gpxtpx:TrackPointExtension>
      <gpxtpx:hr>114</gpxtpx:hr>
     </gpxtpx:TrackPointExtension>
    </extensions>
   </trkpt>
   <trkpt lat="35.2429700" lon="113.9272900">
    <ele>69.1</ele>
    <time>2025-07-07T00:08:41Z</time>
    <extensions>
     <gpxtpx:TrackPointExtension>
      <gpxtpx:hr>115</gpxtpx:hr>
     </gpxtpx:TrackPointExtension>
    </extensions>
   </trkpt>
   <trkpt lat="35.2429280" lon="113.9272900">
    <ele>69.1</ele>
    <time>2025-07-07T00:08:42Z</time>
    <extensions>
     <gpxtpx:TrackPointExtension>
      <gpxtpx:hr>115</gpxtpx:hr>
     </gpxtpx:TrackPointExtension>
    </extensions>
   </trkpt>
   <trkpt lat="35.2428900" lon="113.9272900">
    <ele>69.1</ele>
    <time>2025-07-07T00:08:43Z</time>
    <extensions>
     <gpxtpx:TrackPointExtension>
      <gpxtpx:hr>116</gpxtpx:hr>
     </gpxtpx:TrackPointExtension>
    </extensions>
   </trkpt>
   <trkpt lat="35.2428400" lon="113.9272840">
    <ele>69.1</ele>
    <time>2025-07-07T00:08:44Z</time>
    <extensions>
     <gpxtpx:TrackPointExtension>
      <gpxtpx:hr>116</gpxtpx:hr>
     </gpxtpx:TrackPointExtension>
    </extensions>
   </trkpt>
   <trkpt lat="35.2427980" lon="113.9272840">
    <ele>69.1</ele>
    <time>2025-07-07T00:08:45Z</time>
    <extensions>
     <gpxtpx:TrackPointExtension>
      <gpxtpx:hr>116</gpxtpx:hr>
     </gpxtpx:TrackPointExtension>
    </extensions>
   </trkpt>
   <trkpt lat="35.2427980" lon="113.9272840">
    <ele>69.1</ele>
    <time>2025-07-07T00:08:45Z</time>
    <extensions>
     <gpxtpx:TrackPointExtension>
      <gpxtpx:hr>116</gpxtpx:hr>
     </gpxtpx:TrackPointExtension>
    </extensions>
   </trkpt>
   <trkpt lat="35.2427560" lon="113.9272800">
    <ele>69.1</ele>
    <time>2025-07-07T00:08:46Z</time>
    <extensions>
     <gpxtpx:TrackPointExtension>
      <gpxtpx:hr>116</gpxtpx:hr>
     </gpxtpx:TrackPointExtension>
    </extensions>
   </trkpt>
   <trkpt lat="35.2426950" lon="113.9272500">
    <ele>69.1</ele>
    <time>2025-07-07T00:08:47Z</time>
    <extensions>
     <gpxtpx:TrackPointExtension>
      <gpxtpx:hr>116</gpxtpx:hr>
     </gpxtpx:TrackPointExtension>
    </extensions>
   </trkpt>
   <trkpt lat="35.2426530" lon="113.9272460">
    <ele>69.1</ele>
    <time>2025-07-07T00:08:48Z</time>
    <extensions>
     <gpxtpx:TrackPointExtension>
      <gpxtpx:hr>116</gpxtpx:hr>
     </gpxtpx:TrackPointExtension>
    </extensions>
   </trkpt>
   <trkpt lat="35.2426530" lon="113.9272460">
    <ele>69.1</ele>
    <time>2025-07-07T00:08:48Z</time>
    <extensions>
     <gpxtpx:TrackPointExtension>
      <gpxtpx:hr>116</gpxtpx:hr>
     </gpxtpx:TrackPointExtension>
    </extensions>
   </trkpt>
   <trkpt lat="35.2426150" lon="113.9272460">
    <ele>69.1</ele>
    <time>2025-07-07T00:08:49Z</time>
    <extensions>
     <gpxtpx:TrackPointExtension>
      <gpxtpx:hr>116</gpxtpx:hr>
     </gpxtpx:TrackPointExtension>
    </extensions>
   </trkpt>
   <trkpt lat="35.2425600" lon="113.9272460">
    <ele>69.0</ele>
    <time>2025-07-07T00:08:50Z</time>
    <extensions>
     <gpxtpx:TrackPointExtension>
      <gpxtpx:hr>116</gpxtpx:hr>
     </gpxtpx:TrackPointExtension>
    </extensions>
   </trkpt>
   <trkpt lat="35.2425230" lon="113.9272460">
    <ele>69.0</ele>
    <time>2025-07-07T00:08:51Z</time>
    <extensions>
     <gpxtpx:TrackPointExtension>
      <gpxtpx:hr>115</gpxtpx:hr>
     </gpxtpx:TrackPointExtension>
    </extensions>
   </trkpt>
   <trkpt lat="35.2424770" lon="113.9272300">
    <ele>69.7</ele>
    <time>2025-07-07T00:08:52Z</time>
    <extensions>
     <gpxtpx:TrackPointExtension>
      <gpxtpx:hr>115</gpxtpx:hr>
     </gpxtpx:TrackPointExtension>
    </extensions>
   </trkpt>
   <trkpt lat="35.2424100" lon="113.9271900">
    <ele>70.5</ele>
    <time>2025-07-07T00:08:53Z</time>
    <extensions>
     <gpxtpx:TrackPointExtension>
      <gpxtpx:hr>115</gpxtpx:hr>
     </gpxtpx:TrackPointExtension>
    </extensions>
   </trkpt>
   <trkpt lat="35.2423820" lon="113.9271550">
    <ele>70.7</ele>
    <time>2025-07-07T00:08:54Z</time>
    <extensions>
     <gpxtpx:TrackPointExtension>
      <gpxtpx:hr>115</gpxtpx:hr>
     </gpxtpx:TrackPointExtension>
    </extensions>
   </trkpt>
   <trkpt lat="35.2423740" lon="113.9270900">
    <ele>71.2</ele>
    <time>2025-07-07T00:08:55Z</time>
    <extensions>
     <gpxtpx:TrackPointExtension>
      <gpxtpx:hr>115</gpxtpx:hr>
     </gpxtpx:TrackPointExtension>
    </extensions>
   </trkpt>
   <trkpt lat="35.2423670" lon="113.9270500">
    <ele>71.4</ele>
    <time>2025-07-07T00:08:56Z</time>
    <extensions>
     <gpxtpx:TrackPointExtension>
      <gpxtpx:hr>115</gpxtpx:hr>
     </gpxtpx:TrackPointExtension>
    </extensions>
   </trkpt>
   <trkpt lat="35.2423740" lon="113.9269900">
    <ele>71.6</ele>
    <time>2025-07-07T00:08:57Z</time>
    <extensions>
     <gpxtpx:TrackPointExtension>
      <gpxtpx:hr>115</gpxtpx:hr>
     </gpxtpx:TrackPointExtension>
    </extensions>
   </trkpt>
   <trkpt lat="35.2423820" lon="113.9269200">
    <ele>72.2</ele>
    <time>2025-07-07T00:08:58Z</time>
    <extensions>
     <gpxtpx:TrackPointExtension>
      <gpxtpx:hr>115</gpxtpx:hr>
     </gpxtpx:TrackPointExtension>
    </extensions>
   </trkpt>
   <trkpt lat="35.2423820" lon="113.9269200">
    <ele>72.2</ele>
    <time>2025-07-07T00:08:58Z</time>
    <extensions>
     <gpxtpx:TrackPointExtension>
      <gpxtpx:hr>115</gpxtpx:hr>
     </gpxtpx:TrackPointExtension>
    </extensions>
   </trkpt>
   <trkpt lat="35.2423860" lon="113.9268600">
    <ele>72.5</ele>
    <time>2025-07-07T00:08:59Z</time>
    <extensions>
     <gpxtpx:TrackPointExtension>
      <gpxtpx:hr>116</gpxtpx:hr>
     </gpxtpx:TrackPointExtension>
    </extensions>
   </trkpt>
   <trkpt lat="35.2423860" lon="113.9268000">
    <ele>73.2</ele>
    <time>2025-07-07T00:09:00Z</time>
    <extensions>
     <gpxtpx:TrackPointExtension>
      <gpxtpx:hr>117</gpxtpx:hr>
     </gpxtpx:TrackPointExtension>
    </extensions>
   </trkpt>
   <trkpt lat="35.2423860" lon="113.9267600">
    <ele>73.4</ele>
    <time>2025-07-07T00:09:01Z</time>
    <extensions>
     <gpxtpx:TrackPointExtension>
      <gpxtpx:hr>117</gpxtpx:hr>
     </gpxtpx:TrackPointExtension>
    </extensions>
   </trkpt>
   <trkpt lat="35.2423820" lon="113.9267100">
    <ele>73.5</ele>
    <time>2025-07-07T00:09:02Z</time>
    <extensions>
     <gpxtpx:TrackPointExtension>
      <gpxtpx:hr>117</gpxtpx:hr>
     </gpxtpx:TrackPointExtension>
    </extensions>
   </trkpt>
   <trkpt lat="35.2423820" lon="113.9266600">
    <ele>73.5</ele>
    <time>2025-07-07T00:09:03Z</time>
    <extensions>
     <gpxtpx:TrackPointExtension>
      <gpxtpx:hr>118</gpxtpx:hr>
     </gpxtpx:TrackPointExtension>
    </extensions>
   </trkpt>
   <trkpt lat="35.2423900" lon="113.9266050">
    <ele>73.5</ele>
    <time>2025-07-07T00:09:04Z</time>
    <extensions>
     <gpxtpx:TrackPointExtension>
      <gpxtpx:hr>118</gpxtpx:hr>
     </gpxtpx:TrackPointExtension>
    </extensions>
   </trkpt>
   <trkpt lat="35.2423900" lon="113.9266050">
    <ele>73.5</ele>
    <time>2025-07-07T00:09:04Z</time>
    <extensions>
     <gpxtpx:TrackPointExtension>
      <gpxtpx:hr>118</gpxtpx:hr>
     </gpxtpx:TrackPointExtension>
    </extensions>
   </trkpt>
   <trkpt lat="35.2423820" lon="113.9265300">
    <ele>73.3</ele>
    <time>2025-07-07T00:09:05Z</time>
    <extensions>
     <gpxtpx:TrackPointExtension>
      <gpxtpx:hr>118</gpxtpx:hr>
     </gpxtpx:TrackPointExtension>
    </extensions>
   </trkpt>
   <trkpt lat="35.2423930" lon="113.9264700">
    <ele>73.1</ele>
    <time>2025-07-07T00:09:06Z</time>
    <extensions>
     <gpxtpx:TrackPointExtension>
      <gpxtpx:hr>118</gpxtpx:hr>
     </gpxtpx:TrackPointExtension>
    </extensions>
   </trkpt>
   <trkpt lat="35.2424050" lon="113.9263900">
    <ele>72.9</ele>
    <time>2025-07-07T00:09:07Z</time>
    <extensions>
     <gpxtpx:TrackPointExtension>
      <gpxtpx:hr>117</gpxtpx:hr>
     </gpxtpx:TrackPointExtension>
    </extensions>
   </trkpt>
   <trkpt lat="35.2424130" lon="113.9263300">
    <ele>72.2</ele>
    <time>2025-07-07T00:09:08Z</time>
    <extensions>
     <gpxtpx:TrackPointExtension>
      <gpxtpx:hr>117</gpxtpx:hr>
     </gpxtpx:TrackPointExtension>
    </extensions>
   </trkpt>
   <trkpt lat="35.2424130" lon="113.9263300">
    <ele>72.2</ele>
    <time>2025-07-07T00:09:08Z</time>
    <extensions>
     <gpxtpx:TrackPointExtension>
      <gpxtpx:hr>117</gpxtpx:hr>
     </gpxtpx:TrackPointExtension>
    </extensions>
   </trkpt>
   <trkpt lat="35.2424160" lon="113.9262700">
    <ele>71.9</ele>
    <time>2025-07-07T00:09:09Z</time>
    <extensions>
     <gpxtpx:TrackPointExtension>
      <gpxtpx:hr>117</gpxtpx:hr>
     </gpxtpx:TrackPointExtension>
    </extensions>
   </trkpt>
   <trkpt lat="35.2424280" lon="113.9262160">
    <ele>71.8</ele>
    <time>2025-07-07T00:09:10Z</time>
    <extensions>
     <gpxtpx:TrackPointExtension>
      <gpxtpx:hr>116</gpxtpx:hr>
     </gpxtpx:TrackPointExtension>
    </extensions>
   </trkpt>
   <trkpt lat="35.2424350" lon="113.9261600">
    <ele>72.1</ele>
    <time>2025-07-07T00:09:11Z</time>
    <extensions>
     <gpxtpx:TrackPointExtension>
      <gpxtpx:hr>116</gpxtpx:hr>
     </gpxtpx:TrackPointExtension>
    </extensions>
   </trkpt>
   <trkpt lat="35.2424280" lon="113.9260940">
    <ele>71.9</ele>
    <time>2025-07-07T00:09:12Z</time>
    <extensions>
     <gpxtpx:TrackPointExtension>
      <gpxtpx:hr>116</gpxtpx:hr>
     </gpxtpx:TrackPointExtension>
    </extensions>
   </trkpt>
   <trkpt lat="35.2424280" lon="113.9260250">
    <ele>71.9</ele>
    <time>2025-07-07T00:09:13Z</time>
    <extensions>
     <gpxtpx:TrackPointExtension>
      <gpxtpx:hr>116</gpxtpx:hr>
     </gpxtpx:TrackPointExtension>
    </extensions>
   </trkpt>
   <trkpt lat="35.2424300" lon="113.9259640">
    <ele>72.1</ele>
    <time>2025-07-07T00:09:14Z</time>
    <extensions>
     <gpxtpx:TrackPointExtension>
      <gpxtpx:hr>116</gpxtpx:hr>
     </gpxtpx:TrackPointExtension>
    </extensions>
   </trkpt>
   <trkpt lat="35.2424280" lon="113.9259100">
    <ele>72.1</ele>
    <time>2025-07-07T00:09:15Z</time>
    <extensions>
     <gpxtpx:TrackPointExtension>
      <gpxtpx:hr>116</gpxtpx:hr>
     </gpxtpx:TrackPointExtension>
    </extensions>
   </trkpt>
   <trkpt lat="35.2424200" lon="113.9258500">
    <ele>72.6</ele>
    <time>2025-07-07T00:09:16Z</time>
    <extensions>
     <gpxtpx:TrackPointExtension>
      <gpxtpx:hr>115</gpxtpx:hr>
     </gpxtpx:TrackPointExtension>
    </extensions>
   </trkpt>
   <trkpt lat="35.2424130" lon="113.9258100">
    <ele>72.9</ele>
    <time>2025-07-07T00:09:17Z</time>
    <extensions>
     <gpxtpx:TrackPointExtension>
      <gpxtpx:hr>115</gpxtpx:hr>
     </gpxtpx:TrackPointExtension>
    </extensions>
   </trkpt>
   <trkpt lat="35.2424160" lon="113.9257660">
    <ele>73.3</ele>
    <time>2025-07-07T00:09:18Z</time>
    <extensions>
     <gpxtpx:TrackPointExtension>
      <gpxtpx:hr>115</gpxtpx:hr>
     </gpxtpx:TrackPointExtension>
    </extensions>
   </trkpt>
   <trkpt lat="35.2424160" lon="113.9257660">
    <ele>73.3</ele>
    <time>2025-07-07T00:09:18Z</time>
    <extensions>
     <gpxtpx:TrackPointExtension>
      <gpxtpx:hr>115</gpxtpx:hr>
     </gpxtpx:TrackPointExtension>
    </extensions>
   </trkpt>
   <trkpt lat="35.2424200" lon="113.9257200">
    <ele>73.5</ele>
    <time>2025-07-07T00:09:19Z</time>
    <extensions>
     <gpxtpx:TrackPointExtension>
      <gpxtpx:hr>115</gpxtpx:hr>
     </gpxtpx:TrackPointExtension>
    </extensions>
   </trkpt>
   <trkpt lat="35.2424430" lon="113.9256740">
    <ele>73.8</ele>
    <time>2025-07-07T00:09:20Z</time>
    <extensions>
     <gpxtpx:TrackPointExtension>
      <gpxtpx:hr>114</gpxtpx:hr>
     </gpxtpx:TrackPointExtension>
    </extensions>
   </trkpt>
   <trkpt lat="35.2424800" lon="113.9256400">
    <ele>74.1</ele>
    <time>2025-07-07T00:09:21Z</time>
    <extensions>
     <gpxtpx:TrackPointExtension>
      <gpxtpx:hr>113</gpxtpx:hr>
     </gpxtpx:TrackPointExtension>
    </extensions>
   </trkpt>
   <trkpt lat="35.2425200" lon="113.9256200">
    <ele>74.3</ele>
    <time>2025-07-07T00:09:22Z</time>
    <extensions>
     <gpxtpx:TrackPointExtension>
      <gpxtpx:hr>112</gpxtpx:hr>
     </gpxtpx:TrackPointExtension>
    </extensions>
   </trkpt>
   <trkpt lat="35.2425200" lon="113.9256200">
    <ele>74.3</ele>
    <time>2025-07-07T00:09:22Z</time>
    <extensions>
     <gpxtpx:TrackPointExtension>
      <gpxtpx:hr>112</gpxtpx:hr>
     </gpxtpx:TrackPointExtension>
    </extensions>
   </trkpt>
   <trkpt lat="35.2425650" lon="113.9255900">
    <ele>74.4</ele>
    <time>2025-07-07T00:09:23Z</time>
    <extensions>
     <gpxtpx:TrackPointExtension>
      <gpxtpx:hr>112</gpxtpx:hr>
     </gpxtpx:TrackPointExtension>
    </extensions>
   </trkpt>
   <trkpt lat="35.2425960" lon="113.9256060">
    <ele>74.4</ele>
    <time>2025-07-07T00:09:24Z</time>
    <extensions>
     <gpxtpx:TrackPointExtension>
      <gpxtpx:hr>112</gpxtpx:hr>
     </gpxtpx:TrackPointExtension>
    </extensions>
   </trkpt>
   <trkpt lat="35.2426380" lon="113.9255800">
    <ele>74.4</ele>
    <time>2025-07-07T00:09:25Z</time>
    <extensions>
     <gpxtpx:TrackPointExtension>
      <gpxtpx:hr>112</gpxtpx:hr>
     </gpxtpx:TrackPointExtension>
    </extensions>
   </trkpt>
   <trkpt lat="35.2426720" lon="113.9256000">
    <ele>74.4</ele>
    <time>2025-07-07T00:09:26Z</time>
    <extensions>
     <gpxtpx:TrackPointExtension>
      <gpxtpx:hr>111</gpxtpx:hr>
     </gpxtpx:TrackPointExtension>
    </extensions>
   </trkpt>
   <trkpt lat="35.2427100" lon="113.9256100">
    <ele>74.6</ele>
    <time>2025-07-07T00:09:27Z</time>
    <extensions>
     <gpxtpx:TrackPointExtension>
      <gpxtpx:hr>111</gpxtpx:hr>
     </gpxtpx:TrackPointExtension>
    </extensions>
   </trkpt>
   <trkpt lat="35.2427100" lon="113.9256100">
    <ele>74.6</ele>
    <time>2025-07-07T00:09:27Z</time>
    <extensions>
     <gpxtpx:TrackPointExtension>
      <gpxtpx:hr>111</gpxtpx:hr>
     </gpxtpx:TrackPointExtension>
    </extensions>
   </trkpt>
   <trkpt lat="35.2427500" lon="113.9256060">
    <ele>74.8</ele>
    <time>2025-07-07T00:09:28Z</time>
    <extensions>
     <gpxtpx:TrackPointExtension>
      <gpxtpx:hr>111</gpxtpx:hr>
     </gpxtpx:TrackPointExtension>
    </extensions>
   </trkpt>
   <trkpt lat="35.2427940" lon="113.9256100">
    <ele>74.8</ele>
    <time>2025-07-07T00:09:29Z</time>
    <extensions>
     <gpxtpx:TrackPointExtension>
      <gpxtpx:hr>112</gpxtpx:hr>
     </gpxtpx:TrackPointExtension>
    </extensions>
   </trkpt>
   <trkpt lat="35.2428400" lon="113.9256060">
    <ele>74.8</ele>
    <time>2025-07-07T00:09:30Z</time>
    <extensions>
     <gpxtpx:TrackPointExtension>
      <gpxtpx:hr>113</gpxtpx:hr>
     </gpxtpx:TrackPointExtension>
    </extensions>
   </trkpt>
   <trkpt lat="35.2428780" lon="113.9256000">
    <ele>74.5</ele>
    <time>2025-07-07T00:09:31Z</time>
    <extensions>
     <gpxtpx:TrackPointExtension>
      <gpxtpx:hr>113</gpxtpx:hr>
     </gpxtpx:TrackPointExtension>
    </extensions>
   </trkpt>
   <trkpt lat="35.2429200" lon="113.9255800">
    <ele>74.4</ele>
    <time>2025-07-07T00:09:32Z</time>
    <extensions>
     <gpxtpx:TrackPointExtension>
      <gpxtpx:hr>113</gpxtpx:hr>
     </gpxtpx:TrackPointExtension>
    </extensions>
   </trkpt>
   <trkpt lat="35.2429580" lon="113.9255800">
    <ele>74.4</ele>
    <time>2025-07-07T00:09:33Z</time>
    <extensions>
     <gpxtpx:TrackPointExtension>
      <gpxtpx:hr>113</gpxtpx:hr>
     </gpxtpx:TrackPointExtension>
    </extensions>
   </trkpt>
   <trkpt lat="35.2429960" lon="113.9255750">
    <ele>74.4</ele>
    <time>2025-07-07T00:09:34Z</time>
    <extensions>
     <gpxtpx:TrackPointExtension>
      <gpxtpx:hr>114</gpxtpx:hr>
     </gpxtpx:TrackPointExtension>
    </extensions>
   </trkpt>
   <trkpt lat="35.2430530" lon="113.9255800">
    <ele>74.4</ele>
    <time>2025-07-07T00:09:35Z</time>
    <extensions>
     <gpxtpx:TrackPointExtension>
      <gpxtpx:hr>114</gpxtpx:hr>
     </gpxtpx:TrackPointExtension>
    </extensions>
   </trkpt>
   <trkpt lat="35.2430760" lon="113.9256200">
    <ele>74.5</ele>
    <time>2025-07-07T00:09:36Z</time>
    <extensions>
     <gpxtpx:TrackPointExtension>
      <gpxtpx:hr>114</gpxtpx:hr>
     </gpxtpx:TrackPointExtension>
    </extensions>
   </trkpt>
   <trkpt lat="35.2431030" lon="113.9256400">
    <ele>74.6</ele>
    <time>2025-07-07T00:09:37Z</time>
    <extensions>
     <gpxtpx:TrackPointExtension>
      <gpxtpx:hr>114</gpxtpx:hr>
     </gpxtpx:TrackPointExtension>
    </extensions>
   </trkpt>
   <trkpt lat="35.2431030" lon="113.9256400">
    <ele>74.6</ele>
    <time>2025-07-07T00:09:37Z</time>
    <extensions>
     <gpxtpx:TrackPointExtension>
      <gpxtpx:hr>114</gpxtpx:hr>
     </gpxtpx:TrackPointExtension>
    </extensions>
   </trkpt>
   <trkpt lat="35.2431340" lon="113.9256740">
    <ele>74.6</ele>
    <time>2025-07-07T00:09:38Z</time>
    <extensions>
     <gpxtpx:TrackPointExtension>
      <gpxtpx:hr>114</gpxtpx:hr>
     </gpxtpx:TrackPointExtension>
    </extensions>
   </trkpt>
   <trkpt lat="35.2431760" lon="113.9256900">
    <ele>74.5</ele>
    <time>2025-07-07T00:09:39Z</time>
    <extensions>
     <gpxtpx:TrackPointExtension>
      <gpxtpx:hr>115</gpxtpx:hr>
     </gpxtpx:TrackPointExtension>
    </extensions>
   </trkpt>
   <trkpt lat="35.2432200" lon="113.9257050">
    <ele>74.1</ele>
    <time>2025-07-07T00:09:40Z</time>
    <extensions>
     <gpxtpx:TrackPointExtension>
      <gpxtpx:hr>115</gpxtpx:hr>
     </gpxtpx:TrackPointExtension>
    </extensions>
   </trkpt>
   <trkpt lat="35.2432750" lon="113.9257100">
    <ele>73.5</ele>
    <time>2025-07-07T00:09:41Z</time>
    <extensions>
     <gpxtpx:TrackPointExtension>
      <gpxtpx:hr>115</gpxtpx:hr>
     </gpxtpx:TrackPointExtension>
    </extensions>
   </trkpt>
   <trkpt lat="35.2433170" lon="113.9257300">
    <ele>73.2</ele>
    <time>2025-07-07T00:09:42Z</time>
    <extensions>
     <gpxtpx:TrackPointExtension>
      <gpxtpx:hr>115</gpxtpx:hr>
     </gpxtpx:TrackPointExtension>
    </extensions>
   </trkpt>
   <trkpt lat="35.2433660" lon="113.9257350">
    <ele>73.2</ele>
    <time>2025-07-07T00:09:43Z</time>
    <extensions>
     <gpxtpx:TrackPointExtension>
      <gpxtpx:hr>115</gpxtpx:hr>
     </gpxtpx:TrackPointExtension>
    </extensions>
   </trkpt>
   <trkpt lat="35.2434120" lon="113.9257350">
    <ele>73.3</ele>
    <time>2025-07-07T00:09:44Z</time>
    <extensions>
     <gpxtpx:TrackPointExtension>
      <gpxtpx:hr>115</gpxtpx:hr>
     </gpxtpx:TrackPointExtension>
    </extensions>
   </trkpt>
   <trkpt lat="35.2434120" lon="113.9257350">
    <ele>73.3</ele>
    <time>2025-07-07T00:09:44Z</time>
    <extensions>
     <gpxtpx:TrackPointExtension>
      <gpxtpx:hr>115</gpxtpx:hr>
     </gpxtpx:TrackPointExtension>
    </extensions>
   </trkpt>
   <trkpt lat="35.2434500" lon="113.9257400">
    <ele>73.4</ele>
    <time>2025-07-07T00:09:45Z</time>
    <extensions>
     <gpxtpx:TrackPointExtension>
      <gpxtpx:hr>115</gpxtpx:hr>
     </gpxtpx:TrackPointExtension>
    </extensions>
   </trkpt>
   <trkpt lat="35.2434500" lon="113.9257400">
    <ele>73.4</ele>
    <time>2025-07-07T00:09:46Z</time>
    <extensions>
     <gpxtpx:TrackPointExtension>
      <gpxtpx:hr>115</gpxtpx:hr>
     </gpxtpx:TrackPointExtension>
    </extensions>
   </trkpt>
   <trkpt lat="35.2434770" lon="113.9257300">
    <ele>73.4</ele>
    <time>2025-07-07T00:09:47Z</time>
    <extensions>
     <gpxtpx:TrackPointExtension>
      <gpxtpx:hr>114</gpxtpx:hr>
     </gpxtpx:TrackPointExtension>
    </extensions>
   </trkpt>
   <trkpt lat="35.2435300" lon="113.9257200">
    <ele>73.9</ele>
    <time>2025-07-07T00:09:48Z</time>
    <extensions>
     <gpxtpx:TrackPointExtension>
      <gpxtpx:hr>114</gpxtpx:hr>
     </gpxtpx:TrackPointExtension>
    </extensions>
   </trkpt>
   <trkpt lat="35.2435300" lon="113.9257200">
    <ele>73.9</ele>
    <time>2025-07-07T00:09:48Z</time>
    <extensions>
     <gpxtpx:TrackPointExtension>
      <gpxtpx:hr>114</gpxtpx:hr>
     </gpxtpx:TrackPointExtension>
    </extensions>
   </trkpt>
   <trkpt lat="35.2435700" lon="113.9257050">
    <ele>74.2</ele>
    <time>2025-07-07T00:09:49Z</time>
    <extensions>
     <gpxtpx:TrackPointExtension>
      <gpxtpx:hr>115</gpxtpx:hr>
     </gpxtpx:TrackPointExtension>
    </extensions>
   </trkpt>
   <trkpt lat="35.2436260" lon="113.9257100">
    <ele>75.0</ele>
    <time>2025-07-07T00:09:50Z</time>
    <extensions>
     <gpxtpx:TrackPointExtension>
      <gpxtpx:hr>115</gpxtpx:hr>
     </gpxtpx:TrackPointExtension>
    </extensions>
   </trkpt>
   <trkpt lat="35.2436750" lon="113.9257100">
    <ele>75.4</ele>
    <time>2025-07-07T00:09:51Z</time>
    <extensions>
     <gpxtpx:TrackPointExtension>
      <gpxtpx:hr>116</gpxtpx:hr>
     </gpxtpx:TrackPointExtension>
    </extensions>
   </trkpt>
   <trkpt lat="35.2437320" lon="113.9257100">
    <ele>76.4</ele>
    <time>2025-07-07T00:09:52Z</time>
    <extensions>
     <gpxtpx:TrackPointExtension>
      <gpxtpx:hr>117</gpxtpx:hr>
     </gpxtpx:TrackPointExtension>
    </extensions>
   </trkpt>
   <trkpt lat="35.2437820" lon="113.9256900">
    <ele>76.7</ele>
    <time>2025-07-07T00:09:53Z</time>
    <extensions>
     <gpxtpx:TrackPointExtension>
      <gpxtpx:hr>117</gpxtpx:hr>
     </gpxtpx:TrackPointExtension>
    </extensions>
   </trkpt>
   <trkpt lat="35.2438300" lon="113.9256800">
    <ele>77.2</ele>
    <time>2025-07-07T00:09:54Z</time>
    <extensions>
     <gpxtpx:TrackPointExtension>
      <gpxtpx:hr>117</gpxtpx:hr>
     </gpxtpx:TrackPointExtension>
    </extensions>
   </trkpt>
   <trkpt lat="35.2438700" lon="113.9256900">
    <ele>78.1</ele>
    <time>2025-07-07T00:09:55Z</time>
    <extensions>
     <gpxtpx:TrackPointExtension>
      <gpxtpx:hr>117</gpxtpx:hr>
     </gpxtpx:TrackPointExtension>
    </extensions>
   </trkpt>
   <trkpt lat="35.2439100" lon="113.9257000">
    <ele>78.7</ele>
    <time>2025-07-07T00:09:56Z</time>
    <extensions>
     <gpxtpx:TrackPointExtension>
      <gpxtpx:hr>118</gpxtpx:hr>
     </gpxtpx:TrackPointExtension>
    </extensions>
   </trkpt>
   <trkpt lat="35.2439730" lon="113.9257050">
    <ele>79.2</ele>
    <time>2025-07-07T00:09:57Z</time>
    <extensions>
     <gpxtpx:TrackPointExtension>
      <gpxtpx:hr>118</gpxtpx:hr>
     </gpxtpx:TrackPointExtension>
    </extensions>
   </trkpt>
   <trkpt lat="35.2440150" lon="113.9256900">
    <ele>79.1</ele>
    <time>2025-07-07T00:09:58Z</time>
    <extensions>
     <gpxtpx:TrackPointExtension>
      <gpxtpx:hr>118</gpxtpx:hr>
     </gpxtpx:TrackPointExtension>
    </extensions>
   </trkpt>
   <trkpt lat="35.2440150" lon="113.9256900">
    <ele>79.1</ele>
    <time>2025-07-07T00:09:58Z</time>
    <extensions>
     <gpxtpx:TrackPointExtension>
      <gpxtpx:hr>119</gpxtpx:hr>
     </gpxtpx:TrackPointExtension>
    </extensions>
   </trkpt>
   <trkpt lat="35.2440640" lon="113.9256800">
    <ele>79.0</ele>
    <time>2025-07-07T00:09:59Z</time>
    <extensions>
     <gpxtpx:TrackPointExtension>
      <gpxtpx:hr>119</gpxtpx:hr>
     </gpxtpx:TrackPointExtension>
    </extensions>
   </trkpt>
   <trkpt lat="35.2441060" lon="113.9256740">
    <ele>78.9</ele>
    <time>2025-07-07T00:10:00Z</time>
    <extensions>
     <gpxtpx:TrackPointExtension>
      <gpxtpx:hr>119</gpxtpx:hr>
     </gpxtpx:TrackPointExtension>
    </extensions>
   </trkpt>
   <trkpt lat="35.2441600" lon="113.9256740">
    <ele>78.4</ele>
    <time>2025-07-07T00:10:01Z</time>
    <extensions>
     <gpxtpx:TrackPointExtension>
      <gpxtpx:hr>119</gpxtpx:hr>
     </gpxtpx:TrackPointExtension>
    </extensions>
   </trkpt>
  </trkseg>
 </trk>
</gpx>
