<?xml version="1.0" encoding="UTF-8"?>
<gpx creator="StravaGPX" version="1.1" xmlns="http://www.topografix.com/GPX/1/1" xmlns:xsi="http://www.w3.org/2001/XMLSchema-instance" xsi:schemaLocation="http://www.topografix.com/GPX/1/1 http://www.topografix.com/GPX/1/1/gpx.xsd http://www.garmin.com/xmlschemas/GpxExtensions/v3 http://www.garmin.com/xmlschemas/GpxExtensionsv3.xsd http://www.garmin.com/xmlschemas/TrackPointExtension/v1 http://www.garmin.com/xmlschemas/TrackPointExtensionv1.xsd" xmlns:gpxtpx="http://www.garmin.com/xmlschemas/TrackPointExtension/v1" xmlns:gpxx="http://www.garmin.com/xmlschemas/GpxExtensions/v3">
 <metadata>
  <time>2022-02-24T12:43:21Z</time>
 </metadata>
 <trk>
  <name>Run</name>
  <type>running</type>
  <trkseg>
   <trkpt lat="29.1343920" lon="119.5377600">
    <ele>31.9</ele>
    <time>2022-02-24T12:43:21Z</time>
    <extensions>
     <gpxtpx:TrackPointExtension>
      <gpxtpx:hr>92</gpxtpx:hr>
      <gpxtpx:cad>0</gpxtpx:cad>
     </gpxtpx:TrackPointExtension>
    </extensions>
   </trkpt>
   <trkpt lat="29.1343630" lon="119.5377800">
    <ele>31.9</ele>
    <time>2022-02-24T12:43:22Z</time>
    <extensions>
     <gpxtpx:TrackPointExtension>
      <gpxtpx:hr>92</gpxtpx:hr>
      <gpxtpx:cad>0</gpxtpx:cad>
     </gpxtpx:TrackPointExtension>
    </extensions>
   </trkpt>
   <trkpt lat="29.1343900" lon="119.5377900">
    <ele>31.9</ele>
    <time>2022-02-24T12:43:26Z</time>
    <extensions>
     <gpxtpx:TrackPointExtension>
      <gpxtpx:hr>92</gpxtpx:hr>
      <gpxtpx:cad>0</gpxtpx:cad>
     </gpxtpx:TrackPointExtension>
    </extensions>
   </trkpt>
   <trkpt lat="29.1344220" lon="119.5377960">
    <ele>32.1</ele>
    <time>2022-02-24T12:43:27Z</time>
    <extensions>
     <gpxtpx:TrackPointExtension>
      <gpxtpx:hr>92</gpxtpx:hr>
      <gpxtpx:cad>0</gpxtpx:cad>
     </gpxtpx:TrackPointExtension>
    </extensions>
   </trkpt>
   <trkpt lat="29.1344410" lon="119.5377800">
    <ele>32.2</ele>
    <time>2022-02-24T12:43:28Z</time>
    <extensions>
     <gpxtpx:TrackPointExtension>
      <gpxtpx:hr>92</gpxtpx:hr>
      <gpxtpx:cad>0</gpxtpx:cad>
     </gpxtpx:TrackPointExtension>
    </extensions>
   </trkpt>
   <trkpt lat="29.1344760" lon="119.5377700">
    <ele>32.4</ele>
    <time>2022-02-24T12:43:29Z</time>
    <extensions>
     <gpxtpx:TrackPointExtension>
      <gpxtpx:hr>92</gpxtpx:hr>
      <gpxtpx:cad>0</gpxtpx:cad>
     </gpxtpx:TrackPointExtension>
    </extensions>
   </trkpt>
   <trkpt lat="29.1344900" lon="119.5377800">
    <ele>32.3</ele>
    <time>2022-02-24T12:43:30Z</time>
    <extensions>
     <gpxtpx:TrackPointExtension>
      <gpxtpx:hr>92</gpxtpx:hr>
      <gpxtpx:cad>77</gpxtpx:cad>
     </gpxtpx:TrackPointExtension>
    </extensions>
   </trkpt>
   <trkpt lat="29.1345160" lon="119.5377960">
    <ele>32.4</ele>
    <time>2022-02-24T12:43:31Z</time>
    <extensions>
     <gpxtpx:TrackPointExtension>
      <gpxtpx:hr>92</gpxtpx:hr>
      <gpxtpx:cad>77</gpxtpx:cad>
     </gpxtpx:TrackPointExtension>
    </extensions>
   </trkpt>
   <trkpt lat="29.1345270" lon="119.5378000">
    <ele>32.4</ele>
    <time>2022-02-24T12:43:32Z</time>
    <extensions>
     <gpxtpx:TrackPointExtension>
      <gpxtpx:hr>92</gpxtpx:hr>
      <gpxtpx:cad>77</gpxtpx:cad>
     </gpxtpx:TrackPointExtension>
    </extensions>
   </trkpt>
   <trkpt lat="29.1345460" lon="119.5378100">
    <ele>32.5</ele>
    <time>2022-02-24T12:43:33Z</time>
    <extensions>
     <gpxtpx:TrackPointExtension>
      <gpxtpx:hr>92</gpxtpx:hr>
      <gpxtpx:cad>77</gpxtpx:cad>
     </gpxtpx:TrackPointExtension>
    </extensions>
   </trkpt>
   <trkpt lat="29.1345770" lon="119.5378100">
    <ele>32.5</ele>
    <time>2022-02-24T12:43:34Z</time>
    <extensions>
     <gpxtpx:TrackPointExtension>
      <gpxtpx:hr>92</gpxtpx:hr>
      <gpxtpx:cad>77</gpxtpx:cad>
     </gpxtpx:TrackPointExtension>
    </extensions>
   </trkpt>
   <trkpt lat="29.1346050" lon="119.5378100">
    <ele>32.6</ele>
    <time>2022-02-24T12:43:35Z</time>
    <extensions>
     <gpxtpx:TrackPointExtension>
      <gpxtpx:hr>92</gpxtpx:hr>
      <gpxtpx:cad>77</gpxtpx:cad>
     </gpxtpx:TrackPointExtension>
    </extensions>
   </trkpt>
   <trkpt lat="29.1346320" lon="119.5378100">
    <ele>32.8</ele>
    <time>2022-02-24T12:43:36Z</time>
    <extensions>
     <gpxtpx:TrackPointExtension>
      <gpxtpx:hr>92</gpxtpx:hr>
      <gpxtpx:cad>77</gpxtpx:cad>
     </gpxtpx:TrackPointExtension>
    </extensions>
   </trkpt>
   <trkpt lat="29.1346470" lon="119.5378100">
    <ele>32.8</ele>
    <time>2022-02-24T12:43:37Z</time>
    <extensions>
     <gpxtpx:TrackPointExtension>
      <gpxtpx:hr>92</gpxtpx:hr>
      <gpxtpx:cad>77</gpxtpx:cad>
     </gpxtpx:TrackPointExtension>
    </extensions>
   </trkpt>
   <trkpt lat="29.1346780" lon="119.5377960">
    <ele>33.0</ele>
    <time>2022-02-24T12:43:38Z</time>
    <extensions>
     <gpxtpx:TrackPointExtension>
      <gpxtpx:hr>92</gpxtpx:hr>
      <gpxtpx:cad>77</gpxtpx:cad>
     </gpxtpx:TrackPointExtension>
    </extensions>
   </trkpt>
   <trkpt lat="29.1347000" lon="119.5377960">
    <ele>33.2</ele>
    <time>2022-02-24T12:43:39Z</time>
    <extensions>
     <gpxtpx:TrackPointExtension>
      <gpxtpx:hr>92</gpxtpx:hr>
      <gpxtpx:cad>77</gpxtpx:cad>
     </gpxtpx:TrackPointExtension>
    </extensions>
   </trkpt>
   <trkpt lat="29.1347310" lon="119.5377960">
    <ele>33.2</ele>
    <time>2022-02-24T12:43:40Z</time>
    <extensions>
     <gpxtpx:TrackPointExtension>
      <gpxtpx:hr>92</gpxtpx:hr>
      <gpxtpx:cad>85</gpxtpx:cad>
     </gpxtpx:TrackPointExtension>
    </extensions>
   </trkpt>
   <trkpt lat="29.1347620" lon="119.5377960">
    <ele>33.4</ele>
    <time>2022-02-24T12:43:41Z</time>
    <extensions>
     <gpxtpx:TrackPointExtension>
      <gpxtpx:hr>92</gpxtpx:hr>
      <gpxtpx:cad>85</gpxtpx:cad>
     </gpxtpx:TrackPointExtension>
    </extensions>
   </trkpt>
   <trkpt lat="29.1347920" lon="119.5378000">
    <ele>33.7</ele>
    <time>2022-02-24T12:43:42Z</time>
    <extensions>
     <gpxtpx:TrackPointExtension>
      <gpxtpx:hr>91</gpxtpx:hr>
      <gpxtpx:cad>85</gpxtpx:cad>
     </gpxtpx:TrackPointExtension>
    </extensions>
   </trkpt>
   <trkpt lat="29.1348080" lon="119.5378000">
    <ele>33.9</ele>
    <time>2022-02-24T12:43:43Z</time>
    <extensions>
     <gpxtpx:TrackPointExtension>
      <gpxtpx:hr>91</gpxtpx:hr>
      <gpxtpx:cad>85</gpxtpx:cad>
     </gpxtpx:TrackPointExtension>
    </extensions>
   </trkpt>
   <trkpt lat="29.1348340" lon="119.5378100">
    <ele>33.9</ele>
    <time>2022-02-24T12:43:44Z</time>
    <extensions>
     <gpxtpx:TrackPointExtension>
      <gpxtpx:hr>91</gpxtpx:hr>
      <gpxtpx:cad>85</gpxtpx:cad>
     </gpxtpx:TrackPointExtension>
    </extensions>
   </trkpt>
   <trkpt lat="29.1348630" lon="119.5378100">
    <ele>34.2</ele>
    <time>2022-02-24T12:43:45Z</time>
    <extensions>
     <gpxtpx:TrackPointExtension>
      <gpxtpx:hr>91</gpxtpx:hr>
      <gpxtpx:cad>85</gpxtpx:cad>
     </gpxtpx:TrackPointExtension>
    </extensions>
   </trkpt>
   <trkpt lat="29.1348920" lon="119.5378200">
    <ele>34.4</ele>
    <time>2022-02-24T12:43:46Z</time>
    <extensions>
     <gpxtpx:TrackPointExtension>
      <gpxtpx:hr>91</gpxtpx:hr>
      <gpxtpx:cad>85</gpxtpx:cad>
     </gpxtpx:TrackPointExtension>
    </extensions>
   </trkpt>
   <trkpt lat="29.1349160" lon="119.5378200">
    <ele>34.4</ele>
    <time>2022-02-24T12:43:47Z</time>
    <extensions>
     <gpxtpx:TrackPointExtension>
      <gpxtpx:hr>91</gpxtpx:hr>
      <gpxtpx:cad>85</gpxtpx:cad>
     </gpxtpx:TrackPointExtension>
    </extensions>
   </trkpt>
   <trkpt lat="29.1349450" lon="119.5378300">
    <ele>34.7</ele>
    <time>2022-02-24T12:43:48Z</time>
    <extensions>
     <gpxtpx:TrackPointExtension>
      <gpxtpx:hr>91</gpxtpx:hr>
      <gpxtpx:cad>85</gpxtpx:cad>
     </gpxtpx:TrackPointExtension>
    </extensions>
   </trkpt>
   <trkpt lat="29.1349750" lon="119.5378300">
    <ele>34.9</ele>
    <time>2022-02-24T12:43:49Z</time>
    <extensions>
     <gpxtpx:TrackPointExtension>
      <gpxtpx:hr>91</gpxtpx:hr>
      <gpxtpx:cad>85</gpxtpx:cad>
     </gpxtpx:TrackPointExtension>
    </extensions>
   </trkpt>
   <trkpt lat="29.1350150" lon="119.5378300">
    <ele>35.0</ele>
    <time>2022-02-24T12:43:50Z</time>
    <extensions>
     <gpxtpx:TrackPointExtension>
      <gpxtpx:hr>91</gpxtpx:hr>
      <gpxtpx:cad>84</gpxtpx:cad>
     </gpxtpx:TrackPointExtension>
    </extensions>
   </trkpt>
   <trkpt lat="29.1350150" lon="119.5378300">
    <ele>35.0</ele>
    <time>2022-02-24T12:43:50Z</time>
    <extensions>
     <gpxtpx:TrackPointExtension>
      <gpxtpx:hr>111</gpxtpx:hr>
      <gpxtpx:cad>84</gpxtpx:cad>
     </gpxtpx:TrackPointExtension>
    </extensions>
   </trkpt>
   <trkpt lat="29.1350480" lon="119.5378300">
    <ele>35.0</ele>
    <time>2022-02-24T12:43:51Z</time>
    <extensions>
     <gpxtpx:TrackPointExtension>
      <gpxtpx:hr>111</gpxtpx:hr>
      <gpxtpx:cad>84</gpxtpx:cad>
     </gpxtpx:TrackPointExtension>
    </extensions>
   </trkpt>
   <trkpt lat="29.1350780" lon="119.5378300">
    <ele>35.0</ele>
    <time>2022-02-24T12:43:52Z</time>
    <extensions>
     <gpxtpx:TrackPointExtension>
      <gpxtpx:hr>111</gpxtpx:hr>
      <gpxtpx:cad>84</gpxtpx:cad>
     </gpxtpx:TrackPointExtension>
    </extensions>
   </trkpt>
   <trkpt lat="29.1351100" lon="119.5378300">
    <ele>35.0</ele>
    <time>2022-02-24T12:43:53Z</time>
    <extensions>
     <gpxtpx:TrackPointExtension>
      <gpxtpx:hr>111</gpxtpx:hr>
      <gpxtpx:cad>84</gpxtpx:cad>
     </gpxtpx:TrackPointExtension>
    </extensions>
   </trkpt>
   <trkpt lat="29.1351380" lon="119.5378300">
    <ele>35.0</ele>
    <time>2022-02-24T12:43:54Z</time>
    <extensions>
     <gpxtpx:TrackPointExtension>
      <gpxtpx:hr>111</gpxtpx:hr>
      <gpxtpx:cad>84</gpxtpx:cad>
     </gpxtpx:TrackPointExtension>
    </extensions>
   </trkpt>
   <trkpt lat="29.1351970" lon="119.5378400">
    <ele>34.6</ele>
    <time>2022-02-24T12:43:55Z</time>
    <extensions>
     <gpxtpx:TrackPointExtension>
      <gpxtpx:hr>111</gpxtpx:hr>
      <gpxtpx:cad>86</gpxtpx:cad>
     </gpxtpx:TrackPointExtension>
    </extensions>
   </trkpt>
   <trkpt lat="29.1352230" lon="119.5378500">
    <ele>34.3</ele>
    <time>2022-02-24T12:43:56Z</time>
    <extensions>
     <gpxtpx:TrackPointExtension>
      <gpxtpx:hr>111</gpxtpx:hr>
      <gpxtpx:cad>86</gpxtpx:cad>
     </gpxtpx:TrackPointExtension>
    </extensions>
   </trkpt>
   <trkpt lat="29.1352520" lon="119.5378500">
    <ele>34.3</ele>
    <time>2022-02-24T12:43:57Z</time>
    <extensions>
     <gpxtpx:TrackPointExtension>
      <gpxtpx:hr>111</gpxtpx:hr>
      <gpxtpx:cad>86</gpxtpx:cad>
     </gpxtpx:TrackPointExtension>
    </extensions>
   </trkpt>
   <trkpt lat="29.1352750" lon="119.5378400">
    <ele>34.1</ele>
    <time>2022-02-24T12:43:58Z</time>
    <extensions>
     <gpxtpx:TrackPointExtension>
      <gpxtpx:hr>111</gpxtpx:hr>
      <gpxtpx:cad>86</gpxtpx:cad>
     </gpxtpx:TrackPointExtension>
    </extensions>
   </trkpt>
   <trkpt lat="29.1352960" lon="119.5378400">
    <ele>33.8</ele>
    <time>2022-02-24T12:43:59Z</time>
    <extensions>
     <gpxtpx:TrackPointExtension>
      <gpxtpx:hr>111</gpxtpx:hr>
      <gpxtpx:cad>86</gpxtpx:cad>
     </gpxtpx:TrackPointExtension>
    </extensions>
   </trkpt>
   <trkpt lat="29.1353230" lon="119.5378500">
    <ele>33.8</ele>
    <time>2022-02-24T12:44:00Z</time>
    <extensions>
     <gpxtpx:TrackPointExtension>
      <gpxtpx:hr>111</gpxtpx:hr>
      <gpxtpx:cad>85</gpxtpx:cad>
     </gpxtpx:TrackPointExtension>
    </extensions>
   </trkpt>
   <trkpt lat="29.1353230" lon="119.5378500">
    <ele>33.8</ele>
    <time>2022-02-24T12:44:00Z</time>
    <extensions>
     <gpxtpx:TrackPointExtension>
      <gpxtpx:hr>131</gpxtpx:hr>
      <gpxtpx:cad>85</gpxtpx:cad>
     </gpxtpx:TrackPointExtension>
    </extensions>
   </trkpt>
   <trkpt lat="29.1353470" lon="119.5378500">
    <ele>33.6</ele>
    <time>2022-02-24T12:44:01Z</time>
    <extensions>
     <gpxtpx:TrackPointExtension>
      <gpxtpx:hr>131</gpxtpx:hr>
      <gpxtpx:cad>85</gpxtpx:cad>
     </gpxtpx:TrackPointExtension>
    </extensions>
   </trkpt>
   <trkpt lat="29.1353680" lon="119.5378500">
    <ele>33.6</ele>
    <time>2022-02-24T12:44:02Z</time>
    <extensions>
     <gpxtpx:TrackPointExtension>
      <gpxtpx:hr>131</gpxtpx:hr>
      <gpxtpx:cad>85</gpxtpx:cad>
     </gpxtpx:TrackPointExtension>
    </extensions>
   </trkpt>
   <trkpt lat="29.1353900" lon="119.5378600">
    <ele>33.3</ele>
    <time>2022-02-24T12:44:03Z</time>
    <extensions>
     <gpxtpx:TrackPointExtension>
      <gpxtpx:hr>131</gpxtpx:hr>
      <gpxtpx:cad>85</gpxtpx:cad>
     </gpxtpx:TrackPointExtension>
    </extensions>
   </trkpt>
   <trkpt lat="29.1354120" lon="119.5378650">
    <ele>33.1</ele>
    <time>2022-02-24T12:44:04Z</time>
    <extensions>
     <gpxtpx:TrackPointExtension>
      <gpxtpx:hr>131</gpxtpx:hr>
      <gpxtpx:cad>85</gpxtpx:cad>
     </gpxtpx:TrackPointExtension>
    </extensions>
   </trkpt>
   <trkpt lat="29.1354430" lon="119.5378650">
    <ele>33.1</ele>
    <time>2022-02-24T12:44:05Z</time>
    <extensions>
     <gpxtpx:TrackPointExtension>
      <gpxtpx:hr>131</gpxtpx:hr>
      <gpxtpx:cad>85</gpxtpx:cad>
     </gpxtpx:TrackPointExtension>
    </extensions>
   </trkpt>
   <trkpt lat="29.1354680" lon="119.5378700">
    <ele>32.8</ele>
    <time>2022-02-24T12:44:06Z</time>
    <extensions>
     <gpxtpx:TrackPointExtension>
      <gpxtpx:hr>131</gpxtpx:hr>
      <gpxtpx:cad>85</gpxtpx:cad>
     </gpxtpx:TrackPointExtension>
    </extensions>
   </trkpt>
   <trkpt lat="29.1354900" lon="119.5378700">
    <ele>32.6</ele>
    <time>2022-02-24T12:44:07Z</time>
    <extensions>
     <gpxtpx:TrackPointExtension>
      <gpxtpx:hr>131</gpxtpx:hr>
      <gpxtpx:cad>85</gpxtpx:cad>
     </gpxtpx:TrackPointExtension>
    </extensions>
   </trkpt>
   <trkpt lat="29.1355190" lon="119.5378800">
    <ele>32.6</ele>
    <time>2022-02-24T12:44:08Z</time>
    <extensions>
     <gpxtpx:TrackPointExtension>
      <gpxtpx:hr>131</gpxtpx:hr>
      <gpxtpx:cad>85</gpxtpx:cad>
     </gpxtpx:TrackPointExtension>
    </extensions>
   </trkpt>
   <trkpt lat="29.1355530" lon="119.5378900">
    <ele>32.3</ele>
    <time>2022-02-24T12:44:09Z</time>
    <extensions>
     <gpxtpx:TrackPointExtension>
      <gpxtpx:hr>131</gpxtpx:hr>
      <gpxtpx:cad>85</gpxtpx:cad>
     </gpxtpx:TrackPointExtension>
    </extensions>
   </trkpt>
   <trkpt lat="29.1355860" lon="119.5378900">
    <ele>32.1</ele>
    <time>2022-02-24T12:44:10Z</time>
    <extensions>
     <gpxtpx:TrackPointExtension>
      <gpxtpx:hr>134</gpxtpx:hr>
      <gpxtpx:cad>85</gpxtpx:cad>
     </gpxtpx:TrackPointExtension>
    </extensions>
   </trkpt>
   <trkpt lat="29.1355860" lon="119.5378900">
    <ele>32.1</ele>
    <time>2022-02-24T12:44:10Z</time>
    <extensions>
     <gpxtpx:TrackPointExtension>
      <gpxtpx:hr>134</gpxtpx:hr>
      <gpxtpx:cad>83</gpxtpx:cad>
     </gpxtpx:TrackPointExtension>
    </extensions>
   </trkpt>
   <trkpt lat="29.1356120" lon="119.5378950">
    <ele>31.7</ele>
    <time>2022-02-24T12:44:11Z</time>
    <extensions>
     <gpxtpx:TrackPointExtension>
      <gpxtpx:hr>134</gpxtpx:hr>
      <gpxtpx:cad>83</gpxtpx:cad>
     </gpxtpx:TrackPointExtension>
    </extensions>
   </trkpt>
   <trkpt lat="29.1356350" lon="119.5378950">
    <ele>31.2</ele>
    <time>2022-02-24T12:44:12Z</time>
    <extensions>
     <gpxtpx:TrackPointExtension>
      <gpxtpx:hr>134</gpxtpx:hr>
      <gpxtpx:cad>83</gpxtpx:cad>
     </gpxtpx:TrackPointExtension>
    </extensions>
   </trkpt>
   <trkpt lat="29.1356560" lon="119.5378900">
    <ele>31.2</ele>
    <time>2022-02-24T12:44:13Z</time>
    <extensions>
     <gpxtpx:TrackPointExtension>
      <gpxtpx:hr>134</gpxtpx:hr>
      <gpxtpx:cad>83</gpxtpx:cad>
     </gpxtpx:TrackPointExtension>
    </extensions>
   </trkpt>
   <trkpt lat="29.1356750" lon="119.5378900">
    <ele>30.7</ele>
    <time>2022-02-24T12:44:14Z</time>
    <extensions>
     <gpxtpx:TrackPointExtension>
      <gpxtpx:hr>134</gpxtpx:hr>
      <gpxtpx:cad>83</gpxtpx:cad>
     </gpxtpx:TrackPointExtension>
    </extensions>
   </trkpt>
   <trkpt lat="29.1357040" lon="119.5378900">
    <ele>30.7</ele>
    <time>2022-02-24T12:44:15Z</time>
    <extensions>
     <gpxtpx:TrackPointExtension>
      <gpxtpx:hr>134</gpxtpx:hr>
      <gpxtpx:cad>83</gpxtpx:cad>
     </gpxtpx:TrackPointExtension>
    </extensions>
   </trkpt>
   <trkpt lat="29.1357330" lon="119.5378900">
    <ele>30.2</ele>
    <time>2022-02-24T12:44:16Z</time>
    <extensions>
     <gpxtpx:TrackPointExtension>
      <gpxtpx:hr>134</gpxtpx:hr>
      <gpxtpx:cad>83</gpxtpx:cad>
     </gpxtpx:TrackPointExtension>
    </extensions>
   </trkpt>
   <trkpt lat="29.1357560" lon="119.5378900">
    <ele>30.0</ele>
    <time>2022-02-24T12:44:17Z</time>
    <extensions>
     <gpxtpx:TrackPointExtension>
      <gpxtpx:hr>134</gpxtpx:hr>
      <gpxtpx:cad>83</gpxtpx:cad>
     </gpxtpx:TrackPointExtension>
    </extensions>
   </trkpt>
   <trkpt lat="29.1357800" lon="119.5378950">
    <ele>30.0</ele>
    <time>2022-02-24T12:44:18Z</time>
    <extensions>
     <gpxtpx:TrackPointExtension>
      <gpxtpx:hr>134</gpxtpx:hr>
      <gpxtpx:cad>83</gpxtpx:cad>
     </gpxtpx:TrackPointExtension>
    </extensions>
   </trkpt>
   <trkpt lat="29.1358070" lon="119.5378950">
    <ele>30.0</ele>
    <time>2022-02-24T12:44:19Z</time>
    <extensions>
     <gpxtpx:TrackPointExtension>
      <gpxtpx:hr>134</gpxtpx:hr>
      <gpxtpx:cad>83</gpxtpx:cad>
     </gpxtpx:TrackPointExtension>
    </extensions>
   </trkpt>
   <trkpt lat="29.1358300" lon="119.5379000">
    <ele>30.0</ele>
    <time>2022-02-24T12:44:20Z</time>
    <extensions>
     <gpxtpx:TrackPointExtension>
      <gpxtpx:hr>144</gpxtpx:hr>
      <gpxtpx:cad>83</gpxtpx:cad>
     </gpxtpx:TrackPointExtension>
    </extensions>
   </trkpt>
   <trkpt lat="29.1358300" lon="119.5379000">
    <ele>30.0</ele>
    <time>2022-02-24T12:44:20Z</time>
    <extensions>
     <gpxtpx:TrackPointExtension>
      <gpxtpx:hr>144</gpxtpx:hr>
      <gpxtpx:cad>86</gpxtpx:cad>
     </gpxtpx:TrackPointExtension>
    </extensions>
   </trkpt>
   <trkpt lat="29.1358600" lon="119.5379000">
    <ele>30.0</ele>
    <time>2022-02-24T12:44:21Z</time>
    <extensions>
     <gpxtpx:TrackPointExtension>
      <gpxtpx:hr>144</gpxtpx:hr>
      <gpxtpx:cad>86</gpxtpx:cad>
     </gpxtpx:TrackPointExtension>
    </extensions>
   </trkpt>
   <trkpt lat="29.1358850" lon="119.5379100">
    <ele>30.0</ele>
    <time>2022-02-24T12:44:22Z</time>
    <extensions>
     <gpxtpx:TrackPointExtension>
      <gpxtpx:hr>144</gpxtpx:hr>
      <gpxtpx:cad>86</gpxtpx:cad>
     </gpxtpx:TrackPointExtension>
    </extensions>
   </trkpt>
   <trkpt lat="29.1359120" lon="119.5379000">
    <ele>30.1</ele>
    <time>2022-02-24T12:44:23Z</time>
    <extensions>
     <gpxtpx:TrackPointExtension>
      <gpxtpx:hr>144</gpxtpx:hr>
      <gpxtpx:cad>86</gpxtpx:cad>
     </gpxtpx:TrackPointExtension>
    </extensions>
   </trkpt>
   <trkpt lat="29.1359390" lon="119.5379000">
    <ele>30.4</ele>
    <time>2022-02-24T12:44:24Z</time>
    <extensions>
     <gpxtpx:TrackPointExtension>
      <gpxtpx:hr>144</gpxtpx:hr>
      <gpxtpx:cad>86</gpxtpx:cad>
     </gpxtpx:TrackPointExtension>
    </extensions>
   </trkpt>
   <trkpt lat="29.1359670" lon="119.5379000">
    <ele>30.4</ele>
    <time>2022-02-24T12:44:25Z</time>
    <extensions>
     <gpxtpx:TrackPointExtension>
      <gpxtpx:hr>144</gpxtpx:hr>
      <gpxtpx:cad>86</gpxtpx:cad>
     </gpxtpx:TrackPointExtension>
    </extensions>
   </trkpt>
   <trkpt lat="29.1359920" lon="119.5379000">
    <ele>30.6</ele>
    <time>2022-02-24T12:44:26Z</time>
    <extensions>
     <gpxtpx:TrackPointExtension>
      <gpxtpx:hr>144</gpxtpx:hr>
      <gpxtpx:cad>86</gpxtpx:cad>
     </gpxtpx:TrackPointExtension>
    </extensions>
   </trkpt>
   <trkpt lat="29.1360190" lon="119.5379000">
    <ele>30.8</ele>
    <time>2022-02-24T12:44:27Z</time>
    <extensions>
     <gpxtpx:TrackPointExtension>
      <gpxtpx:hr>144</gpxtpx:hr>
      <gpxtpx:cad>86</gpxtpx:cad>
     </gpxtpx:TrackPointExtension>
    </extensions>
   </trkpt>
   <trkpt lat="29.1360420" lon="119.5378950">
    <ele>30.8</ele>
    <time>2022-02-24T12:44:28Z</time>
    <extensions>
     <gpxtpx:TrackPointExtension>
      <gpxtpx:hr>144</gpxtpx:hr>
      <gpxtpx:cad>86</gpxtpx:cad>
     </gpxtpx:TrackPointExtension>
    </extensions>
   </trkpt>
   <trkpt lat="29.1360680" lon="119.5378950">
    <ele>31.2</ele>
    <time>2022-02-24T12:44:29Z</time>
    <extensions>
     <gpxtpx:TrackPointExtension>
      <gpxtpx:hr>144</gpxtpx:hr>
      <gpxtpx:cad>86</gpxtpx:cad>
     </gpxtpx:TrackPointExtension>
    </extensions>
   </trkpt>
   <trkpt lat="29.1360910" lon="119.5378950">
    <ele>31.7</ele>
    <time>2022-02-24T12:44:30Z</time>
    <extensions>
     <gpxtpx:TrackPointExtension>
      <gpxtpx:hr>146</gpxtpx:hr>
      <gpxtpx:cad>86</gpxtpx:cad>
     </gpxtpx:TrackPointExtension>
    </extensions>
   </trkpt>
   <trkpt lat="29.1360910" lon="119.5378950">
    <ele>31.7</ele>
    <time>2022-02-24T12:44:30Z</time>
    <extensions>
     <gpxtpx:TrackPointExtension>
      <gpxtpx:hr>146</gpxtpx:hr>
      <gpxtpx:cad>87</gpxtpx:cad>
     </gpxtpx:TrackPointExtension>
    </extensions>
   </trkpt>
   <trkpt lat="29.1361100" lon="119.5378950">
    <ele>31.7</ele>
    <time>2022-02-24T12:44:31Z</time>
    <extensions>
     <gpxtpx:TrackPointExtension>
      <gpxtpx:hr>146</gpxtpx:hr>
      <gpxtpx:cad>87</gpxtpx:cad>
     </gpxtpx:TrackPointExtension>
    </extensions>
   </trkpt>
   <trkpt lat="29.1361310" lon="119.5378900">
    <ele>32.2</ele>
    <time>2022-02-24T12:44:32Z</time>
    <extensions>
     <gpxtpx:TrackPointExtension>
      <gpxtpx:hr>146</gpxtpx:hr>
      <gpxtpx:cad>87</gpxtpx:cad>
     </gpxtpx:TrackPointExtension>
    </extensions>
   </trkpt>
   <trkpt lat="29.1361540" lon="119.5378950">
    <ele>32.2</ele>
    <time>2022-02-24T12:44:33Z</time>
    <extensions>
     <gpxtpx:TrackPointExtension>
      <gpxtpx:hr>146</gpxtpx:hr>
      <gpxtpx:cad>87</gpxtpx:cad>
     </gpxtpx:TrackPointExtension>
    </extensions>
   </trkpt>
   <trkpt lat="29.1361750" lon="119.5378950">
    <ele>32.7</ele>
    <time>2022-02-24T12:44:34Z</time>
    <extensions>
     <gpxtpx:TrackPointExtension>
      <gpxtpx:hr>146</gpxtpx:hr>
      <gpxtpx:cad>87</gpxtpx:cad>
     </gpxtpx:TrackPointExtension>
    </extensions>
   </trkpt>
   <trkpt lat="29.1361900" lon="119.5378950">
    <ele>32.7</ele>
    <time>2022-02-24T12:44:35Z</time>
    <extensions>
     <gpxtpx:TrackPointExtension>
      <gpxtpx:hr>146</gpxtpx:hr>
      <gpxtpx:cad>87</gpxtpx:cad>
     </gpxtpx:TrackPointExtension>
    </extensions>
   </trkpt>
   <trkpt lat="29.1362060" lon="119.5379000">
    <ele>33.1</ele>
    <time>2022-02-24T12:44:36Z</time>
    <extensions>
     <gpxtpx:TrackPointExtension>
      <gpxtpx:hr>146</gpxtpx:hr>
      <gpxtpx:cad>87</gpxtpx:cad>
     </gpxtpx:TrackPointExtension>
    </extensions>
   </trkpt>
   <trkpt lat="29.1362230" lon="119.5379000">
    <ele>33.1</ele>
    <time>2022-02-24T12:44:37Z</time>
    <extensions>
     <gpxtpx:TrackPointExtension>
      <gpxtpx:hr>146</gpxtpx:hr>
      <gpxtpx:cad>87</gpxtpx:cad>
     </gpxtpx:TrackPointExtension>
    </extensions>
   </trkpt>
   <trkpt lat="29.1362440" lon="119.5379000">
    <ele>33.3</ele>
    <time>2022-02-24T12:44:38Z</time>
    <extensions>
     <gpxtpx:TrackPointExtension>
      <gpxtpx:hr>146</gpxtpx:hr>
      <gpxtpx:cad>87</gpxtpx:cad>
     </gpxtpx:TrackPointExtension>
    </extensions>
   </trkpt>
   <trkpt lat="29.1362690" lon="119.5379100">
    <ele>33.5</ele>
    <time>2022-02-24T12:44:39Z</time>
    <extensions>
     <gpxtpx:TrackPointExtension>
      <gpxtpx:hr>146</gpxtpx:hr>
      <gpxtpx:cad>87</gpxtpx:cad>
     </gpxtpx:TrackPointExtension>
    </extensions>
   </trkpt>
   <trkpt lat="29.1362920" lon="119.5379100">
    <ele>33.5</ele>
    <time>2022-02-24T12:44:40Z</time>
    <extensions>
     <gpxtpx:TrackPointExtension>
      <gpxtpx:hr>146</gpxtpx:hr>
      <gpxtpx:cad>84</gpxtpx:cad>
     </gpxtpx:TrackPointExtension>
    </extensions>
   </trkpt>
   <trkpt lat="29.1362920" lon="119.5379100">
    <ele>33.5</ele>
    <time>2022-02-24T12:44:40Z</time>
    <extensions>
     <gpxtpx:TrackPointExtension>
      <gpxtpx:hr>143</gpxtpx:hr>
      <gpxtpx:cad>84</gpxtpx:cad>
     </gpxtpx:TrackPointExtension>
    </extensions>
   </trkpt>
   <trkpt lat="29.1363160" lon="119.5379100">
    <ele>33.9</ele>
    <time>2022-02-24T12:44:41Z</time>
    <extensions>
     <gpxtpx:TrackPointExtension>
      <gpxtpx:hr>143</gpxtpx:hr>
      <gpxtpx:cad>84</gpxtpx:cad>
     </gpxtpx:TrackPointExtension>
    </extensions>
   </trkpt>
   <trkpt lat="29.1363450" lon="119.5379100">
    <ele>34.0</ele>
    <time>2022-02-24T12:44:42Z</time>
    <extensions>
     <gpxtpx:TrackPointExtension>
      <gpxtpx:hr>143</gpxtpx:hr>
      <gpxtpx:cad>84</gpxtpx:cad>
     </gpxtpx:TrackPointExtension>
    </extensions>
   </trkpt>
   <trkpt lat="29.1363700" lon="119.5379200">
    <ele>34.0</ele>
    <time>2022-02-24T12:44:43Z</time>
    <extensions>
     <gpxtpx:TrackPointExtension>
      <gpxtpx:hr>143</gpxtpx:hr>
      <gpxtpx:cad>84</gpxtpx:cad>
     </gpxtpx:TrackPointExtension>
    </extensions>
   </trkpt>
   <trkpt lat="29.1363960" lon="119.5379200">
    <ele>34.0</ele>
    <time>2022-02-24T12:44:44Z</time>
    <extensions>
     <gpxtpx:TrackPointExtension>
      <gpxtpx:hr>143</gpxtpx:hr>
      <gpxtpx:cad>84</gpxtpx:cad>
     </gpxtpx:TrackPointExtension>
    </extensions>
   </trkpt>
   <trkpt lat="29.1364210" lon="119.5379200">
    <ele>34.0</ele>
    <time>2022-02-24T12:44:45Z</time>
    <extensions>
     <gpxtpx:TrackPointExtension>
      <gpxtpx:hr>143</gpxtpx:hr>
      <gpxtpx:cad>84</gpxtpx:cad>
     </gpxtpx:TrackPointExtension>
    </extensions>
   </trkpt>
   <trkpt lat="29.1364500" lon="119.5379200">
    <ele>34.0</ele>
    <time>2022-02-24T12:44:46Z</time>
    <extensions>
     <gpxtpx:TrackPointExtension>
      <gpxtpx:hr>143</gpxtpx:hr>
      <gpxtpx:cad>84</gpxtpx:cad>
     </gpxtpx:TrackPointExtension>
    </extensions>
   </trkpt>
   <trkpt lat="29.1364750" lon="119.5379260">
    <ele>34.0</ele>
    <time>2022-02-24T12:44:47Z</time>
    <extensions>
     <gpxtpx:TrackPointExtension>
      <gpxtpx:hr>143</gpxtpx:hr>
      <gpxtpx:cad>84</gpxtpx:cad>
     </gpxtpx:TrackPointExtension>
    </extensions>
   </trkpt>
   <trkpt lat="29.1365030" lon="119.5379260">
    <ele>33.9</ele>
    <time>2022-02-24T12:44:48Z</time>
    <extensions>
     <gpxtpx:TrackPointExtension>
      <gpxtpx:hr>143</gpxtpx:hr>
      <gpxtpx:cad>84</gpxtpx:cad>
     </gpxtpx:TrackPointExtension>
    </extensions>
   </trkpt>
   <trkpt lat="29.1365340" lon="119.5379260">
    <ele>33.6</ele>
    <time>2022-02-24T12:44:49Z</time>
    <extensions>
     <gpxtpx:TrackPointExtension>
      <gpxtpx:hr>144</gpxtpx:hr>
      <gpxtpx:cad>84</gpxtpx:cad>
     </gpxtpx:TrackPointExtension>
    </extensions>
   </trkpt>
   <trkpt lat="29.1365660" lon="119.5379260">
    <ele>33.6</ele>
    <time>2022-02-24T12:44:50Z</time>
    <extensions>
     <gpxtpx:TrackPointExtension>
      <gpxtpx:hr>144</gpxtpx:hr>
      <gpxtpx:cad>87</gpxtpx:cad>
     </gpxtpx:TrackPointExtension>
    </extensions>
   </trkpt>
   <trkpt lat="29.1365950" lon="119.5379200">
    <ele>33.4</ele>
    <time>2022-02-24T12:44:51Z</time>
    <extensions>
     <gpxtpx:TrackPointExtension>
      <gpxtpx:hr>144</gpxtpx:hr>
      <gpxtpx:cad>87</gpxtpx:cad>
     </gpxtpx:TrackPointExtension>
    </extensions>
   </trkpt>
   <trkpt lat="29.1366230" lon="119.5379200">
    <ele>33.1</ele>
    <time>2022-02-24T12:44:52Z</time>
    <extensions>
     <gpxtpx:TrackPointExtension>
      <gpxtpx:hr>144</gpxtpx:hr>
      <gpxtpx:cad>87</gpxtpx:cad>
     </gpxtpx:TrackPointExtension>
    </extensions>
   </trkpt>
   <trkpt lat="29.1366500" lon="119.5379200">
    <ele>33.0</ele>
    <time>2022-02-24T12:44:53Z</time>
    <extensions>
     <gpxtpx:TrackPointExtension>
      <gpxtpx:hr>144</gpxtpx:hr>
      <gpxtpx:cad>87</gpxtpx:cad>
     </gpxtpx:TrackPointExtension>
    </extensions>
   </trkpt>
   <trkpt lat="29.1366770" lon="119.5379260">
    <ele>33.0</ele>
    <time>2022-02-24T12:44:54Z</time>
    <extensions>
     <gpxtpx:TrackPointExtension>
      <gpxtpx:hr>144</gpxtpx:hr>
      <gpxtpx:cad>87</gpxtpx:cad>
     </gpxtpx:TrackPointExtension>
    </extensions>
   </trkpt>
   <trkpt lat="29.1367030" lon="119.5379260">
    <ele>33.0</ele>
    <time>2022-02-24T12:44:55Z</time>
    <extensions>
     <gpxtpx:TrackPointExtension>
      <gpxtpx:hr>144</gpxtpx:hr>
      <gpxtpx:cad>87</gpxtpx:cad>
     </gpxtpx:TrackPointExtension>
    </extensions>
   </trkpt>
   <trkpt lat="29.1367260" lon="119.5379260">
    <ele>33.0</ele>
    <time>2022-02-24T12:44:56Z</time>
    <extensions>
     <gpxtpx:TrackPointExtension>
      <gpxtpx:hr>144</gpxtpx:hr>
      <gpxtpx:cad>87</gpxtpx:cad>
     </gpxtpx:TrackPointExtension>
    </extensions>
   </trkpt>
   <trkpt lat="29.1367500" lon="119.5379300">
    <ele>33.0</ele>
    <time>2022-02-24T12:44:57Z</time>
    <extensions>
     <gpxtpx:TrackPointExtension>
      <gpxtpx:hr>144</gpxtpx:hr>
      <gpxtpx:cad>87</gpxtpx:cad>
     </gpxtpx:TrackPointExtension>
    </extensions>
   </trkpt>
   <trkpt lat="29.1367780" lon="119.5379300">
    <ele>33.0</ele>
    <time>2022-02-24T12:44:58Z</time>
    <extensions>
     <gpxtpx:TrackPointExtension>
      <gpxtpx:hr>144</gpxtpx:hr>
      <gpxtpx:cad>87</gpxtpx:cad>
     </gpxtpx:TrackPointExtension>
    </extensions>
   </trkpt>
   <trkpt lat="29.1368050" lon="119.5379400">
    <ele>32.9</ele>
    <time>2022-02-24T12:44:59Z</time>
    <extensions>
     <gpxtpx:TrackPointExtension>
      <gpxtpx:hr>148</gpxtpx:hr>
      <gpxtpx:cad>87</gpxtpx:cad>
     </gpxtpx:TrackPointExtension>
    </extensions>
   </trkpt>
   <trkpt lat="29.1368270" lon="119.5379400">
    <ele>32.9</ele>
    <time>2022-02-24T12:45:00Z</time>
    <extensions>
     <gpxtpx:TrackPointExtension>
      <gpxtpx:hr>148</gpxtpx:hr>
      <gpxtpx:cad>87</gpxtpx:cad>
     </gpxtpx:TrackPointExtension>
    </extensions>
   </trkpt>
   <trkpt lat="29.1368500" lon="119.5379400">
    <ele>32.6</ele>
    <time>2022-02-24T12:45:01Z</time>
    <extensions>
     <gpxtpx:TrackPointExtension>
      <gpxtpx:hr>148</gpxtpx:hr>
      <gpxtpx:cad>87</gpxtpx:cad>
     </gpxtpx:TrackPointExtension>
    </extensions>
   </trkpt>
   <trkpt lat="29.1368770" lon="119.5379400">
    <ele>32.4</ele>
    <time>2022-02-24T12:45:02Z</time>
    <extensions>
     <gpxtpx:TrackPointExtension>
      <gpxtpx:hr>148</gpxtpx:hr>
      <gpxtpx:cad>87</gpxtpx:cad>
     </gpxtpx:TrackPointExtension>
    </extensions>
   </trkpt>
   <trkpt lat="29.1369000" lon="119.5379500">
    <ele>32.4</ele>
    <time>2022-02-24T12:45:03Z</time>
    <extensions>
     <gpxtpx:TrackPointExtension>
      <gpxtpx:hr>148</gpxtpx:hr>
      <gpxtpx:cad>87</gpxtpx:cad>
     </gpxtpx:TrackPointExtension>
    </extensions>
   </trkpt>
   <trkpt lat="29.1369170" lon="119.5379500">
    <ele>32.1</ele>
    <time>2022-02-24T12:45:04Z</time>
    <extensions>
     <gpxtpx:TrackPointExtension>
      <gpxtpx:hr>148</gpxtpx:hr>
      <gpxtpx:cad>87</gpxtpx:cad>
     </gpxtpx:TrackPointExtension>
    </extensions>
   </trkpt>
   <trkpt lat="29.1369380" lon="119.5379500">
    <ele>32.1</ele>
    <time>2022-02-24T12:45:05Z</time>
    <extensions>
     <gpxtpx:TrackPointExtension>
      <gpxtpx:hr>148</gpxtpx:hr>
      <gpxtpx:cad>87</gpxtpx:cad>
     </gpxtpx:TrackPointExtension>
    </extensions>
   </trkpt>
   <trkpt lat="29.1369610" lon="119.5379500">
    <ele>32.0</ele>
    <time>2022-02-24T12:45:06Z</time>
    <extensions>
     <gpxtpx:TrackPointExtension>
      <gpxtpx:hr>148</gpxtpx:hr>
      <gpxtpx:cad>87</gpxtpx:cad>
     </gpxtpx:TrackPointExtension>
    </extensions>
   </trkpt>
   <trkpt lat="29.1369880" lon="119.5379500">
    <ele>32.0</ele>
    <time>2022-02-24T12:45:07Z</time>
    <extensions>
     <gpxtpx:TrackPointExtension>
      <gpxtpx:hr>148</gpxtpx:hr>
      <gpxtpx:cad>87</gpxtpx:cad>
     </gpxtpx:TrackPointExtension>
    </extensions>
   </trkpt>
   <trkpt lat="29.1370140" lon="119.5379500">
    <ele>32.0</ele>
    <time>2022-02-24T12:45:08Z</time>
    <extensions>
     <gpxtpx:TrackPointExtension>
      <gpxtpx:hr>148</gpxtpx:hr>
      <gpxtpx:cad>87</gpxtpx:cad>
     </gpxtpx:TrackPointExtension>
    </extensions>
   </trkpt>
   <trkpt lat="29.1370430" lon="119.5379500">
    <ele>32.0</ele>
    <time>2022-02-24T12:45:09Z</time>
    <extensions>
     <gpxtpx:TrackPointExtension>
      <gpxtpx:hr>148</gpxtpx:hr>
      <gpxtpx:cad>87</gpxtpx:cad>
     </gpxtpx:TrackPointExtension>
    </extensions>
   </trkpt>
   <trkpt lat="29.1370680" lon="119.5379500">
    <ele>32.0</ele>
    <time>2022-02-24T12:45:10Z</time>
    <extensions>
     <gpxtpx:TrackPointExtension>
      <gpxtpx:hr>148</gpxtpx:hr>
      <gpxtpx:cad>86</gpxtpx:cad>
     </gpxtpx:TrackPointExtension>
    </extensions>
   </trkpt>
   <trkpt lat="29.1370900" lon="119.5379500">
    <ele>32.0</ele>
    <time>2022-02-24T12:45:11Z</time>
    <extensions>
     <gpxtpx:TrackPointExtension>
      <gpxtpx:hr>148</gpxtpx:hr>
      <gpxtpx:cad>86</gpxtpx:cad>
     </gpxtpx:TrackPointExtension>
    </extensions>
   </trkpt>
   <trkpt lat="29.1371150" lon="119.5379500">
    <ele>31.9</ele>
    <time>2022-02-24T12:45:12Z</time>
    <extensions>
     <gpxtpx:TrackPointExtension>
      <gpxtpx:hr>148</gpxtpx:hr>
      <gpxtpx:cad>86</gpxtpx:cad>
     </gpxtpx:TrackPointExtension>
    </extensions>
   </trkpt>
   <trkpt lat="29.1371460" lon="119.5379500">
    <ele>31.8</ele>
    <time>2022-02-24T12:45:13Z</time>
    <extensions>
     <gpxtpx:TrackPointExtension>
      <gpxtpx:hr>148</gpxtpx:hr>
      <gpxtpx:cad>86</gpxtpx:cad>
     </gpxtpx:TrackPointExtension>
    </extensions>
   </trkpt>
   <trkpt lat="29.1371700" lon="119.5379500">
    <ele>31.6</ele>
    <time>2022-02-24T12:45:14Z</time>
    <extensions>
     <gpxtpx:TrackPointExtension>
      <gpxtpx:hr>148</gpxtpx:hr>
      <gpxtpx:cad>86</gpxtpx:cad>
     </gpxtpx:TrackPointExtension>
    </extensions>
   </trkpt>
   <trkpt lat="29.1371940" lon="119.5379500">
    <ele>31.6</ele>
    <time>2022-02-24T12:45:15Z</time>
    <extensions>
     <gpxtpx:TrackPointExtension>
      <gpxtpx:hr>148</gpxtpx:hr>
      <gpxtpx:cad>86</gpxtpx:cad>
     </gpxtpx:TrackPointExtension>
    </extensions>
   </trkpt>
   <trkpt lat="29.1372260" lon="119.5379400">
    <ele>31.7</ele>
    <time>2022-02-24T12:45:16Z</time>
    <extensions>
     <gpxtpx:TrackPointExtension>
      <gpxtpx:hr>148</gpxtpx:hr>
      <gpxtpx:cad>86</gpxtpx:cad>
     </gpxtpx:TrackPointExtension>
    </extensions>
   </trkpt>
   <trkpt lat="29.1372500" lon="119.5379400">
    <ele>31.6</ele>
    <time>2022-02-24T12:45:17Z</time>
    <extensions>
     <gpxtpx:TrackPointExtension>
      <gpxtpx:hr>148</gpxtpx:hr>
      <gpxtpx:cad>86</gpxtpx:cad>
     </gpxtpx:TrackPointExtension>
    </extensions>
   </trkpt>
   <trkpt lat="29.1372780" lon="119.5379400">
    <ele>31.6</ele>
    <time>2022-02-24T12:45:18Z</time>
    <extensions>
     <gpxtpx:TrackPointExtension>
      <gpxtpx:hr>148</gpxtpx:hr>
      <gpxtpx:cad>86</gpxtpx:cad>
     </gpxtpx:TrackPointExtension>
    </extensions>
   </trkpt>
   <trkpt lat="29.1373040" lon="119.5379400">
    <ele>31.6</ele>
    <time>2022-02-24T12:45:19Z</time>
    <extensions>
     <gpxtpx:TrackPointExtension>
      <gpxtpx:hr>150</gpxtpx:hr>
      <gpxtpx:cad>86</gpxtpx:cad>
     </gpxtpx:TrackPointExtension>
    </extensions>
   </trkpt>
   <trkpt lat="29.1373310" lon="119.5379400">
    <ele>31.6</ele>
    <time>2022-02-24T12:45:20Z</time>
    <extensions>
     <gpxtpx:TrackPointExtension>
      <gpxtpx:hr>150</gpxtpx:hr>
      <gpxtpx:cad>83</gpxtpx:cad>
     </gpxtpx:TrackPointExtension>
    </extensions>
   </trkpt>
   <trkpt lat="29.1373560" lon="119.5379400">
    <ele>31.6</ele>
    <time>2022-02-24T12:45:21Z</time>
    <extensions>
     <gpxtpx:TrackPointExtension>
      <gpxtpx:hr>150</gpxtpx:hr>
      <gpxtpx:cad>83</gpxtpx:cad>
     </gpxtpx:TrackPointExtension>
    </extensions>
   </trkpt>
   <trkpt lat="29.1373790" lon="119.5379400">
    <ele>31.6</ele>
    <time>2022-02-24T12:45:22Z</time>
    <extensions>
     <gpxtpx:TrackPointExtension>
      <gpxtpx:hr>150</gpxtpx:hr>
      <gpxtpx:cad>83</gpxtpx:cad>
     </gpxtpx:TrackPointExtension>
    </extensions>
   </trkpt>
   <trkpt lat="29.1374030" lon="119.5379400">
    <ele>31.6</ele>
    <time>2022-02-24T12:45:23Z</time>
    <extensions>
     <gpxtpx:TrackPointExtension>
      <gpxtpx:hr>150</gpxtpx:hr>
      <gpxtpx:cad>83</gpxtpx:cad>
     </gpxtpx:TrackPointExtension>
    </extensions>
   </trkpt>
   <trkpt lat="29.1374300" lon="119.5379400">
    <ele>31.6</ele>
    <time>2022-02-24T12:45:24Z</time>
    <extensions>
     <gpxtpx:TrackPointExtension>
      <gpxtpx:hr>150</gpxtpx:hr>
      <gpxtpx:cad>83</gpxtpx:cad>
     </gpxtpx:TrackPointExtension>
    </extensions>
   </trkpt>
   <trkpt lat="29.1374590" lon="119.5379400">
    <ele>31.6</ele>
    <time>2022-02-24T12:45:25Z</time>
    <extensions>
     <gpxtpx:TrackPointExtension>
      <gpxtpx:hr>150</gpxtpx:hr>
      <gpxtpx:cad>83</gpxtpx:cad>
     </gpxtpx:TrackPointExtension>
    </extensions>
   </trkpt>
   <trkpt lat="29.1374840" lon="119.5379500">
    <ele>31.4</ele>
    <time>2022-02-24T12:45:26Z</time>
    <extensions>
     <gpxtpx:TrackPointExtension>
      <gpxtpx:hr>150</gpxtpx:hr>
      <gpxtpx:cad>83</gpxtpx:cad>
     </gpxtpx:TrackPointExtension>
    </extensions>
   </trkpt>
   <trkpt lat="29.1375030" lon="119.5379500">
    <ele>31.4</ele>
    <time>2022-02-24T12:45:27Z</time>
    <extensions>
     <gpxtpx:TrackPointExtension>
      <gpxtpx:hr>150</gpxtpx:hr>
      <gpxtpx:cad>83</gpxtpx:cad>
     </gpxtpx:TrackPointExtension>
    </extensions>
   </trkpt>
   <trkpt lat="29.1375270" lon="119.5379500">
    <ele>31.4</ele>
    <time>2022-02-24T12:45:28Z</time>
    <extensions>
     <gpxtpx:TrackPointExtension>
      <gpxtpx:hr>150</gpxtpx:hr>
      <gpxtpx:cad>83</gpxtpx:cad>
     </gpxtpx:TrackPointExtension>
    </extensions>
   </trkpt>
   <trkpt lat="29.1375540" lon="119.5379500">
    <ele>31.5</ele>
    <time>2022-02-24T12:45:29Z</time>
    <extensions>
     <gpxtpx:TrackPointExtension>
      <gpxtpx:hr>154</gpxtpx:hr>
      <gpxtpx:cad>83</gpxtpx:cad>
     </gpxtpx:TrackPointExtension>
    </extensions>
   </trkpt>
   <trkpt lat="29.1375800" lon="119.5379500">
    <ele>31.5</ele>
    <time>2022-02-24T12:45:30Z</time>
    <extensions>
     <gpxtpx:TrackPointExtension>
      <gpxtpx:hr>154</gpxtpx:hr>
      <gpxtpx:cad>89</gpxtpx:cad>
     </gpxtpx:TrackPointExtension>
    </extensions>
   </trkpt>
   <trkpt lat="29.1376080" lon="119.5379500">
    <ele>31.6</ele>
    <time>2022-02-24T12:45:31Z</time>
    <extensions>
     <gpxtpx:TrackPointExtension>
      <gpxtpx:hr>154</gpxtpx:hr>
      <gpxtpx:cad>89</gpxtpx:cad>
     </gpxtpx:TrackPointExtension>
    </extensions>
   </trkpt>
   <trkpt lat="29.1376360" lon="119.5379500">
    <ele>31.8</ele>
    <time>2022-02-24T12:45:32Z</time>
    <extensions>
     <gpxtpx:TrackPointExtension>
      <gpxtpx:hr>154</gpxtpx:hr>
      <gpxtpx:cad>89</gpxtpx:cad>
     </gpxtpx:TrackPointExtension>
    </extensions>
   </trkpt>
   <trkpt lat="29.1376600" lon="119.5379600">
    <ele>31.9</ele>
    <time>2022-02-24T12:45:33Z</time>
    <extensions>
     <gpxtpx:TrackPointExtension>
      <gpxtpx:hr>154</gpxtpx:hr>
      <gpxtpx:cad>89</gpxtpx:cad>
     </gpxtpx:TrackPointExtension>
    </extensions>
   </trkpt>
   <trkpt lat="29.1376860" lon="119.5379600">
    <ele>31.9</ele>
    <time>2022-02-24T12:45:34Z</time>
    <extensions>
     <gpxtpx:TrackPointExtension>
      <gpxtpx:hr>154</gpxtpx:hr>
      <gpxtpx:cad>89</gpxtpx:cad>
     </gpxtpx:TrackPointExtension>
    </extensions>
   </trkpt>
   <trkpt lat="29.1377090" lon="119.5379640">
    <ele>32.0</ele>
    <time>2022-02-24T12:45:35Z</time>
    <extensions>
     <gpxtpx:TrackPointExtension>
      <gpxtpx:hr>154</gpxtpx:hr>
      <gpxtpx:cad>89</gpxtpx:cad>
     </gpxtpx:TrackPointExtension>
    </extensions>
   </trkpt>
   <trkpt lat="29.1377400" lon="119.5379640">
    <ele>32.0</ele>
    <time>2022-02-24T12:45:36Z</time>
    <extensions>
     <gpxtpx:TrackPointExtension>
      <gpxtpx:hr>154</gpxtpx:hr>
      <gpxtpx:cad>89</gpxtpx:cad>
     </gpxtpx:TrackPointExtension>
    </extensions>
   </trkpt>
   <trkpt lat="29.1377620" lon="119.5379640">
    <ele>32.0</ele>
    <time>2022-02-24T12:45:37Z</time>
    <extensions>
     <gpxtpx:TrackPointExtension>
      <gpxtpx:hr>154</gpxtpx:hr>
      <gpxtpx:cad>89</gpxtpx:cad>
     </gpxtpx:TrackPointExtension>
    </extensions>
   </trkpt>
   <trkpt lat="29.1377930" lon="119.5379640">
    <ele>32.0</ele>
    <time>2022-02-24T12:45:38Z</time>
    <extensions>
     <gpxtpx:TrackPointExtension>
      <gpxtpx:hr>154</gpxtpx:hr>
      <gpxtpx:cad>89</gpxtpx:cad>
     </gpxtpx:TrackPointExtension>
    </extensions>
   </trkpt>
   <trkpt lat="29.1378150" lon="119.5379700">
    <ele>32.0</ele>
    <time>2022-02-24T12:45:39Z</time>
    <extensions>
     <gpxtpx:TrackPointExtension>
      <gpxtpx:hr>155</gpxtpx:hr>
      <gpxtpx:cad>89</gpxtpx:cad>
     </gpxtpx:TrackPointExtension>
    </extensions>
   </trkpt>
   <trkpt lat="29.1378360" lon="119.5379700">
    <ele>32.0</ele>
    <time>2022-02-24T12:45:40Z</time>
    <extensions>
     <gpxtpx:TrackPointExtension>
      <gpxtpx:hr>155</gpxtpx:hr>
      <gpxtpx:cad>89</gpxtpx:cad>
     </gpxtpx:TrackPointExtension>
    </extensions>
   </trkpt>
   <trkpt lat="29.1378560" lon="119.5379700">
    <ele>32.0</ele>
    <time>2022-02-24T12:45:41Z</time>
    <extensions>
     <gpxtpx:TrackPointExtension>
      <gpxtpx:hr>155</gpxtpx:hr>
      <gpxtpx:cad>89</gpxtpx:cad>
     </gpxtpx:TrackPointExtension>
    </extensions>
   </trkpt>
   <trkpt lat="29.1378780" lon="119.5379800">
    <ele>32.0</ele>
    <time>2022-02-24T12:45:42Z</time>
    <extensions>
     <gpxtpx:TrackPointExtension>
      <gpxtpx:hr>155</gpxtpx:hr>
      <gpxtpx:cad>89</gpxtpx:cad>
     </gpxtpx:TrackPointExtension>
    </extensions>
   </trkpt>
   <trkpt lat="29.1378940" lon="119.5379800">
    <ele>32.1</ele>
    <time>2022-02-24T12:45:43Z</time>
    <extensions>
     <gpxtpx:TrackPointExtension>
      <gpxtpx:hr>155</gpxtpx:hr>
      <gpxtpx:cad>89</gpxtpx:cad>
     </gpxtpx:TrackPointExtension>
    </extensions>
   </trkpt>
   <trkpt lat="29.1379130" lon="119.5379900">
    <ele>32.1</ele>
    <time>2022-02-24T12:45:44Z</time>
    <extensions>
     <gpxtpx:TrackPointExtension>
      <gpxtpx:hr>155</gpxtpx:hr>
      <gpxtpx:cad>89</gpxtpx:cad>
     </gpxtpx:TrackPointExtension>
    </extensions>
   </trkpt>
   <trkpt lat="29.1379340" lon="119.5379900">
    <ele>32.1</ele>
    <time>2022-02-24T12:45:45Z</time>
    <extensions>
     <gpxtpx:TrackPointExtension>
      <gpxtpx:hr>155</gpxtpx:hr>
      <gpxtpx:cad>89</gpxtpx:cad>
     </gpxtpx:TrackPointExtension>
    </extensions>
   </trkpt>
   <trkpt lat="29.1379600" lon="119.5379940">
    <ele>32.1</ele>
    <time>2022-02-24T12:45:46Z</time>
    <extensions>
     <gpxtpx:TrackPointExtension>
      <gpxtpx:hr>155</gpxtpx:hr>
      <gpxtpx:cad>89</gpxtpx:cad>
     </gpxtpx:TrackPointExtension>
    </extensions>
   </trkpt>
   <trkpt lat="29.1379870" lon="119.5379940">
    <ele>32.1</ele>
    <time>2022-02-24T12:45:47Z</time>
    <extensions>
     <gpxtpx:TrackPointExtension>
      <gpxtpx:hr>155</gpxtpx:hr>
      <gpxtpx:cad>89</gpxtpx:cad>
     </gpxtpx:TrackPointExtension>
    </extensions>
   </trkpt>
   <trkpt lat="29.1380080" lon="119.5379940">
    <ele>32.1</ele>
    <time>2022-02-24T12:45:48Z</time>
    <extensions>
     <gpxtpx:TrackPointExtension>
      <gpxtpx:hr>155</gpxtpx:hr>
      <gpxtpx:cad>89</gpxtpx:cad>
     </gpxtpx:TrackPointExtension>
    </extensions>
   </trkpt>
   <trkpt lat="29.1380270" lon="119.5380000">
    <ele>32.1</ele>
    <time>2022-02-24T12:45:49Z</time>
    <extensions>
     <gpxtpx:TrackPointExtension>
      <gpxtpx:hr>154</gpxtpx:hr>
      <gpxtpx:cad>89</gpxtpx:cad>
     </gpxtpx:TrackPointExtension>
    </extensions>
   </trkpt>
   <trkpt lat="29.1380500" lon="119.5380100">
    <ele>32.1</ele>
    <time>2022-02-24T12:45:50Z</time>
    <extensions>
     <gpxtpx:TrackPointExtension>
      <gpxtpx:hr>154</gpxtpx:hr>
      <gpxtpx:cad>75</gpxtpx:cad>
     </gpxtpx:TrackPointExtension>
    </extensions>
   </trkpt>
   <trkpt lat="29.1380730" lon="119.5380200">
    <ele>32.1</ele>
    <time>2022-02-24T12:45:51Z</time>
    <extensions>
     <gpxtpx:TrackPointExtension>
      <gpxtpx:hr>154</gpxtpx:hr>
      <gpxtpx:cad>75</gpxtpx:cad>
     </gpxtpx:TrackPointExtension>
    </extensions>
   </trkpt>
   <trkpt lat="29.1380940" lon="119.5380250">
    <ele>32.1</ele>
    <time>2022-02-24T12:45:52Z</time>
    <extensions>
     <gpxtpx:TrackPointExtension>
      <gpxtpx:hr>154</gpxtpx:hr>
      <gpxtpx:cad>75</gpxtpx:cad>
     </gpxtpx:TrackPointExtension>
    </extensions>
   </trkpt>
   <trkpt lat="29.1381170" lon="119.5380250">
    <ele>32.1</ele>
    <time>2022-02-24T12:45:53Z</time>
    <extensions>
     <gpxtpx:TrackPointExtension>
      <gpxtpx:hr>154</gpxtpx:hr>
      <gpxtpx:cad>75</gpxtpx:cad>
     </gpxtpx:TrackPointExtension>
    </extensions>
   </trkpt>
   <trkpt lat="29.1381380" lon="119.5380300">
    <ele>32.1</ele>
    <time>2022-02-24T12:45:54Z</time>
    <extensions>
     <gpxtpx:TrackPointExtension>
      <gpxtpx:hr>154</gpxtpx:hr>
      <gpxtpx:cad>75</gpxtpx:cad>
     </gpxtpx:TrackPointExtension>
    </extensions>
   </trkpt>
   <trkpt lat="29.1381590" lon="119.5380400">
    <ele>32.0</ele>
    <time>2022-02-24T12:45:55Z</time>
    <extensions>
     <gpxtpx:TrackPointExtension>
      <gpxtpx:hr>154</gpxtpx:hr>
      <gpxtpx:cad>75</gpxtpx:cad>
     </gpxtpx:TrackPointExtension>
    </extensions>
   </trkpt>
   <trkpt lat="29.1381800" lon="119.5380500">
    <ele>32.0</ele>
    <time>2022-02-24T12:45:56Z</time>
    <extensions>
     <gpxtpx:TrackPointExtension>
      <gpxtpx:hr>154</gpxtpx:hr>
      <gpxtpx:cad>75</gpxtpx:cad>
     </gpxtpx:TrackPointExtension>
    </extensions>
   </trkpt>
   <trkpt lat="29.1382030" lon="119.5380550">
    <ele>32.3</ele>
    <time>2022-02-24T12:45:57Z</time>
    <extensions>
     <gpxtpx:TrackPointExtension>
      <gpxtpx:hr>154</gpxtpx:hr>
      <gpxtpx:cad>75</gpxtpx:cad>
     </gpxtpx:TrackPointExtension>
    </extensions>
   </trkpt>
   <trkpt lat="29.1382240" lon="119.5380550">
    <ele>32.5</ele>
    <time>2022-02-24T12:45:58Z</time>
    <extensions>
     <gpxtpx:TrackPointExtension>
      <gpxtpx:hr>154</gpxtpx:hr>
      <gpxtpx:cad>75</gpxtpx:cad>
     </gpxtpx:TrackPointExtension>
    </extensions>
   </trkpt>
   <trkpt lat="29.1382470" lon="119.5380600">
    <ele>32.5</ele>
    <time>2022-02-24T12:45:59Z</time>
    <extensions>
     <gpxtpx:TrackPointExtension>
      <gpxtpx:hr>155</gpxtpx:hr>
      <gpxtpx:cad>75</gpxtpx:cad>
     </gpxtpx:TrackPointExtension>
    </extensions>
   </trkpt>
   <trkpt lat="29.1382700" lon="119.5380700">
    <ele>32.8</ele>
    <time>2022-02-24T12:46:00Z</time>
    <extensions>
     <gpxtpx:TrackPointExtension>
      <gpxtpx:hr>155</gpxtpx:hr>
      <gpxtpx:cad>87</gpxtpx:cad>
     </gpxtpx:TrackPointExtension>
    </extensions>
   </trkpt>
   <trkpt lat="29.1382920" lon="119.5380700">
    <ele>32.8</ele>
    <time>2022-02-24T12:46:01Z</time>
    <extensions>
     <gpxtpx:TrackPointExtension>
      <gpxtpx:hr>155</gpxtpx:hr>
      <gpxtpx:cad>87</gpxtpx:cad>
     </gpxtpx:TrackPointExtension>
    </extensions>
   </trkpt>
   <trkpt lat="29.1383150" lon="119.5380800">
    <ele>32.8</ele>
    <time>2022-02-24T12:46:02Z</time>
    <extensions>
     <gpxtpx:TrackPointExtension>
      <gpxtpx:hr>155</gpxtpx:hr>
      <gpxtpx:cad>87</gpxtpx:cad>
     </gpxtpx:TrackPointExtension>
    </extensions>
   </trkpt>
   <trkpt lat="29.1383340" lon="119.5380860">
    <ele>33.0</ele>
    <time>2022-02-24T12:46:03Z</time>
    <extensions>
     <gpxtpx:TrackPointExtension>
      <gpxtpx:hr>155</gpxtpx:hr>
      <gpxtpx:cad>87</gpxtpx:cad>
     </gpxtpx:TrackPointExtension>
    </extensions>
   </trkpt>
   <trkpt lat="29.1383600" lon="119.5380900">
    <ele>33.0</ele>
    <time>2022-02-24T12:46:04Z</time>
    <extensions>
     <gpxtpx:TrackPointExtension>
      <gpxtpx:hr>155</gpxtpx:hr>
      <gpxtpx:cad>87</gpxtpx:cad>
     </gpxtpx:TrackPointExtension>
    </extensions>
   </trkpt>
   <trkpt lat="29.1383840" lon="119.5381000">
    <ele>33.3</ele>
    <time>2022-02-24T12:46:05Z</time>
    <extensions>
     <gpxtpx:TrackPointExtension>
      <gpxtpx:hr>155</gpxtpx:hr>
      <gpxtpx:cad>87</gpxtpx:cad>
     </gpxtpx:TrackPointExtension>
    </extensions>
   </trkpt>
   <trkpt lat="29.1384030" lon="119.5381100">
    <ele>33.3</ele>
    <time>2022-02-24T12:46:06Z</time>
    <extensions>
     <gpxtpx:TrackPointExtension>
      <gpxtpx:hr>155</gpxtpx:hr>
      <gpxtpx:cad>87</gpxtpx:cad>
     </gpxtpx:TrackPointExtension>
    </extensions>
   </trkpt>
   <trkpt lat="29.1384260" lon="119.5381240">
    <ele>33.3</ele>
    <time>2022-02-24T12:46:07Z</time>
    <extensions>
     <gpxtpx:TrackPointExtension>
      <gpxtpx:hr>155</gpxtpx:hr>
      <gpxtpx:cad>87</gpxtpx:cad>
     </gpxtpx:TrackPointExtension>
    </extensions>
   </trkpt>
   <trkpt lat="29.1384490" lon="119.5381300">
    <ele>33.5</ele>
    <time>2022-02-24T12:46:08Z</time>
    <extensions>
     <gpxtpx:TrackPointExtension>
      <gpxtpx:hr>155</gpxtpx:hr>
      <gpxtpx:cad>87</gpxtpx:cad>
     </gpxtpx:TrackPointExtension>
    </extensions>
   </trkpt>
   <trkpt lat="29.1384720" lon="119.5381300">
    <ele>33.5</ele>
    <time>2022-02-24T12:46:09Z</time>
    <extensions>
     <gpxtpx:TrackPointExtension>
      <gpxtpx:hr>155</gpxtpx:hr>
      <gpxtpx:cad>87</gpxtpx:cad>
     </gpxtpx:TrackPointExtension>
    </extensions>
   </trkpt>
   <trkpt lat="29.1384940" lon="119.5381400">
    <ele>33.6</ele>
    <time>2022-02-24T12:46:10Z</time>
    <extensions>
     <gpxtpx:TrackPointExtension>
      <gpxtpx:hr>153</gpxtpx:hr>
      <gpxtpx:cad>87</gpxtpx:cad>
     </gpxtpx:TrackPointExtension>
    </extensions>
   </trkpt>
   <trkpt lat="29.1384940" lon="119.5381400">
    <ele>33.6</ele>
    <time>2022-02-24T12:46:10Z</time>
    <extensions>
     <gpxtpx:TrackPointExtension>
      <gpxtpx:hr>153</gpxtpx:hr>
      <gpxtpx:cad>87</gpxtpx:cad>
     </gpxtpx:TrackPointExtension>
    </extensions>
   </trkpt>
   <trkpt lat="29.1385150" lon="119.5381500">
    <ele>33.6</ele>
    <time>2022-02-24T12:46:11Z</time>
    <extensions>
     <gpxtpx:TrackPointExtension>
      <gpxtpx:hr>153</gpxtpx:hr>
      <gpxtpx:cad>87</gpxtpx:cad>
     </gpxtpx:TrackPointExtension>
    </extensions>
   </trkpt>
   <trkpt lat="29.1385360" lon="119.5381550">
    <ele>33.8</ele>
    <time>2022-02-24T12:46:12Z</time>
    <extensions>
     <gpxtpx:TrackPointExtension>
      <gpxtpx:hr>153</gpxtpx:hr>
      <gpxtpx:cad>87</gpxtpx:cad>
     </gpxtpx:TrackPointExtension>
    </extensions>
   </trkpt>
   <trkpt lat="29.1385610" lon="119.5381600">
    <ele>33.9</ele>
    <time>2022-02-24T12:46:13Z</time>
    <extensions>
     <gpxtpx:TrackPointExtension>
      <gpxtpx:hr>153</gpxtpx:hr>
      <gpxtpx:cad>87</gpxtpx:cad>
     </gpxtpx:TrackPointExtension>
    </extensions>
   </trkpt>
   <trkpt lat="29.1385820" lon="119.5381600">
    <ele>33.9</ele>
    <time>2022-02-24T12:46:14Z</time>
    <extensions>
     <gpxtpx:TrackPointExtension>
      <gpxtpx:hr>153</gpxtpx:hr>
      <gpxtpx:cad>87</gpxtpx:cad>
     </gpxtpx:TrackPointExtension>
    </extensions>
   </trkpt>
   <trkpt lat="29.1386090" lon="119.5381800">
    <ele>34.0</ele>
    <time>2022-02-24T12:46:15Z</time>
    <extensions>
     <gpxtpx:TrackPointExtension>
      <gpxtpx:hr>153</gpxtpx:hr>
      <gpxtpx:cad>87</gpxtpx:cad>
     </gpxtpx:TrackPointExtension>
    </extensions>
   </trkpt>
   <trkpt lat="29.1386300" lon="119.5381850">
    <ele>34.0</ele>
    <time>2022-02-24T12:46:16Z</time>
    <extensions>
     <gpxtpx:TrackPointExtension>
      <gpxtpx:hr>153</gpxtpx:hr>
      <gpxtpx:cad>87</gpxtpx:cad>
     </gpxtpx:TrackPointExtension>
    </extensions>
   </trkpt>
   <trkpt lat="29.1386550" lon="119.5381900">
    <ele>34.0</ele>
    <time>2022-02-24T12:46:17Z</time>
    <extensions>
     <gpxtpx:TrackPointExtension>
      <gpxtpx:hr>153</gpxtpx:hr>
      <gpxtpx:cad>87</gpxtpx:cad>
     </gpxtpx:TrackPointExtension>
    </extensions>
   </trkpt>
   <trkpt lat="29.1386780" lon="119.5381900">
    <ele>34.0</ele>
    <time>2022-02-24T12:46:18Z</time>
    <extensions>
     <gpxtpx:TrackPointExtension>
      <gpxtpx:hr>153</gpxtpx:hr>
      <gpxtpx:cad>87</gpxtpx:cad>
     </gpxtpx:TrackPointExtension>
    </extensions>
   </trkpt>
   <trkpt lat="29.1386990" lon="119.5381900">
    <ele>34.0</ele>
    <time>2022-02-24T12:46:19Z</time>
    <extensions>
     <gpxtpx:TrackPointExtension>
      <gpxtpx:hr>153</gpxtpx:hr>
      <gpxtpx:cad>87</gpxtpx:cad>
     </gpxtpx:TrackPointExtension>
    </extensions>
   </trkpt>
   <trkpt lat="29.1387180" lon="119.5382000">
    <ele>34.0</ele>
    <time>2022-02-24T12:46:20Z</time>
    <extensions>
     <gpxtpx:TrackPointExtension>
      <gpxtpx:hr>152</gpxtpx:hr>
      <gpxtpx:cad>87</gpxtpx:cad>
     </gpxtpx:TrackPointExtension>
    </extensions>
   </trkpt>
   <trkpt lat="29.1387180" lon="119.5382000">
    <ele>34.0</ele>
    <time>2022-02-24T12:46:20Z</time>
    <extensions>
     <gpxtpx:TrackPointExtension>
      <gpxtpx:hr>152</gpxtpx:hr>
      <gpxtpx:cad>83</gpxtpx:cad>
     </gpxtpx:TrackPointExtension>
    </extensions>
   </trkpt>
   <trkpt lat="29.1387350" lon="119.5382000">
    <ele>34.0</ele>
    <time>2022-02-24T12:46:21Z</time>
    <extensions>
     <gpxtpx:TrackPointExtension>
      <gpxtpx:hr>152</gpxtpx:hr>
      <gpxtpx:cad>83</gpxtpx:cad>
     </gpxtpx:TrackPointExtension>
    </extensions>
   </trkpt>
   <trkpt lat="29.1387580" lon="119.5382000">
    <ele>34.0</ele>
    <time>2022-02-24T12:46:22Z</time>
    <extensions>
     <gpxtpx:TrackPointExtension>
      <gpxtpx:hr>152</gpxtpx:hr>
      <gpxtpx:cad>83</gpxtpx:cad>
     </gpxtpx:TrackPointExtension>
    </extensions>
   </trkpt>
   <trkpt lat="29.1387790" lon="119.5382100">
    <ele>33.9</ele>
    <time>2022-02-24T12:46:23Z</time>
    <extensions>
     <gpxtpx:TrackPointExtension>
      <gpxtpx:hr>152</gpxtpx:hr>
      <gpxtpx:cad>83</gpxtpx:cad>
     </gpxtpx:TrackPointExtension>
    </extensions>
   </trkpt>
   <trkpt lat="29.1388030" lon="119.5382100">
    <ele>33.9</ele>
    <time>2022-02-24T12:46:24Z</time>
    <extensions>
     <gpxtpx:TrackPointExtension>
      <gpxtpx:hr>152</gpxtpx:hr>
      <gpxtpx:cad>83</gpxtpx:cad>
     </gpxtpx:TrackPointExtension>
    </extensions>
   </trkpt>
   <trkpt lat="29.1388300" lon="119.5382100">
    <ele>33.9</ele>
    <time>2022-02-24T12:46:25Z</time>
    <extensions>
     <gpxtpx:TrackPointExtension>
      <gpxtpx:hr>152</gpxtpx:hr>
      <gpxtpx:cad>83</gpxtpx:cad>
     </gpxtpx:TrackPointExtension>
    </extensions>
   </trkpt>
   <trkpt lat="29.1388550" lon="119.5382000">
    <ele>34.0</ele>
    <time>2022-02-24T12:46:26Z</time>
    <extensions>
     <gpxtpx:TrackPointExtension>
      <gpxtpx:hr>152</gpxtpx:hr>
      <gpxtpx:cad>83</gpxtpx:cad>
     </gpxtpx:TrackPointExtension>
    </extensions>
   </trkpt>
   <trkpt lat="29.1388840" lon="119.5381900">
    <ele>34.0</ele>
    <time>2022-02-24T12:46:27Z</time>
    <extensions>
     <gpxtpx:TrackPointExtension>
      <gpxtpx:hr>152</gpxtpx:hr>
      <gpxtpx:cad>83</gpxtpx:cad>
     </gpxtpx:TrackPointExtension>
    </extensions>
   </trkpt>
   <trkpt lat="29.1389100" lon="119.5382000">
    <ele>33.9</ele>
    <time>2022-02-24T12:46:28Z</time>
    <extensions>
     <gpxtpx:TrackPointExtension>
      <gpxtpx:hr>152</gpxtpx:hr>
      <gpxtpx:cad>83</gpxtpx:cad>
     </gpxtpx:TrackPointExtension>
    </extensions>
   </trkpt>
   <trkpt lat="29.1389370" lon="119.5382000">
    <ele>33.7</ele>
    <time>2022-02-24T12:46:29Z</time>
    <extensions>
     <gpxtpx:TrackPointExtension>
      <gpxtpx:hr>152</gpxtpx:hr>
      <gpxtpx:cad>83</gpxtpx:cad>
     </gpxtpx:TrackPointExtension>
    </extensions>
   </trkpt>
   <trkpt lat="29.1389580" lon="119.5382000">
    <ele>33.7</ele>
    <time>2022-02-24T12:46:30Z</time>
    <extensions>
     <gpxtpx:TrackPointExtension>
      <gpxtpx:hr>152</gpxtpx:hr>
      <gpxtpx:cad>84</gpxtpx:cad>
     </gpxtpx:TrackPointExtension>
    </extensions>
   </trkpt>
   <trkpt lat="29.1389870" lon="119.5382100">
    <ele>33.3</ele>
    <time>2022-02-24T12:46:31Z</time>
    <extensions>
     <gpxtpx:TrackPointExtension>
      <gpxtpx:hr>152</gpxtpx:hr>
      <gpxtpx:cad>84</gpxtpx:cad>
     </gpxtpx:TrackPointExtension>
    </extensions>
   </trkpt>
   <trkpt lat="29.1390080" lon="119.5382100">
    <ele>33.0</ele>
    <time>2022-02-24T12:46:32Z</time>
    <extensions>
     <gpxtpx:TrackPointExtension>
      <gpxtpx:hr>152</gpxtpx:hr>
      <gpxtpx:cad>84</gpxtpx:cad>
     </gpxtpx:TrackPointExtension>
    </extensions>
   </trkpt>
   <trkpt lat="29.1390250" lon="119.5382160">
    <ele>33.0</ele>
    <time>2022-02-24T12:46:33Z</time>
    <extensions>
     <gpxtpx:TrackPointExtension>
      <gpxtpx:hr>152</gpxtpx:hr>
      <gpxtpx:cad>84</gpxtpx:cad>
     </gpxtpx:TrackPointExtension>
    </extensions>
   </trkpt>
   <trkpt lat="29.1390480" lon="119.5382200">
    <ele>32.8</ele>
    <time>2022-02-24T12:46:34Z</time>
    <extensions>
     <gpxtpx:TrackPointExtension>
      <gpxtpx:hr>152</gpxtpx:hr>
      <gpxtpx:cad>84</gpxtpx:cad>
     </gpxtpx:TrackPointExtension>
    </extensions>
   </trkpt>
   <trkpt lat="29.1390740" lon="119.5382300">
    <ele>32.8</ele>
    <time>2022-02-24T12:46:35Z</time>
    <extensions>
     <gpxtpx:TrackPointExtension>
      <gpxtpx:hr>152</gpxtpx:hr>
      <gpxtpx:cad>84</gpxtpx:cad>
     </gpxtpx:TrackPointExtension>
    </extensions>
   </trkpt>
   <trkpt lat="29.1391000" lon="119.5382400">
    <ele>32.6</ele>
    <time>2022-02-24T12:46:36Z</time>
    <extensions>
     <gpxtpx:TrackPointExtension>
      <gpxtpx:hr>152</gpxtpx:hr>
      <gpxtpx:cad>84</gpxtpx:cad>
     </gpxtpx:TrackPointExtension>
    </extensions>
   </trkpt>
   <trkpt lat="29.1391280" lon="119.5382400">
    <ele>32.4</ele>
    <time>2022-02-24T12:46:37Z</time>
    <extensions>
     <gpxtpx:TrackPointExtension>
      <gpxtpx:hr>152</gpxtpx:hr>
      <gpxtpx:cad>84</gpxtpx:cad>
     </gpxtpx:TrackPointExtension>
    </extensions>
   </trkpt>
   <trkpt lat="29.1391540" lon="119.5382300">
    <ele>32.4</ele>
    <time>2022-02-24T12:46:38Z</time>
    <extensions>
     <gpxtpx:TrackPointExtension>
      <gpxtpx:hr>152</gpxtpx:hr>
      <gpxtpx:cad>84</gpxtpx:cad>
     </gpxtpx:TrackPointExtension>
    </extensions>
   </trkpt>
   <trkpt lat="29.1391830" lon="119.5382300">
    <ele>32.1</ele>
    <time>2022-02-24T12:46:39Z</time>
    <extensions>
     <gpxtpx:TrackPointExtension>
      <gpxtpx:hr>152</gpxtpx:hr>
      <gpxtpx:cad>84</gpxtpx:cad>
     </gpxtpx:TrackPointExtension>
    </extensions>
   </trkpt>
   <trkpt lat="29.1392150" lon="119.5382300">
    <ele>32.0</ele>
    <time>2022-02-24T12:46:40Z</time>
    <extensions>
     <gpxtpx:TrackPointExtension>
      <gpxtpx:hr>153</gpxtpx:hr>
      <gpxtpx:cad>84</gpxtpx:cad>
     </gpxtpx:TrackPointExtension>
    </extensions>
   </trkpt>
   <trkpt lat="29.1392150" lon="119.5382300">
    <ele>32.0</ele>
    <time>2022-02-24T12:46:40Z</time>
    <extensions>
     <gpxtpx:TrackPointExtension>
      <gpxtpx:hr>153</gpxtpx:hr>
      <gpxtpx:cad>79</gpxtpx:cad>
     </gpxtpx:TrackPointExtension>
    </extensions>
   </trkpt>
   <trkpt lat="29.1392480" lon="119.5382200">
    <ele>32.0</ele>
    <time>2022-02-24T12:46:41Z</time>
    <extensions>
     <gpxtpx:TrackPointExtension>
      <gpxtpx:hr>153</gpxtpx:hr>
      <gpxtpx:cad>79</gpxtpx:cad>
     </gpxtpx:TrackPointExtension>
    </extensions>
   </trkpt>
   <trkpt lat="29.1392780" lon="119.5382100">
    <ele>32.0</ele>
    <time>2022-02-24T12:46:42Z</time>
    <extensions>
     <gpxtpx:TrackPointExtension>
      <gpxtpx:hr>153</gpxtpx:hr>
      <gpxtpx:cad>79</gpxtpx:cad>
     </gpxtpx:TrackPointExtension>
    </extensions>
   </trkpt>
   <trkpt lat="29.1393090" lon="119.5382100">
    <ele>32.0</ele>
    <time>2022-02-24T12:46:43Z</time>
    <extensions>
     <gpxtpx:TrackPointExtension>
      <gpxtpx:hr>153</gpxtpx:hr>
      <gpxtpx:cad>79</gpxtpx:cad>
     </gpxtpx:TrackPointExtension>
    </extensions>
   </trkpt>
   <trkpt lat="29.1393360" lon="119.5382100">
    <ele>32.0</ele>
    <time>2022-02-24T12:46:44Z</time>
    <extensions>
     <gpxtpx:TrackPointExtension>
      <gpxtpx:hr>153</gpxtpx:hr>
      <gpxtpx:cad>79</gpxtpx:cad>
     </gpxtpx:TrackPointExtension>
    </extensions>
   </trkpt>
   <trkpt lat="29.1393620" lon="119.5382000">
    <ele>32.0</ele>
    <time>2022-02-24T12:46:45Z</time>
    <extensions>
     <gpxtpx:TrackPointExtension>
      <gpxtpx:hr>153</gpxtpx:hr>
      <gpxtpx:cad>79</gpxtpx:cad>
     </gpxtpx:TrackPointExtension>
    </extensions>
   </trkpt>
   <trkpt lat="29.1393930" lon="119.5382000">
    <ele>32.0</ele>
    <time>2022-02-24T12:46:46Z</time>
    <extensions>
     <gpxtpx:TrackPointExtension>
      <gpxtpx:hr>153</gpxtpx:hr>
      <gpxtpx:cad>79</gpxtpx:cad>
     </gpxtpx:TrackPointExtension>
    </extensions>
   </trkpt>
   <trkpt lat="29.1394160" lon="119.5382000">
    <ele>32.0</ele>
    <time>2022-02-24T12:46:47Z</time>
    <extensions>
     <gpxtpx:TrackPointExtension>
      <gpxtpx:hr>153</gpxtpx:hr>
      <gpxtpx:cad>79</gpxtpx:cad>
     </gpxtpx:TrackPointExtension>
    </extensions>
   </trkpt>
   <trkpt lat="29.1394400" lon="119.5382000">
    <ele>32.0</ele>
    <time>2022-02-24T12:46:48Z</time>
    <extensions>
     <gpxtpx:TrackPointExtension>
      <gpxtpx:hr>153</gpxtpx:hr>
      <gpxtpx:cad>79</gpxtpx:cad>
     </gpxtpx:TrackPointExtension>
    </extensions>
   </trkpt>
   <trkpt lat="29.1394650" lon="119.5382000">
    <ele>32.0</ele>
    <time>2022-02-24T12:46:49Z</time>
    <extensions>
     <gpxtpx:TrackPointExtension>
      <gpxtpx:hr>153</gpxtpx:hr>
      <gpxtpx:cad>80</gpxtpx:cad>
     </gpxtpx:TrackPointExtension>
    </extensions>
   </trkpt>
   <trkpt lat="29.1394920" lon="119.5381900">
    <ele>32.0</ele>
    <time>2022-02-24T12:46:50Z</time>
    <extensions>
     <gpxtpx:TrackPointExtension>
      <gpxtpx:hr>156</gpxtpx:hr>
      <gpxtpx:cad>80</gpxtpx:cad>
     </gpxtpx:TrackPointExtension>
    </extensions>
   </trkpt>
   <trkpt lat="29.1395190" lon="119.5381850">
    <ele>31.9</ele>
    <time>2022-02-24T12:46:51Z</time>
    <extensions>
     <gpxtpx:TrackPointExtension>
      <gpxtpx:hr>156</gpxtpx:hr>
      <gpxtpx:cad>80</gpxtpx:cad>
     </gpxtpx:TrackPointExtension>
    </extensions>
   </trkpt>
   <trkpt lat="29.1395440" lon="119.5381800">
    <ele>31.7</ele>
    <time>2022-02-24T12:46:52Z</time>
    <extensions>
     <gpxtpx:TrackPointExtension>
      <gpxtpx:hr>156</gpxtpx:hr>
      <gpxtpx:cad>80</gpxtpx:cad>
     </gpxtpx:TrackPointExtension>
    </extensions>
   </trkpt>
   <trkpt lat="29.1395680" lon="119.5381700">
    <ele>31.4</ele>
    <time>2022-02-24T12:46:53Z</time>
    <extensions>
     <gpxtpx:TrackPointExtension>
      <gpxtpx:hr>156</gpxtpx:hr>
      <gpxtpx:cad>80</gpxtpx:cad>
     </gpxtpx:TrackPointExtension>
    </extensions>
   </trkpt>
   <trkpt lat="29.1395910" lon="119.5381700">
    <ele>31.4</ele>
    <time>2022-02-24T12:46:54Z</time>
    <extensions>
     <gpxtpx:TrackPointExtension>
      <gpxtpx:hr>156</gpxtpx:hr>
      <gpxtpx:cad>80</gpxtpx:cad>
     </gpxtpx:TrackPointExtension>
    </extensions>
   </trkpt>
   <trkpt lat="29.1396120" lon="119.5381700">
    <ele>31.2</ele>
    <time>2022-02-24T12:46:55Z</time>
    <extensions>
     <gpxtpx:TrackPointExtension>
      <gpxtpx:hr>156</gpxtpx:hr>
      <gpxtpx:cad>80</gpxtpx:cad>
     </gpxtpx:TrackPointExtension>
    </extensions>
   </trkpt>
   <trkpt lat="29.1396370" lon="119.5381600">
    <ele>31.2</ele>
    <time>2022-02-24T12:46:56Z</time>
    <extensions>
     <gpxtpx:TrackPointExtension>
      <gpxtpx:hr>156</gpxtpx:hr>
      <gpxtpx:cad>80</gpxtpx:cad>
     </gpxtpx:TrackPointExtension>
    </extensions>
   </trkpt>
   <trkpt lat="29.1396640" lon="119.5381550">
    <ele>31.0</ele>
    <time>2022-02-24T12:46:57Z</time>
    <extensions>
     <gpxtpx:TrackPointExtension>
      <gpxtpx:hr>156</gpxtpx:hr>
      <gpxtpx:cad>80</gpxtpx:cad>
     </gpxtpx:TrackPointExtension>
    </extensions>
   </trkpt>
   <trkpt lat="29.1396830" lon="119.5381400">
    <ele>31.0</ele>
    <time>2022-02-24T12:46:58Z</time>
    <extensions>
     <gpxtpx:TrackPointExtension>
      <gpxtpx:hr>156</gpxtpx:hr>
      <gpxtpx:cad>80</gpxtpx:cad>
     </gpxtpx:TrackPointExtension>
    </extensions>
   </trkpt>
   <trkpt lat="29.1397080" lon="119.5381300">
    <ele>31.0</ele>
    <time>2022-02-24T12:46:59Z</time>
    <extensions>
     <gpxtpx:TrackPointExtension>
      <gpxtpx:hr>156</gpxtpx:hr>
      <gpxtpx:cad>82</gpxtpx:cad>
     </gpxtpx:TrackPointExtension>
    </extensions>
   </trkpt>
   <trkpt lat="29.1397340" lon="119.5381240">
    <ele>31.0</ele>
    <time>2022-02-24T12:47:00Z</time>
    <extensions>
     <gpxtpx:TrackPointExtension>
      <gpxtpx:hr>157</gpxtpx:hr>
      <gpxtpx:cad>82</gpxtpx:cad>
     </gpxtpx:TrackPointExtension>
    </extensions>
   </trkpt>
   <trkpt lat="29.1397550" lon="119.5381200">
    <ele>31.0</ele>
    <time>2022-02-24T12:47:01Z</time>
    <extensions>
     <gpxtpx:TrackPointExtension>
      <gpxtpx:hr>157</gpxtpx:hr>
      <gpxtpx:cad>82</gpxtpx:cad>
     </gpxtpx:TrackPointExtension>
    </extensions>
   </trkpt>
   <trkpt lat="29.1397800" lon="119.5381200">
    <ele>31.0</ele>
    <time>2022-02-24T12:47:02Z</time>
    <extensions>
     <gpxtpx:TrackPointExtension>
      <gpxtpx:hr>157</gpxtpx:hr>
      <gpxtpx:cad>82</gpxtpx:cad>
     </gpxtpx:TrackPointExtension>
    </extensions>
   </trkpt>
   <trkpt lat="29.1398030" lon="119.5381100">
    <ele>31.0</ele>
    <time>2022-02-24T12:47:03Z</time>
    <extensions>
     <gpxtpx:TrackPointExtension>
      <gpxtpx:hr>157</gpxtpx:hr>
      <gpxtpx:cad>82</gpxtpx:cad>
     </gpxtpx:TrackPointExtension>
    </extensions>
   </trkpt>
   <trkpt lat="29.1398200" lon="119.5380900">
    <ele>31.0</ele>
    <time>2022-02-24T12:47:04Z</time>
    <extensions>
     <gpxtpx:TrackPointExtension>
      <gpxtpx:hr>157</gpxtpx:hr>
      <gpxtpx:cad>82</gpxtpx:cad>
     </gpxtpx:TrackPointExtension>
    </extensions>
   </trkpt>
   <trkpt lat="29.1398400" lon="119.5380860">
    <ele>30.9</ele>
    <time>2022-02-24T12:47:05Z</time>
    <extensions>
     <gpxtpx:TrackPointExtension>
      <gpxtpx:hr>157</gpxtpx:hr>
      <gpxtpx:cad>82</gpxtpx:cad>
     </gpxtpx:TrackPointExtension>
    </extensions>
   </trkpt>
   <trkpt lat="29.1398560" lon="119.5380800">
    <ele>30.9</ele>
    <time>2022-02-24T12:47:06Z</time>
    <extensions>
     <gpxtpx:TrackPointExtension>
      <gpxtpx:hr>157</gpxtpx:hr>
      <gpxtpx:cad>82</gpxtpx:cad>
     </gpxtpx:TrackPointExtension>
    </extensions>
   </trkpt>
   <trkpt lat="29.1398800" lon="119.5380700">
    <ele>30.9</ele>
    <time>2022-02-24T12:47:07Z</time>
    <extensions>
     <gpxtpx:TrackPointExtension>
      <gpxtpx:hr>157</gpxtpx:hr>
      <gpxtpx:cad>82</gpxtpx:cad>
     </gpxtpx:TrackPointExtension>
    </extensions>
   </trkpt>
   <trkpt lat="29.1398960" lon="119.5380600">
    <ele>30.9</ele>
    <time>2022-02-24T12:47:08Z</time>
    <extensions>
     <gpxtpx:TrackPointExtension>
      <gpxtpx:hr>157</gpxtpx:hr>
      <gpxtpx:cad>82</gpxtpx:cad>
     </gpxtpx:TrackPointExtension>
    </extensions>
   </trkpt>
   <trkpt lat="29.1399200" lon="119.5380550">
    <ele>30.9</ele>
    <time>2022-02-24T12:47:09Z</time>
    <extensions>
     <gpxtpx:TrackPointExtension>
      <gpxtpx:hr>157</gpxtpx:hr>
      <gpxtpx:cad>83</gpxtpx:cad>
     </gpxtpx:TrackPointExtension>
    </extensions>
   </trkpt>
   <trkpt lat="29.1399400" lon="119.5380400">
    <ele>30.9</ele>
    <time>2022-02-24T12:47:10Z</time>
    <extensions>
     <gpxtpx:TrackPointExtension>
      <gpxtpx:hr>157</gpxtpx:hr>
      <gpxtpx:cad>83</gpxtpx:cad>
     </gpxtpx:TrackPointExtension>
    </extensions>
   </trkpt>
   <trkpt lat="29.1399610" lon="119.5380250">
    <ele>30.6</ele>
    <time>2022-02-24T12:47:11Z</time>
    <extensions>
     <gpxtpx:TrackPointExtension>
      <gpxtpx:hr>157</gpxtpx:hr>
      <gpxtpx:cad>83</gpxtpx:cad>
     </gpxtpx:TrackPointExtension>
    </extensions>
   </trkpt>
   <trkpt lat="29.1399840" lon="119.5380100">
    <ele>29.9</ele>
    <time>2022-02-24T12:47:12Z</time>
    <extensions>
     <gpxtpx:TrackPointExtension>
      <gpxtpx:hr>157</gpxtpx:hr>
      <gpxtpx:cad>83</gpxtpx:cad>
     </gpxtpx:TrackPointExtension>
    </extensions>
   </trkpt>
   <trkpt lat="29.1400070" lon="119.5380000">
    <ele>29.9</ele>
    <time>2022-02-24T12:47:13Z</time>
    <extensions>
     <gpxtpx:TrackPointExtension>
      <gpxtpx:hr>157</gpxtpx:hr>
      <gpxtpx:cad>83</gpxtpx:cad>
     </gpxtpx:TrackPointExtension>
    </extensions>
   </trkpt>
   <trkpt lat="29.1400280" lon="119.5379900">
    <ele>29.3</ele>
    <time>2022-02-24T12:47:14Z</time>
    <extensions>
     <gpxtpx:TrackPointExtension>
      <gpxtpx:hr>157</gpxtpx:hr>
      <gpxtpx:cad>83</gpxtpx:cad>
     </gpxtpx:TrackPointExtension>
    </extensions>
   </trkpt>
   <trkpt lat="29.1400400" lon="119.5379800">
    <ele>29.3</ele>
    <time>2022-02-24T12:47:15Z</time>
    <extensions>
     <gpxtpx:TrackPointExtension>
      <gpxtpx:hr>157</gpxtpx:hr>
      <gpxtpx:cad>83</gpxtpx:cad>
     </gpxtpx:TrackPointExtension>
    </extensions>
   </trkpt>
   <trkpt lat="29.1400590" lon="119.5379640">
    <ele>28.8</ele>
    <time>2022-02-24T12:47:16Z</time>
    <extensions>
     <gpxtpx:TrackPointExtension>
      <gpxtpx:hr>157</gpxtpx:hr>
      <gpxtpx:cad>83</gpxtpx:cad>
     </gpxtpx:TrackPointExtension>
    </extensions>
   </trkpt>
   <trkpt lat="29.1400830" lon="119.5379600">
    <ele>28.8</ele>
    <time>2022-02-24T12:47:17Z</time>
    <extensions>
     <gpxtpx:TrackPointExtension>
      <gpxtpx:hr>157</gpxtpx:hr>
      <gpxtpx:cad>83</gpxtpx:cad>
     </gpxtpx:TrackPointExtension>
    </extensions>
   </trkpt>
   <trkpt lat="29.1401080" lon="119.5379400">
    <ele>28.4</ele>
    <time>2022-02-24T12:47:18Z</time>
    <extensions>
     <gpxtpx:TrackPointExtension>
      <gpxtpx:hr>157</gpxtpx:hr>
      <gpxtpx:cad>83</gpxtpx:cad>
     </gpxtpx:TrackPointExtension>
    </extensions>
   </trkpt>
   <trkpt lat="29.1401310" lon="119.5379200">
    <ele>27.8</ele>
    <time>2022-02-24T12:47:19Z</time>
    <extensions>
     <gpxtpx:TrackPointExtension>
      <gpxtpx:hr>157</gpxtpx:hr>
      <gpxtpx:cad>86</gpxtpx:cad>
     </gpxtpx:TrackPointExtension>
    </extensions>
   </trkpt>
   <trkpt lat="29.1401460" lon="119.5379000">
    <ele>28.2</ele>
    <time>2022-02-24T12:47:20Z</time>
    <extensions>
     <gpxtpx:TrackPointExtension>
      <gpxtpx:hr>158</gpxtpx:hr>
      <gpxtpx:cad>86</gpxtpx:cad>
     </gpxtpx:TrackPointExtension>
    </extensions>
   </trkpt>
   <trkpt lat="29.1401700" lon="119.5379000">
    <ele>27.7</ele>
    <time>2022-02-24T12:47:21Z</time>
    <extensions>
     <gpxtpx:TrackPointExtension>
      <gpxtpx:hr>158</gpxtpx:hr>
      <gpxtpx:cad>86</gpxtpx:cad>
     </gpxtpx:TrackPointExtension>
    </extensions>
   </trkpt>
   <trkpt lat="29.1401900" lon="119.5378900">
    <ele>27.7</ele>
    <time>2022-02-24T12:47:22Z</time>
    <extensions>
     <gpxtpx:TrackPointExtension>
      <gpxtpx:hr>158</gpxtpx:hr>
      <gpxtpx:cad>86</gpxtpx:cad>
     </gpxtpx:TrackPointExtension>
    </extensions>
   </trkpt>
   <trkpt lat="29.1402100" lon="119.5378800">
    <ele>27.1</ele>
    <time>2022-02-24T12:47:23Z</time>
    <extensions>
     <gpxtpx:TrackPointExtension>
      <gpxtpx:hr>158</gpxtpx:hr>
      <gpxtpx:cad>86</gpxtpx:cad>
     </gpxtpx:TrackPointExtension>
    </extensions>
   </trkpt>
   <trkpt lat="29.1402300" lon="119.5378650">
    <ele>27.1</ele>
    <time>2022-02-24T12:47:24Z</time>
    <extensions>
     <gpxtpx:TrackPointExtension>
      <gpxtpx:hr>158</gpxtpx:hr>
      <gpxtpx:cad>86</gpxtpx:cad>
     </gpxtpx:TrackPointExtension>
    </extensions>
   </trkpt>
   <trkpt lat="29.1402510" lon="119.5378500">
    <ele>26.9</ele>
    <time>2022-02-24T12:47:25Z</time>
    <extensions>
     <gpxtpx:TrackPointExtension>
      <gpxtpx:hr>158</gpxtpx:hr>
      <gpxtpx:cad>86</gpxtpx:cad>
     </gpxtpx:TrackPointExtension>
    </extensions>
   </trkpt>
   <trkpt lat="29.1402740" lon="119.5378340">
    <ele>26.9</ele>
    <time>2022-02-24T12:47:26Z</time>
    <extensions>
     <gpxtpx:TrackPointExtension>
      <gpxtpx:hr>158</gpxtpx:hr>
      <gpxtpx:cad>86</gpxtpx:cad>
     </gpxtpx:TrackPointExtension>
    </extensions>
   </trkpt>
   <trkpt lat="29.1402900" lon="119.5378200">
    <ele>26.1</ele>
    <time>2022-02-24T12:47:27Z</time>
    <extensions>
     <gpxtpx:TrackPointExtension>
      <gpxtpx:hr>158</gpxtpx:hr>
      <gpxtpx:cad>86</gpxtpx:cad>
     </gpxtpx:TrackPointExtension>
    </extensions>
   </trkpt>
   <trkpt lat="29.1403080" lon="119.5378000">
    <ele>26.4</ele>
    <time>2022-02-24T12:47:28Z</time>
    <extensions>
     <gpxtpx:TrackPointExtension>
      <gpxtpx:hr>158</gpxtpx:hr>
      <gpxtpx:cad>86</gpxtpx:cad>
     </gpxtpx:TrackPointExtension>
    </extensions>
   </trkpt>
   <trkpt lat="29.1403260" lon="119.5377900">
    <ele>25.6</ele>
    <time>2022-02-24T12:47:29Z</time>
    <extensions>
     <gpxtpx:TrackPointExtension>
      <gpxtpx:hr>158</gpxtpx:hr>
      <gpxtpx:cad>87</gpxtpx:cad>
     </gpxtpx:TrackPointExtension>
    </extensions>
   </trkpt>
   <trkpt lat="29.1403430" lon="119.5377660">
    <ele>25.9</ele>
    <time>2022-02-24T12:47:30Z</time>
    <extensions>
     <gpxtpx:TrackPointExtension>
      <gpxtpx:hr>157</gpxtpx:hr>
      <gpxtpx:cad>87</gpxtpx:cad>
     </gpxtpx:TrackPointExtension>
    </extensions>
   </trkpt>
   <trkpt lat="29.1403640" lon="119.5377600">
    <ele>25.1</ele>
    <time>2022-02-24T12:47:31Z</time>
    <extensions>
     <gpxtpx:TrackPointExtension>
      <gpxtpx:hr>157</gpxtpx:hr>
      <gpxtpx:cad>87</gpxtpx:cad>
     </gpxtpx:TrackPointExtension>
    </extensions>
   </trkpt>
   <trkpt lat="29.1403800" lon="119.5377350">
    <ele>25.1</ele>
    <time>2022-02-24T12:47:32Z</time>
    <extensions>
     <gpxtpx:TrackPointExtension>
      <gpxtpx:hr>157</gpxtpx:hr>
      <gpxtpx:cad>87</gpxtpx:cad>
     </gpxtpx:TrackPointExtension>
    </extensions>
   </trkpt>
   <trkpt lat="29.1403960" lon="119.5377200">
    <ele>24.7</ele>
    <time>2022-02-24T12:47:33Z</time>
    <extensions>
     <gpxtpx:TrackPointExtension>
      <gpxtpx:hr>157</gpxtpx:hr>
      <gpxtpx:cad>87</gpxtpx:cad>
     </gpxtpx:TrackPointExtension>
    </extensions>
   </trkpt>
   <trkpt lat="29.1404130" lon="119.5377000">
    <ele>24.7</ele>
    <time>2022-02-24T12:47:34Z</time>
    <extensions>
     <gpxtpx:TrackPointExtension>
      <gpxtpx:hr>157</gpxtpx:hr>
      <gpxtpx:cad>87</gpxtpx:cad>
     </gpxtpx:TrackPointExtension>
    </extensions>
   </trkpt>
   <trkpt lat="29.1404340" lon="119.5376740">
    <ele>24.7</ele>
    <time>2022-02-24T12:47:35Z</time>
    <extensions>
     <gpxtpx:TrackPointExtension>
      <gpxtpx:hr>157</gpxtpx:hr>
      <gpxtpx:cad>87</gpxtpx:cad>
     </gpxtpx:TrackPointExtension>
    </extensions>
   </trkpt>
   <trkpt lat="29.1404550" lon="119.5376600">
    <ele>24.7</ele>
    <time>2022-02-24T12:47:37Z</time>
    <extensions>
     <gpxtpx:TrackPointExtension>
      <gpxtpx:hr>157</gpxtpx:hr>
      <gpxtpx:cad>87</gpxtpx:cad>
     </gpxtpx:TrackPointExtension>
    </extensions>
   </trkpt>
   <trkpt lat="29.1404760" lon="119.5376400">
    <ele>24.8</ele>
    <time>2022-02-24T12:47:38Z</time>
    <extensions>
     <gpxtpx:TrackPointExtension>
      <gpxtpx:hr>157</gpxtpx:hr>
      <gpxtpx:cad>87</gpxtpx:cad>
     </gpxtpx:TrackPointExtension>
    </extensions>
   </trkpt>
   <trkpt lat="29.1404950" lon="119.5376200">
    <ele>24.8</ele>
    <time>2022-02-24T12:47:38Z</time>
    <extensions>
     <gpxtpx:TrackPointExtension>
      <gpxtpx:hr>157</gpxtpx:hr>
      <gpxtpx:cad>87</gpxtpx:cad>
     </gpxtpx:TrackPointExtension>
    </extensions>
   </trkpt>
   <trkpt lat="29.1405090" lon="119.5376000">
    <ele>25.1</ele>
    <time>2022-02-24T12:47:39Z</time>
    <extensions>
     <gpxtpx:TrackPointExtension>
      <gpxtpx:hr>157</gpxtpx:hr>
      <gpxtpx:cad>85</gpxtpx:cad>
     </gpxtpx:TrackPointExtension>
    </extensions>
   </trkpt>
   <trkpt lat="29.1405090" lon="119.5376000">
    <ele>25.1</ele>
    <time>2022-02-24T12:47:40Z</time>
    <extensions>
     <gpxtpx:TrackPointExtension>
      <gpxtpx:hr>156</gpxtpx:hr>
      <gpxtpx:cad>85</gpxtpx:cad>
     </gpxtpx:TrackPointExtension>
    </extensions>
   </trkpt>
   <trkpt lat="29.1405220" lon="119.5375800">
    <ele>25.1</ele>
    <time>2022-02-24T12:47:41Z</time>
    <extensions>
     <gpxtpx:TrackPointExtension>
      <gpxtpx:hr>156</gpxtpx:hr>
      <gpxtpx:cad>85</gpxtpx:cad>
     </gpxtpx:TrackPointExtension>
    </extensions>
   </trkpt>
   <trkpt lat="29.1405370" lon="119.5375600">
    <ele>25.1</ele>
    <time>2022-02-24T12:47:42Z</time>
    <extensions>
     <gpxtpx:TrackPointExtension>
      <gpxtpx:hr>156</gpxtpx:hr>
      <gpxtpx:cad>85</gpxtpx:cad>
     </gpxtpx:TrackPointExtension>
    </extensions>
   </trkpt>
   <trkpt lat="29.1405530" lon="119.5375440">
    <ele>25.6</ele>
    <time>2022-02-24T12:47:43Z</time>
    <extensions>
     <gpxtpx:TrackPointExtension>
      <gpxtpx:hr>156</gpxtpx:hr>
      <gpxtpx:cad>85</gpxtpx:cad>
     </gpxtpx:TrackPointExtension>
    </extensions>
   </trkpt>
   <trkpt lat="29.1405640" lon="119.5375100">
    <ele>26.3</ele>
    <time>2022-02-24T12:47:44Z</time>
    <extensions>
     <gpxtpx:TrackPointExtension>
      <gpxtpx:hr>156</gpxtpx:hr>
      <gpxtpx:cad>85</gpxtpx:cad>
     </gpxtpx:TrackPointExtension>
    </extensions>
   </trkpt>
   <trkpt lat="29.1405750" lon="119.5374900">
    <ele>26.3</ele>
    <time>2022-02-24T12:47:45Z</time>
    <extensions>
     <gpxtpx:TrackPointExtension>
      <gpxtpx:hr>156</gpxtpx:hr>
      <gpxtpx:cad>85</gpxtpx:cad>
     </gpxtpx:TrackPointExtension>
    </extensions>
   </trkpt>
   <trkpt lat="29.1405850" lon="119.5374600">
    <ele>26.7</ele>
    <time>2022-02-24T12:47:46Z</time>
    <extensions>
     <gpxtpx:TrackPointExtension>
      <gpxtpx:hr>156</gpxtpx:hr>
      <gpxtpx:cad>85</gpxtpx:cad>
     </gpxtpx:TrackPointExtension>
    </extensions>
   </trkpt>
   <trkpt lat="29.1405930" lon="119.5374400">
    <ele>26.7</ele>
    <time>2022-02-24T12:47:47Z</time>
    <extensions>
     <gpxtpx:TrackPointExtension>
      <gpxtpx:hr>156</gpxtpx:hr>
      <gpxtpx:cad>85</gpxtpx:cad>
     </gpxtpx:TrackPointExtension>
    </extensions>
   </trkpt>
   <trkpt lat="29.1406020" lon="119.5374100">
    <ele>27.4</ele>
    <time>2022-02-24T12:47:48Z</time>
    <extensions>
     <gpxtpx:TrackPointExtension>
      <gpxtpx:hr>156</gpxtpx:hr>
      <gpxtpx:cad>85</gpxtpx:cad>
     </gpxtpx:TrackPointExtension>
    </extensions>
   </trkpt>
   <trkpt lat="29.1406080" lon="119.5373840">
    <ele>28.0</ele>
    <time>2022-02-24T12:47:49Z</time>
    <extensions>
     <gpxtpx:TrackPointExtension>
      <gpxtpx:hr>156</gpxtpx:hr>
      <gpxtpx:cad>85</gpxtpx:cad>
     </gpxtpx:TrackPointExtension>
    </extensions>
   </trkpt>
   <trkpt lat="29.1406150" lon="119.5373600">
    <ele>28.0</ele>
    <time>2022-02-24T12:47:50Z</time>
    <extensions>
     <gpxtpx:TrackPointExtension>
      <gpxtpx:hr>156</gpxtpx:hr>
      <gpxtpx:cad>90</gpxtpx:cad>
     </gpxtpx:TrackPointExtension>
    </extensions>
   </trkpt>
   <trkpt lat="29.1406150" lon="119.5373600">
    <ele>28.0</ele>
    <time>2022-02-24T12:47:50Z</time>
    <extensions>
     <gpxtpx:TrackPointExtension>
      <gpxtpx:hr>155</gpxtpx:hr>
      <gpxtpx:cad>90</gpxtpx:cad>
     </gpxtpx:TrackPointExtension>
    </extensions>
   </trkpt>
   <trkpt lat="29.1406270" lon="119.5373400">
    <ele>28.1</ele>
    <time>2022-02-24T12:47:51Z</time>
    <extensions>
     <gpxtpx:TrackPointExtension>
      <gpxtpx:hr>155</gpxtpx:hr>
      <gpxtpx:cad>90</gpxtpx:cad>
     </gpxtpx:TrackPointExtension>
    </extensions>
   </trkpt>
   <trkpt lat="29.1406380" lon="119.5373150">
    <ele>28.1</ele>
    <time>2022-02-24T12:47:52Z</time>
    <extensions>
     <gpxtpx:TrackPointExtension>
      <gpxtpx:hr>155</gpxtpx:hr>
      <gpxtpx:cad>90</gpxtpx:cad>
     </gpxtpx:TrackPointExtension>
    </extensions>
   </trkpt>
   <trkpt lat="29.1406480" lon="119.5372900">
    <ele>28.6</ele>
    <time>2022-02-24T12:47:53Z</time>
    <extensions>
     <gpxtpx:TrackPointExtension>
      <gpxtpx:hr>155</gpxtpx:hr>
      <gpxtpx:cad>90</gpxtpx:cad>
     </gpxtpx:TrackPointExtension>
    </extensions>
   </trkpt>
   <trkpt lat="29.1406610" lon="119.5372600">
    <ele>28.1</ele>
    <time>2022-02-24T12:47:54Z</time>
    <extensions>
     <gpxtpx:TrackPointExtension>
      <gpxtpx:hr>155</gpxtpx:hr>
      <gpxtpx:cad>90</gpxtpx:cad>
     </gpxtpx:TrackPointExtension>
    </extensions>
   </trkpt>
   <trkpt lat="29.1406700" lon="119.5372300">
    <ele>28.6</ele>
    <time>2022-02-24T12:47:55Z</time>
    <extensions>
     <gpxtpx:TrackPointExtension>
      <gpxtpx:hr>155</gpxtpx:hr>
      <gpxtpx:cad>90</gpxtpx:cad>
     </gpxtpx:TrackPointExtension>
    </extensions>
   </trkpt>
   <trkpt lat="29.1406820" lon="119.5372100">
    <ele>29.1</ele>
    <time>2022-02-24T12:47:56Z</time>
    <extensions>
     <gpxtpx:TrackPointExtension>
      <gpxtpx:hr>155</gpxtpx:hr>
      <gpxtpx:cad>90</gpxtpx:cad>
     </gpxtpx:TrackPointExtension>
    </extensions>
   </trkpt>
   <trkpt lat="29.1406920" lon="119.5371860">
    <ele>29.1</ele>
    <time>2022-02-24T12:47:57Z</time>
    <extensions>
     <gpxtpx:TrackPointExtension>
      <gpxtpx:hr>155</gpxtpx:hr>
      <gpxtpx:cad>90</gpxtpx:cad>
     </gpxtpx:TrackPointExtension>
    </extensions>
   </trkpt>
   <trkpt lat="29.1407000" lon="119.5371600">
    <ele>29.1</ele>
    <time>2022-02-24T12:47:58Z</time>
    <extensions>
     <gpxtpx:TrackPointExtension>
      <gpxtpx:hr>155</gpxtpx:hr>
      <gpxtpx:cad>90</gpxtpx:cad>
     </gpxtpx:TrackPointExtension>
    </extensions>
   </trkpt>
   <trkpt lat="29.1407070" lon="119.5371300">
    <ele>29.1</ele>
    <time>2022-02-24T12:47:59Z</time>
    <extensions>
     <gpxtpx:TrackPointExtension>
      <gpxtpx:hr>155</gpxtpx:hr>
      <gpxtpx:cad>90</gpxtpx:cad>
     </gpxtpx:TrackPointExtension>
    </extensions>
   </trkpt>
   <trkpt lat="29.1407130" lon="119.5371100">
    <ele>29.6</ele>
    <time>2022-02-24T12:48:00Z</time>
    <extensions>
     <gpxtpx:TrackPointExtension>
      <gpxtpx:hr>155</gpxtpx:hr>
      <gpxtpx:cad>88</gpxtpx:cad>
     </gpxtpx:TrackPointExtension>
    </extensions>
   </trkpt>
   <trkpt lat="29.1407130" lon="119.5371100">
    <ele>29.6</ele>
    <time>2022-02-24T12:48:00Z</time>
    <extensions>
     <gpxtpx:TrackPointExtension>
      <gpxtpx:hr>156</gpxtpx:hr>
      <gpxtpx:cad>88</gpxtpx:cad>
     </gpxtpx:TrackPointExtension>
    </extensions>
   </trkpt>
   <trkpt lat="29.1407170" lon="119.5370800">
    <ele>30.1</ele>
    <time>2022-02-24T12:48:01Z</time>
    <extensions>
     <gpxtpx:TrackPointExtension>
      <gpxtpx:hr>156</gpxtpx:hr>
      <gpxtpx:cad>88</gpxtpx:cad>
     </gpxtpx:TrackPointExtension>
    </extensions>
   </trkpt>
   <trkpt lat="29.1407260" lon="119.5370560">
    <ele>30.1</ele>
    <time>2022-02-24T12:48:02Z</time>
    <extensions>
     <gpxtpx:TrackPointExtension>
      <gpxtpx:hr>156</gpxtpx:hr>
      <gpxtpx:cad>88</gpxtpx:cad>
     </gpxtpx:TrackPointExtension>
    </extensions>
   </trkpt>
   <trkpt lat="29.1407340" lon="119.5370300">
    <ele>30.1</ele>
    <time>2022-02-24T12:48:03Z</time>
    <extensions>
     <gpxtpx:TrackPointExtension>
      <gpxtpx:hr>156</gpxtpx:hr>
      <gpxtpx:cad>88</gpxtpx:cad>
     </gpxtpx:TrackPointExtension>
    </extensions>
   </trkpt>
   <trkpt lat="29.1407430" lon="119.5370100">
    <ele>30.1</ele>
    <time>2022-02-24T12:48:04Z</time>
    <extensions>
     <gpxtpx:TrackPointExtension>
      <gpxtpx:hr>156</gpxtpx:hr>
      <gpxtpx:cad>88</gpxtpx:cad>
     </gpxtpx:TrackPointExtension>
    </extensions>
   </trkpt>
   <trkpt lat="29.1407530" lon="119.5369900">
    <ele>30.5</ele>
    <time>2022-02-24T12:48:05Z</time>
    <extensions>
     <gpxtpx:TrackPointExtension>
      <gpxtpx:hr>156</gpxtpx:hr>
      <gpxtpx:cad>88</gpxtpx:cad>
     </gpxtpx:TrackPointExtension>
    </extensions>
   </trkpt>
   <trkpt lat="29.1407700" lon="119.5369640">
    <ele>30.0</ele>
    <time>2022-02-24T12:48:06Z</time>
    <extensions>
     <gpxtpx:TrackPointExtension>
      <gpxtpx:hr>156</gpxtpx:hr>
      <gpxtpx:cad>88</gpxtpx:cad>
     </gpxtpx:TrackPointExtension>
    </extensions>
   </trkpt>
   <trkpt lat="29.1407810" lon="119.5369400">
    <ele>30.4</ele>
    <time>2022-02-24T12:48:07Z</time>
    <extensions>
     <gpxtpx:TrackPointExtension>
      <gpxtpx:hr>156</gpxtpx:hr>
      <gpxtpx:cad>88</gpxtpx:cad>
     </gpxtpx:TrackPointExtension>
    </extensions>
   </trkpt>
   <trkpt lat="29.1407930" lon="119.5369200">
    <ele>30.4</ele>
    <time>2022-02-24T12:48:08Z</time>
    <extensions>
     <gpxtpx:TrackPointExtension>
      <gpxtpx:hr>156</gpxtpx:hr>
      <gpxtpx:cad>88</gpxtpx:cad>
     </gpxtpx:TrackPointExtension>
    </extensions>
   </trkpt>
   <trkpt lat="29.1408040" lon="119.5369000">
    <ele>30.8</ele>
    <time>2022-02-24T12:48:09Z</time>
    <extensions>
     <gpxtpx:TrackPointExtension>
      <gpxtpx:hr>156</gpxtpx:hr>
      <gpxtpx:cad>88</gpxtpx:cad>
     </gpxtpx:TrackPointExtension>
    </extensions>
   </trkpt>
   <trkpt lat="29.1408180" lon="119.5368800">
    <ele>30.5</ele>
    <time>2022-02-24T12:48:10Z</time>
    <extensions>
     <gpxtpx:TrackPointExtension>
      <gpxtpx:hr>156</gpxtpx:hr>
      <gpxtpx:cad>88</gpxtpx:cad>
     </gpxtpx:TrackPointExtension>
    </extensions>
   </trkpt>
   <trkpt lat="29.1408180" lon="119.5368800">
    <ele>30.5</ele>
    <time>2022-02-24T12:48:10Z</time>
    <extensions>
     <gpxtpx:TrackPointExtension>
      <gpxtpx:hr>156</gpxtpx:hr>
      <gpxtpx:cad>83</gpxtpx:cad>
     </gpxtpx:TrackPointExtension>
    </extensions>
   </trkpt>
   <trkpt lat="29.1408270" lon="119.5368600">
    <ele>30.9</ele>
    <time>2022-02-24T12:48:11Z</time>
    <extensions>
     <gpxtpx:TrackPointExtension>
      <gpxtpx:hr>156</gpxtpx:hr>
      <gpxtpx:cad>83</gpxtpx:cad>
     </gpxtpx:TrackPointExtension>
    </extensions>
   </trkpt>
   <trkpt lat="29.1408370" lon="119.5368300">
    <ele>30.9</ele>
    <time>2022-02-24T12:48:12Z</time>
    <extensions>
     <gpxtpx:TrackPointExtension>
      <gpxtpx:hr>156</gpxtpx:hr>
      <gpxtpx:cad>83</gpxtpx:cad>
     </gpxtpx:TrackPointExtension>
    </extensions>
   </trkpt>
   <trkpt lat="29.1408480" lon="119.5368040">
    <ele>30.9</ele>
    <time>2022-02-24T12:48:13Z</time>
    <extensions>
     <gpxtpx:TrackPointExtension>
      <gpxtpx:hr>156</gpxtpx:hr>
      <gpxtpx:cad>83</gpxtpx:cad>
     </gpxtpx:TrackPointExtension>
    </extensions>
   </trkpt>
   <trkpt lat="29.1408620" lon="119.5367700">
    <ele>30.9</ele>
    <time>2022-02-24T12:48:14Z</time>
    <extensions>
     <gpxtpx:TrackPointExtension>
      <gpxtpx:hr>156</gpxtpx:hr>
      <gpxtpx:cad>83</gpxtpx:cad>
     </gpxtpx:TrackPointExtension>
    </extensions>
   </trkpt>
   <trkpt lat="29.1408710" lon="119.5367500">
    <ele>30.9</ele>
    <time>2022-02-24T12:48:15Z</time>
    <extensions>
     <gpxtpx:TrackPointExtension>
      <gpxtpx:hr>156</gpxtpx:hr>
      <gpxtpx:cad>83</gpxtpx:cad>
     </gpxtpx:TrackPointExtension>
    </extensions>
   </trkpt>
   <trkpt lat="29.1408750" lon="119.5367200">
    <ele>30.9</ele>
    <time>2022-02-24T12:48:16Z</time>
    <extensions>
     <gpxtpx:TrackPointExtension>
      <gpxtpx:hr>156</gpxtpx:hr>
      <gpxtpx:cad>83</gpxtpx:cad>
     </gpxtpx:TrackPointExtension>
    </extensions>
   </trkpt>
   <trkpt lat="29.1408800" lon="119.5366900">
    <ele>30.6</ele>
    <time>2022-02-24T12:48:17Z</time>
    <extensions>
     <gpxtpx:TrackPointExtension>
      <gpxtpx:hr>156</gpxtpx:hr>
      <gpxtpx:cad>83</gpxtpx:cad>
     </gpxtpx:TrackPointExtension>
    </extensions>
   </trkpt>
   <trkpt lat="29.1408880" lon="119.5366600">
    <ele>30.6</ele>
    <time>2022-02-24T12:48:18Z</time>
    <extensions>
     <gpxtpx:TrackPointExtension>
      <gpxtpx:hr>156</gpxtpx:hr>
      <gpxtpx:cad>83</gpxtpx:cad>
     </gpxtpx:TrackPointExtension>
    </extensions>
   </trkpt>
   <trkpt lat="29.1408980" lon="119.5366300">
    <ele>30.7</ele>
    <time>2022-02-24T12:48:19Z</time>
    <extensions>
     <gpxtpx:TrackPointExtension>
      <gpxtpx:hr>156</gpxtpx:hr>
      <gpxtpx:cad>83</gpxtpx:cad>
     </gpxtpx:TrackPointExtension>
    </extensions>
   </trkpt>
   <trkpt lat="29.1409070" lon="119.5366060">
    <ele>30.7</ele>
    <time>2022-02-24T12:48:20Z</time>
    <extensions>
     <gpxtpx:TrackPointExtension>
      <gpxtpx:hr>157</gpxtpx:hr>
      <gpxtpx:cad>83</gpxtpx:cad>
     </gpxtpx:TrackPointExtension>
    </extensions>
   </trkpt>
   <trkpt lat="29.1409070" lon="119.5366060">
    <ele>30.7</ele>
    <time>2022-02-24T12:48:20Z</time>
    <extensions>
     <gpxtpx:TrackPointExtension>
      <gpxtpx:hr>157</gpxtpx:hr>
      <gpxtpx:cad>87</gpxtpx:cad>
     </gpxtpx:TrackPointExtension>
    </extensions>
   </trkpt>
   <trkpt lat="29.1409170" lon="119.5365750">
    <ele>30.4</ele>
    <time>2022-02-24T12:48:21Z</time>
    <extensions>
     <gpxtpx:TrackPointExtension>
      <gpxtpx:hr>157</gpxtpx:hr>
      <gpxtpx:cad>87</gpxtpx:cad>
     </gpxtpx:TrackPointExtension>
    </extensions>
   </trkpt>
   <trkpt lat="29.1409230" lon="119.5365500">
    <ele>30.4</ele>
    <time>2022-02-24T12:48:22Z</time>
    <extensions>
     <gpxtpx:TrackPointExtension>
      <gpxtpx:hr>157</gpxtpx:hr>
      <gpxtpx:cad>87</gpxtpx:cad>
     </gpxtpx:TrackPointExtension>
    </extensions>
   </trkpt>
   <trkpt lat="29.1409280" lon="119.5365300">
    <ele>30.4</ele>
    <time>2022-02-24T12:48:23Z</time>
    <extensions>
     <gpxtpx:TrackPointExtension>
      <gpxtpx:hr>157</gpxtpx:hr>
      <gpxtpx:cad>87</gpxtpx:cad>
     </gpxtpx:TrackPointExtension>
    </extensions>
   </trkpt>
   <trkpt lat="29.1409360" lon="119.5365100">
    <ele>30.4</ele>
    <time>2022-02-24T12:48:24Z</time>
    <extensions>
     <gpxtpx:TrackPointExtension>
      <gpxtpx:hr>157</gpxtpx:hr>
      <gpxtpx:cad>87</gpxtpx:cad>
     </gpxtpx:TrackPointExtension>
    </extensions>
   </trkpt>
   <trkpt lat="29.1409420" lon="119.5364760">
    <ele>30.4</ele>
    <time>2022-02-24T12:48:25Z</time>
    <extensions>
     <gpxtpx:TrackPointExtension>
      <gpxtpx:hr>157</gpxtpx:hr>
      <gpxtpx:cad>87</gpxtpx:cad>
     </gpxtpx:TrackPointExtension>
    </extensions>
   </trkpt>
   <trkpt lat="29.1409450" lon="119.5364500">
    <ele>30.4</ele>
    <time>2022-02-24T12:48:26Z</time>
    <extensions>
     <gpxtpx:TrackPointExtension>
      <gpxtpx:hr>157</gpxtpx:hr>
      <gpxtpx:cad>87</gpxtpx:cad>
     </gpxtpx:TrackPointExtension>
    </extensions>
   </trkpt>
   <trkpt lat="29.1409530" lon="119.5364300">
    <ele>30.3</ele>
    <time>2022-02-24T12:48:27Z</time>
    <extensions>
     <gpxtpx:TrackPointExtension>
      <gpxtpx:hr>157</gpxtpx:hr>
      <gpxtpx:cad>87</gpxtpx:cad>
     </gpxtpx:TrackPointExtension>
    </extensions>
   </trkpt>
   <trkpt lat="29.1409590" lon="119.5364150">
    <ele>30.1</ele>
    <time>2022-02-24T12:48:28Z</time>
    <extensions>
     <gpxtpx:TrackPointExtension>
      <gpxtpx:hr>157</gpxtpx:hr>
      <gpxtpx:cad>87</gpxtpx:cad>
     </gpxtpx:TrackPointExtension>
    </extensions>
   </trkpt>
   <trkpt lat="29.1409660" lon="119.5363850">
    <ele>30.1</ele>
    <time>2022-02-24T12:48:29Z</time>
    <extensions>
     <gpxtpx:TrackPointExtension>
      <gpxtpx:hr>157</gpxtpx:hr>
      <gpxtpx:cad>87</gpxtpx:cad>
     </gpxtpx:TrackPointExtension>
    </extensions>
   </trkpt>
   <trkpt lat="29.1409780" lon="119.5363600">
    <ele>30.1</ele>
    <time>2022-02-24T12:48:30Z</time>
    <extensions>
     <gpxtpx:TrackPointExtension>
      <gpxtpx:hr>160</gpxtpx:hr>
      <gpxtpx:cad>87</gpxtpx:cad>
     </gpxtpx:TrackPointExtension>
    </extensions>
   </trkpt>
   <trkpt lat="29.1409780" lon="119.5363600">
    <ele>30.1</ele>
    <time>2022-02-24T12:48:30Z</time>
    <extensions>
     <gpxtpx:TrackPointExtension>
      <gpxtpx:hr>160</gpxtpx:hr>
      <gpxtpx:cad>86</gpxtpx:cad>
     </gpxtpx:TrackPointExtension>
    </extensions>
   </trkpt>
   <trkpt lat="29.1409870" lon="119.5363500">
    <ele>30.0</ele>
    <time>2022-02-24T12:48:31Z</time>
    <extensions>
     <gpxtpx:TrackPointExtension>
      <gpxtpx:hr>160</gpxtpx:hr>
      <gpxtpx:cad>86</gpxtpx:cad>
     </gpxtpx:TrackPointExtension>
    </extensions>
   </trkpt>
   <trkpt lat="29.1409950" lon="119.5363200">
    <ele>30.0</ele>
    <time>2022-02-24T12:48:32Z</time>
    <extensions>
     <gpxtpx:TrackPointExtension>
      <gpxtpx:hr>160</gpxtpx:hr>
      <gpxtpx:cad>86</gpxtpx:cad>
     </gpxtpx:TrackPointExtension>
    </extensions>
   </trkpt>
   <trkpt lat="29.1410060" lon="119.5362900">
    <ele>29.8</ele>
    <time>2022-02-24T12:48:33Z</time>
    <extensions>
     <gpxtpx:TrackPointExtension>
      <gpxtpx:hr>160</gpxtpx:hr>
      <gpxtpx:cad>86</gpxtpx:cad>
     </gpxtpx:TrackPointExtension>
    </extensions>
   </trkpt>
   <trkpt lat="29.1410180" lon="119.5362700">
    <ele>29.3</ele>
    <time>2022-02-24T12:48:34Z</time>
    <extensions>
     <gpxtpx:TrackPointExtension>
      <gpxtpx:hr>160</gpxtpx:hr>
      <gpxtpx:cad>86</gpxtpx:cad>
     </gpxtpx:TrackPointExtension>
    </extensions>
   </trkpt>
   <trkpt lat="29.1410300" lon="119.5362500">
    <ele>29.4</ele>
    <time>2022-02-24T12:48:35Z</time>
    <extensions>
     <gpxtpx:TrackPointExtension>
      <gpxtpx:hr>160</gpxtpx:hr>
      <gpxtpx:cad>86</gpxtpx:cad>
     </gpxtpx:TrackPointExtension>
    </extensions>
   </trkpt>
   <trkpt lat="29.1410310" lon="119.5362200">
    <ele>29.0</ele>
    <time>2022-02-24T12:48:36Z</time>
    <extensions>
     <gpxtpx:TrackPointExtension>
      <gpxtpx:hr>160</gpxtpx:hr>
      <gpxtpx:cad>86</gpxtpx:cad>
     </gpxtpx:TrackPointExtension>
    </extensions>
   </trkpt>
   <trkpt lat="29.1410390" lon="119.5361900">
    <ele>29.0</ele>
    <time>2022-02-24T12:48:37Z</time>
    <extensions>
     <gpxtpx:TrackPointExtension>
      <gpxtpx:hr>160</gpxtpx:hr>
      <gpxtpx:cad>86</gpxtpx:cad>
     </gpxtpx:TrackPointExtension>
    </extensions>
   </trkpt>
   <trkpt lat="29.1410430" lon="119.5361560">
    <ele>28.5</ele>
    <time>2022-02-24T12:48:38Z</time>
    <extensions>
     <gpxtpx:TrackPointExtension>
      <gpxtpx:hr>160</gpxtpx:hr>
      <gpxtpx:cad>86</gpxtpx:cad>
     </gpxtpx:TrackPointExtension>
    </extensions>
   </trkpt>
   <trkpt lat="29.1410500" lon="119.5361250">
    <ele>28.3</ele>
    <time>2022-02-24T12:48:39Z</time>
    <extensions>
     <gpxtpx:TrackPointExtension>
      <gpxtpx:hr>160</gpxtpx:hr>
      <gpxtpx:cad>86</gpxtpx:cad>
     </gpxtpx:TrackPointExtension>
    </extensions>
   </trkpt>
   <trkpt lat="29.1410540" lon="119.5361100">
    <ele>28.3</ele>
    <time>2022-02-24T12:48:40Z</time>
    <extensions>
     <gpxtpx:TrackPointExtension>
      <gpxtpx:hr>160</gpxtpx:hr>
      <gpxtpx:cad>86</gpxtpx:cad>
     </gpxtpx:TrackPointExtension>
    </extensions>
   </trkpt>
   <trkpt lat="29.1410540" lon="119.5361100">
    <ele>28.3</ele>
    <time>2022-02-24T12:48:40Z</time>
    <extensions>
     <gpxtpx:TrackPointExtension>
      <gpxtpx:hr>160</gpxtpx:hr>
      <gpxtpx:cad>86</gpxtpx:cad>
     </gpxtpx:TrackPointExtension>
    </extensions>
   </trkpt>
   <trkpt lat="29.1410580" lon="119.5360800">
    <ele>28.3</ele>
    <time>2022-02-24T12:48:41Z</time>
    <extensions>
     <gpxtpx:TrackPointExtension>
      <gpxtpx:hr>160</gpxtpx:hr>
      <gpxtpx:cad>86</gpxtpx:cad>
     </gpxtpx:TrackPointExtension>
    </extensions>
   </trkpt>
   <trkpt lat="29.1410640" lon="119.5360600">
    <ele>28.3</ele>
    <time>2022-02-24T12:48:42Z</time>
    <extensions>
     <gpxtpx:TrackPointExtension>
      <gpxtpx:hr>160</gpxtpx:hr>
      <gpxtpx:cad>86</gpxtpx:cad>
     </gpxtpx:TrackPointExtension>
    </extensions>
   </trkpt>
   <trkpt lat="29.1410750" lon="119.5360400">
    <ele>28.6</ele>
    <time>2022-02-24T12:48:43Z</time>
    <extensions>
     <gpxtpx:TrackPointExtension>
      <gpxtpx:hr>160</gpxtpx:hr>
      <gpxtpx:cad>86</gpxtpx:cad>
     </gpxtpx:TrackPointExtension>
    </extensions>
   </trkpt>
   <trkpt lat="29.1410800" lon="119.5360200">
    <ele>28.6</ele>
    <time>2022-02-24T12:48:44Z</time>
    <extensions>
     <gpxtpx:TrackPointExtension>
      <gpxtpx:hr>160</gpxtpx:hr>
      <gpxtpx:cad>86</gpxtpx:cad>
     </gpxtpx:TrackPointExtension>
    </extensions>
   </trkpt>
   <trkpt lat="29.1410880" lon="119.5359900">
    <ele>28.6</ele>
    <time>2022-02-24T12:48:45Z</time>
    <extensions>
     <gpxtpx:TrackPointExtension>
      <gpxtpx:hr>160</gpxtpx:hr>
      <gpxtpx:cad>86</gpxtpx:cad>
     </gpxtpx:TrackPointExtension>
    </extensions>
   </trkpt>
   <trkpt lat="29.1410960" lon="119.5359700">
    <ele>28.6</ele>
    <time>2022-02-24T12:48:46Z</time>
    <extensions>
     <gpxtpx:TrackPointExtension>
      <gpxtpx:hr>160</gpxtpx:hr>
      <gpxtpx:cad>86</gpxtpx:cad>
     </gpxtpx:TrackPointExtension>
    </extensions>
   </trkpt>
   <trkpt lat="29.1411000" lon="119.5359500">
    <ele>28.6</ele>
    <time>2022-02-24T12:48:47Z</time>
    <extensions>
     <gpxtpx:TrackPointExtension>
      <gpxtpx:hr>160</gpxtpx:hr>
      <gpxtpx:cad>86</gpxtpx:cad>
     </gpxtpx:TrackPointExtension>
    </extensions>
   </trkpt>
   <trkpt lat="29.1411080" lon="119.5359340">
    <ele>28.8</ele>
    <time>2022-02-24T12:48:48Z</time>
    <extensions>
     <gpxtpx:TrackPointExtension>
      <gpxtpx:hr>160</gpxtpx:hr>
      <gpxtpx:cad>86</gpxtpx:cad>
     </gpxtpx:TrackPointExtension>
    </extensions>
   </trkpt>
   <trkpt lat="29.1411130" lon="119.5359100">
    <ele>28.9</ele>
    <time>2022-02-24T12:48:49Z</time>
    <extensions>
     <gpxtpx:TrackPointExtension>
      <gpxtpx:hr>160</gpxtpx:hr>
      <gpxtpx:cad>86</gpxtpx:cad>
     </gpxtpx:TrackPointExtension>
    </extensions>
   </trkpt>
   <trkpt lat="29.1411190" lon="119.5358900">
    <ele>28.9</ele>
    <time>2022-02-24T12:48:50Z</time>
    <extensions>
     <gpxtpx:TrackPointExtension>
      <gpxtpx:hr>157</gpxtpx:hr>
      <gpxtpx:cad>86</gpxtpx:cad>
     </gpxtpx:TrackPointExtension>
    </extensions>
   </trkpt>
   <trkpt lat="29.1411190" lon="119.5358900">
    <ele>28.9</ele>
    <time>2022-02-24T12:48:50Z</time>
    <extensions>
     <gpxtpx:TrackPointExtension>
      <gpxtpx:hr>157</gpxtpx:hr>
      <gpxtpx:cad>76</gpxtpx:cad>
     </gpxtpx:TrackPointExtension>
    </extensions>
   </trkpt>
   <trkpt lat="29.1411270" lon="119.5358700">
    <ele>28.9</ele>
    <time>2022-02-24T12:48:51Z</time>
    <extensions>
     <gpxtpx:TrackPointExtension>
      <gpxtpx:hr>157</gpxtpx:hr>
      <gpxtpx:cad>76</gpxtpx:cad>
     </gpxtpx:TrackPointExtension>
    </extensions>
   </trkpt>
   <trkpt lat="29.1411320" lon="119.5358500">
    <ele>28.9</ele>
    <time>2022-02-24T12:48:52Z</time>
    <extensions>
     <gpxtpx:TrackPointExtension>
      <gpxtpx:hr>157</gpxtpx:hr>
      <gpxtpx:cad>76</gpxtpx:cad>
     </gpxtpx:TrackPointExtension>
    </extensions>
   </trkpt>
   <trkpt lat="29.1411380" lon="119.5358300">
    <ele>29.0</ele>
    <time>2022-02-24T12:48:53Z</time>
    <extensions>
     <gpxtpx:TrackPointExtension>
      <gpxtpx:hr>157</gpxtpx:hr>
      <gpxtpx:cad>76</gpxtpx:cad>
     </gpxtpx:TrackPointExtension>
    </extensions>
   </trkpt>
   <trkpt lat="29.1411480" lon="119.5358100">
    <ele>29.1</ele>
    <time>2022-02-24T12:48:54Z</time>
    <extensions>
     <gpxtpx:TrackPointExtension>
      <gpxtpx:hr>157</gpxtpx:hr>
      <gpxtpx:cad>73</gpxtpx:cad>
     </gpxtpx:TrackPointExtension>
    </extensions>
   </trkpt>
   <trkpt lat="29.1411550" lon="119.5357900">
    <ele>29.3</ele>
    <time>2022-02-24T12:48:55Z</time>
    <extensions>
     <gpxtpx:TrackPointExtension>
      <gpxtpx:hr>157</gpxtpx:hr>
      <gpxtpx:cad>73</gpxtpx:cad>
     </gpxtpx:TrackPointExtension>
    </extensions>
   </trkpt>
   <trkpt lat="29.1411670" lon="119.5357700">
    <ele>29.3</ele>
    <time>2022-02-24T12:48:56Z</time>
    <extensions>
     <gpxtpx:TrackPointExtension>
      <gpxtpx:hr>157</gpxtpx:hr>
      <gpxtpx:cad>73</gpxtpx:cad>
     </gpxtpx:TrackPointExtension>
    </extensions>
   </trkpt>
   <trkpt lat="29.1411800" lon="119.5357400">
    <ele>29.9</ele>
    <time>2022-02-24T12:48:57Z</time>
    <extensions>
     <gpxtpx:TrackPointExtension>
      <gpxtpx:hr>157</gpxtpx:hr>
      <gpxtpx:cad>73</gpxtpx:cad>
     </gpxtpx:TrackPointExtension>
    </extensions>
   </trkpt>
   <trkpt lat="29.1411900" lon="119.5357200">
    <ele>29.9</ele>
    <time>2022-02-24T12:48:58Z</time>
    <extensions>
     <gpxtpx:TrackPointExtension>
      <gpxtpx:hr>157</gpxtpx:hr>
      <gpxtpx:cad>73</gpxtpx:cad>
     </gpxtpx:TrackPointExtension>
    </extensions>
   </trkpt>
   <trkpt lat="29.1411950" lon="119.5357000">
    <ele>30.3</ele>
    <time>2022-02-24T12:48:59Z</time>
    <extensions>
     <gpxtpx:TrackPointExtension>
      <gpxtpx:hr>157</gpxtpx:hr>
      <gpxtpx:cad>73</gpxtpx:cad>
     </gpxtpx:TrackPointExtension>
    </extensions>
   </trkpt>
   <trkpt lat="29.1412000" lon="119.5356700">
    <ele>30.8</ele>
    <time>2022-02-24T12:49:00Z</time>
    <extensions>
     <gpxtpx:TrackPointExtension>
      <gpxtpx:hr>157</gpxtpx:hr>
      <gpxtpx:cad>73</gpxtpx:cad>
     </gpxtpx:TrackPointExtension>
    </extensions>
   </trkpt>
   <trkpt lat="29.1412000" lon="119.5356700">
    <ele>30.8</ele>
    <time>2022-02-24T12:49:00Z</time>
    <extensions>
     <gpxtpx:TrackPointExtension>
      <gpxtpx:hr>157</gpxtpx:hr>
      <gpxtpx:cad>76</gpxtpx:cad>
     </gpxtpx:TrackPointExtension>
    </extensions>
   </trkpt>
   <trkpt lat="29.1412050" lon="119.5356450">
    <ele>30.8</ele>
    <time>2022-02-24T12:49:01Z</time>
    <extensions>
     <gpxtpx:TrackPointExtension>
      <gpxtpx:hr>157</gpxtpx:hr>
      <gpxtpx:cad>76</gpxtpx:cad>
     </gpxtpx:TrackPointExtension>
    </extensions>
   </trkpt>
   <trkpt lat="29.1412100" lon="119.5356140">
    <ele>31.0</ele>
    <time>2022-02-24T12:49:02Z</time>
    <extensions>
     <gpxtpx:TrackPointExtension>
      <gpxtpx:hr>157</gpxtpx:hr>
      <gpxtpx:cad>76</gpxtpx:cad>
     </gpxtpx:TrackPointExtension>
    </extensions>
   </trkpt>
   <trkpt lat="29.1412160" lon="119.5355800">
    <ele>31.0</ele>
    <time>2022-02-24T12:49:03Z</time>
    <extensions>
     <gpxtpx:TrackPointExtension>
      <gpxtpx:hr>157</gpxtpx:hr>
      <gpxtpx:cad>76</gpxtpx:cad>
     </gpxtpx:TrackPointExtension>
    </extensions>
   </trkpt>
   <trkpt lat="29.1412200" lon="119.5355600">
    <ele>31.0</ele>
    <time>2022-02-24T12:49:04Z</time>
    <extensions>
     <gpxtpx:TrackPointExtension>
      <gpxtpx:hr>157</gpxtpx:hr>
      <gpxtpx:cad>76</gpxtpx:cad>
     </gpxtpx:TrackPointExtension>
    </extensions>
   </trkpt>
   <trkpt lat="29.1412260" lon="119.5355450">
    <ele>31.0</ele>
    <time>2022-02-24T12:49:05Z</time>
    <extensions>
     <gpxtpx:TrackPointExtension>
      <gpxtpx:hr>157</gpxtpx:hr>
      <gpxtpx:cad>76</gpxtpx:cad>
     </gpxtpx:TrackPointExtension>
    </extensions>
   </trkpt>
   <trkpt lat="29.1412350" lon="119.5355150">
    <ele>31.0</ele>
    <time>2022-02-24T12:49:06Z</time>
    <extensions>
     <gpxtpx:TrackPointExtension>
      <gpxtpx:hr>157</gpxtpx:hr>
      <gpxtpx:cad>76</gpxtpx:cad>
     </gpxtpx:TrackPointExtension>
    </extensions>
   </trkpt>
   <trkpt lat="29.1412470" lon="119.5354900">
    <ele>31.0</ele>
    <time>2022-02-24T12:49:07Z</time>
    <extensions>
     <gpxtpx:TrackPointExtension>
      <gpxtpx:hr>157</gpxtpx:hr>
      <gpxtpx:cad>76</gpxtpx:cad>
     </gpxtpx:TrackPointExtension>
    </extensions>
   </trkpt>
   <trkpt lat="29.1412540" lon="119.5354700">
    <ele>31.0</ele>
    <time>2022-02-24T12:49:08Z</time>
    <extensions>
     <gpxtpx:TrackPointExtension>
      <gpxtpx:hr>157</gpxtpx:hr>
      <gpxtpx:cad>76</gpxtpx:cad>
     </gpxtpx:TrackPointExtension>
    </extensions>
   </trkpt>
   <trkpt lat="29.1412660" lon="119.5354500">
    <ele>31.1</ele>
    <time>2022-02-24T12:49:09Z</time>
    <extensions>
     <gpxtpx:TrackPointExtension>
      <gpxtpx:hr>157</gpxtpx:hr>
      <gpxtpx:cad>76</gpxtpx:cad>
     </gpxtpx:TrackPointExtension>
    </extensions>
   </trkpt>
   <trkpt lat="29.1412750" lon="119.5354300">
    <ele>31.1</ele>
    <time>2022-02-24T12:49:10Z</time>
    <extensions>
     <gpxtpx:TrackPointExtension>
      <gpxtpx:hr>158</gpxtpx:hr>
      <gpxtpx:cad>76</gpxtpx:cad>
     </gpxtpx:TrackPointExtension>
    </extensions>
   </trkpt>
   <trkpt lat="29.1412750" lon="119.5354300">
    <ele>31.1</ele>
    <time>2022-02-24T12:49:10Z</time>
    <extensions>
     <gpxtpx:TrackPointExtension>
      <gpxtpx:hr>158</gpxtpx:hr>
      <gpxtpx:cad>71</gpxtpx:cad>
     </gpxtpx:TrackPointExtension>
    </extensions>
   </trkpt>
   <trkpt lat="29.1412810" lon="119.5354000">
    <ele>31.3</ele>
    <time>2022-02-24T12:49:11Z</time>
    <extensions>
     <gpxtpx:TrackPointExtension>
      <gpxtpx:hr>158</gpxtpx:hr>
      <gpxtpx:cad>71</gpxtpx:cad>
     </gpxtpx:TrackPointExtension>
    </extensions>
   </trkpt>
   <trkpt lat="29.1412850" lon="119.5353800">
    <ele>31.3</ele>
    <time>2022-02-24T12:49:12Z</time>
    <extensions>
     <gpxtpx:TrackPointExtension>
      <gpxtpx:hr>158</gpxtpx:hr>
      <gpxtpx:cad>71</gpxtpx:cad>
     </gpxtpx:TrackPointExtension>
    </extensions>
   </trkpt>
   <trkpt lat="29.1412930" lon="119.5353550">
    <ele>31.6</ele>
    <time>2022-02-24T12:49:13Z</time>
    <extensions>
     <gpxtpx:TrackPointExtension>
      <gpxtpx:hr>158</gpxtpx:hr>
      <gpxtpx:cad>71</gpxtpx:cad>
     </gpxtpx:TrackPointExtension>
    </extensions>
   </trkpt>
   <trkpt lat="29.1413000" lon="119.5353300">
    <ele>31.6</ele>
    <time>2022-02-24T12:49:14Z</time>
    <extensions>
     <gpxtpx:TrackPointExtension>
      <gpxtpx:hr>158</gpxtpx:hr>
      <gpxtpx:cad>71</gpxtpx:cad>
     </gpxtpx:TrackPointExtension>
    </extensions>
   </trkpt>
   <trkpt lat="29.1413060" lon="119.5353000">
    <ele>31.9</ele>
    <time>2022-02-24T12:49:15Z</time>
    <extensions>
     <gpxtpx:TrackPointExtension>
      <gpxtpx:hr>158</gpxtpx:hr>
      <gpxtpx:cad>71</gpxtpx:cad>
     </gpxtpx:TrackPointExtension>
    </extensions>
   </trkpt>
   <trkpt lat="29.1413140" lon="119.5352800">
    <ele>32.0</ele>
    <time>2022-02-24T12:49:16Z</time>
    <extensions>
     <gpxtpx:TrackPointExtension>
      <gpxtpx:hr>158</gpxtpx:hr>
      <gpxtpx:cad>71</gpxtpx:cad>
     </gpxtpx:TrackPointExtension>
    </extensions>
   </trkpt>
   <trkpt lat="29.1413210" lon="119.5352550">
    <ele>32.0</ele>
    <time>2022-02-24T12:49:17Z</time>
    <extensions>
     <gpxtpx:TrackPointExtension>
      <gpxtpx:hr>158</gpxtpx:hr>
      <gpxtpx:cad>71</gpxtpx:cad>
     </gpxtpx:TrackPointExtension>
    </extensions>
   </trkpt>
   <trkpt lat="29.1413290" lon="119.5352250">
    <ele>32.0</ele>
    <time>2022-02-24T12:49:18Z</time>
    <extensions>
     <gpxtpx:TrackPointExtension>
      <gpxtpx:hr>158</gpxtpx:hr>
      <gpxtpx:cad>71</gpxtpx:cad>
     </gpxtpx:TrackPointExtension>
    </extensions>
   </trkpt>
   <trkpt lat="29.1413380" lon="119.5352100">
    <ele>32.0</ele>
    <time>2022-02-24T12:49:19Z</time>
    <extensions>
     <gpxtpx:TrackPointExtension>
      <gpxtpx:hr>158</gpxtpx:hr>
      <gpxtpx:cad>71</gpxtpx:cad>
     </gpxtpx:TrackPointExtension>
    </extensions>
   </trkpt>
   <trkpt lat="29.1413440" lon="119.5351900">
    <ele>32.0</ele>
    <time>2022-02-24T12:49:20Z</time>
    <extensions>
     <gpxtpx:TrackPointExtension>
      <gpxtpx:hr>158</gpxtpx:hr>
      <gpxtpx:cad>71</gpxtpx:cad>
     </gpxtpx:TrackPointExtension>
    </extensions>
   </trkpt>
   <trkpt lat="29.1413440" lon="119.5351900">
    <ele>32.0</ele>
    <time>2022-02-24T12:49:20Z</time>
    <extensions>
     <gpxtpx:TrackPointExtension>
      <gpxtpx:hr>158</gpxtpx:hr>
      <gpxtpx:cad>89</gpxtpx:cad>
     </gpxtpx:TrackPointExtension>
    </extensions>
   </trkpt>
   <trkpt lat="29.1413540" lon="119.5351600">
    <ele>32.0</ele>
    <time>2022-02-24T12:49:21Z</time>
    <extensions>
     <gpxtpx:TrackPointExtension>
      <gpxtpx:hr>158</gpxtpx:hr>
      <gpxtpx:cad>89</gpxtpx:cad>
     </gpxtpx:TrackPointExtension>
    </extensions>
   </trkpt>
   <trkpt lat="29.1413610" lon="119.5351300">
    <ele>32.0</ele>
    <time>2022-02-24T12:49:22Z</time>
    <extensions>
     <gpxtpx:TrackPointExtension>
      <gpxtpx:hr>158</gpxtpx:hr>
      <gpxtpx:cad>89</gpxtpx:cad>
     </gpxtpx:TrackPointExtension>
    </extensions>
   </trkpt>
   <trkpt lat="29.1413670" lon="119.5351100">
    <ele>32.0</ele>
    <time>2022-02-24T12:49:23Z</time>
    <extensions>
     <gpxtpx:TrackPointExtension>
      <gpxtpx:hr>158</gpxtpx:hr>
      <gpxtpx:cad>89</gpxtpx:cad>
     </gpxtpx:TrackPointExtension>
    </extensions>
   </trkpt>
   <trkpt lat="29.1413750" lon="119.5350800">
    <ele>32.0</ele>
    <time>2022-02-24T12:49:24Z</time>
    <extensions>
     <gpxtpx:TrackPointExtension>
      <gpxtpx:hr>158</gpxtpx:hr>
      <gpxtpx:cad>89</gpxtpx:cad>
     </gpxtpx:TrackPointExtension>
    </extensions>
   </trkpt>
   <trkpt lat="29.1413800" lon="119.5350600">
    <ele>32.0</ele>
    <time>2022-02-24T12:49:25Z</time>
    <extensions>
     <gpxtpx:TrackPointExtension>
      <gpxtpx:hr>158</gpxtpx:hr>
      <gpxtpx:cad>89</gpxtpx:cad>
     </gpxtpx:TrackPointExtension>
    </extensions>
   </trkpt>
   <trkpt lat="29.1413860" lon="119.5350340">
    <ele>32.0</ele>
    <time>2022-02-24T12:49:26Z</time>
    <extensions>
     <gpxtpx:TrackPointExtension>
      <gpxtpx:hr>158</gpxtpx:hr>
      <gpxtpx:cad>89</gpxtpx:cad>
     </gpxtpx:TrackPointExtension>
    </extensions>
   </trkpt>
   <trkpt lat="29.1413960" lon="119.5350100">
    <ele>32.0</ele>
    <time>2022-02-24T12:49:27Z</time>
    <extensions>
     <gpxtpx:TrackPointExtension>
      <gpxtpx:hr>158</gpxtpx:hr>
      <gpxtpx:cad>89</gpxtpx:cad>
     </gpxtpx:TrackPointExtension>
    </extensions>
   </trkpt>
   <trkpt lat="29.1414030" lon="119.5349900">
    <ele>32.0</ele>
    <time>2022-02-24T12:49:28Z</time>
    <extensions>
     <gpxtpx:TrackPointExtension>
      <gpxtpx:hr>158</gpxtpx:hr>
      <gpxtpx:cad>89</gpxtpx:cad>
     </gpxtpx:TrackPointExtension>
    </extensions>
   </trkpt>
   <trkpt lat="29.1414150" lon="119.5349600">
    <ele>32.0</ele>
    <time>2022-02-24T12:49:29Z</time>
    <extensions>
     <gpxtpx:TrackPointExtension>
      <gpxtpx:hr>158</gpxtpx:hr>
      <gpxtpx:cad>89</gpxtpx:cad>
     </gpxtpx:TrackPointExtension>
    </extensions>
   </trkpt>
   <trkpt lat="29.1414260" lon="119.5349300">
    <ele>32.0</ele>
    <time>2022-02-24T12:49:30Z</time>
    <extensions>
     <gpxtpx:TrackPointExtension>
      <gpxtpx:hr>158</gpxtpx:hr>
      <gpxtpx:cad>89</gpxtpx:cad>
     </gpxtpx:TrackPointExtension>
    </extensions>
   </trkpt>
   <trkpt lat="29.1414260" lon="119.5349300">
    <ele>32.0</ele>
    <time>2022-02-24T12:49:30Z</time>
    <extensions>
     <gpxtpx:TrackPointExtension>
      <gpxtpx:hr>158</gpxtpx:hr>
      <gpxtpx:cad>88</gpxtpx:cad>
     </gpxtpx:TrackPointExtension>
    </extensions>
   </trkpt>
   <trkpt lat="29.1414380" lon="119.5349040">
    <ele>32.0</ele>
    <time>2022-02-24T12:49:31Z</time>
    <extensions>
     <gpxtpx:TrackPointExtension>
      <gpxtpx:hr>158</gpxtpx:hr>
      <gpxtpx:cad>88</gpxtpx:cad>
     </gpxtpx:TrackPointExtension>
    </extensions>
   </trkpt>
   <trkpt lat="29.1414470" lon="119.5348740">
    <ele>31.9</ele>
    <time>2022-02-24T12:49:32Z</time>
    <extensions>
     <gpxtpx:TrackPointExtension>
      <gpxtpx:hr>158</gpxtpx:hr>
      <gpxtpx:cad>88</gpxtpx:cad>
     </gpxtpx:TrackPointExtension>
    </extensions>
   </trkpt>
   <trkpt lat="29.1414570" lon="119.5348600">
    <ele>31.9</ele>
    <time>2022-02-24T12:49:33Z</time>
    <extensions>
     <gpxtpx:TrackPointExtension>
      <gpxtpx:hr>158</gpxtpx:hr>
      <gpxtpx:cad>88</gpxtpx:cad>
     </gpxtpx:TrackPointExtension>
    </extensions>
   </trkpt>
   <trkpt lat="29.1414640" lon="119.5348400">
    <ele>31.9</ele>
    <time>2022-02-24T12:49:34Z</time>
    <extensions>
     <gpxtpx:TrackPointExtension>
      <gpxtpx:hr>158</gpxtpx:hr>
      <gpxtpx:cad>88</gpxtpx:cad>
     </gpxtpx:TrackPointExtension>
    </extensions>
   </trkpt>
   <trkpt lat="29.1414720" lon="119.5348300">
    <ele>31.9</ele>
    <time>2022-02-24T12:49:35Z</time>
    <extensions>
     <gpxtpx:TrackPointExtension>
      <gpxtpx:hr>158</gpxtpx:hr>
      <gpxtpx:cad>88</gpxtpx:cad>
     </gpxtpx:TrackPointExtension>
    </extensions>
   </trkpt>
   <trkpt lat="29.1414830" lon="119.5348050">
    <ele>31.7</ele>
    <time>2022-02-24T12:49:36Z</time>
    <extensions>
     <gpxtpx:TrackPointExtension>
      <gpxtpx:hr>158</gpxtpx:hr>
      <gpxtpx:cad>88</gpxtpx:cad>
     </gpxtpx:TrackPointExtension>
    </extensions>
   </trkpt>
   <trkpt lat="29.1414950" lon="119.5347900">
    <ele>31.7</ele>
    <time>2022-02-24T12:49:37Z</time>
    <extensions>
     <gpxtpx:TrackPointExtension>
      <gpxtpx:hr>158</gpxtpx:hr>
      <gpxtpx:cad>88</gpxtpx:cad>
     </gpxtpx:TrackPointExtension>
    </extensions>
   </trkpt>
   <trkpt lat="29.1415100" lon="119.5347750">
    <ele>31.7</ele>
    <time>2022-02-24T12:49:38Z</time>
    <extensions>
     <gpxtpx:TrackPointExtension>
      <gpxtpx:hr>158</gpxtpx:hr>
      <gpxtpx:cad>88</gpxtpx:cad>
     </gpxtpx:TrackPointExtension>
    </extensions>
   </trkpt>
   <trkpt lat="29.1415210" lon="119.5347600">
    <ele>31.5</ele>
    <time>2022-02-24T12:49:39Z</time>
    <extensions>
     <gpxtpx:TrackPointExtension>
      <gpxtpx:hr>158</gpxtpx:hr>
      <gpxtpx:cad>88</gpxtpx:cad>
     </gpxtpx:TrackPointExtension>
    </extensions>
   </trkpt>
   <trkpt lat="29.1415350" lon="119.5347500">
    <ele>31.5</ele>
    <time>2022-02-24T12:49:40Z</time>
    <extensions>
     <gpxtpx:TrackPointExtension>
      <gpxtpx:hr>158</gpxtpx:hr>
      <gpxtpx:cad>86</gpxtpx:cad>
     </gpxtpx:TrackPointExtension>
    </extensions>
   </trkpt>
   <trkpt lat="29.1415460" lon="119.5347400">
    <ele>31.5</ele>
    <time>2022-02-24T12:49:41Z</time>
    <extensions>
     <gpxtpx:TrackPointExtension>
      <gpxtpx:hr>156</gpxtpx:hr>
      <gpxtpx:cad>86</gpxtpx:cad>
     </gpxtpx:TrackPointExtension>
    </extensions>
   </trkpt>
   <trkpt lat="29.1415540" lon="119.5347100">
    <ele>31.6</ele>
    <time>2022-02-24T12:49:42Z</time>
    <extensions>
     <gpxtpx:TrackPointExtension>
      <gpxtpx:hr>156</gpxtpx:hr>
      <gpxtpx:cad>86</gpxtpx:cad>
     </gpxtpx:TrackPointExtension>
    </extensions>
   </trkpt>
   <trkpt lat="29.1415650" lon="119.5347000">
    <ele>31.5</ele>
    <time>2022-02-24T12:49:43Z</time>
    <extensions>
     <gpxtpx:TrackPointExtension>
      <gpxtpx:hr>156</gpxtpx:hr>
      <gpxtpx:cad>86</gpxtpx:cad>
     </gpxtpx:TrackPointExtension>
    </extensions>
   </trkpt>
   <trkpt lat="29.1415730" lon="119.5346700">
    <ele>31.7</ele>
    <time>2022-02-24T12:49:44Z</time>
    <extensions>
     <gpxtpx:TrackPointExtension>
      <gpxtpx:hr>156</gpxtpx:hr>
      <gpxtpx:cad>86</gpxtpx:cad>
     </gpxtpx:TrackPointExtension>
    </extensions>
   </trkpt>
   <trkpt lat="29.1415800" lon="119.5346450">
    <ele>31.7</ele>
    <time>2022-02-24T12:49:45Z</time>
    <extensions>
     <gpxtpx:TrackPointExtension>
      <gpxtpx:hr>156</gpxtpx:hr>
      <gpxtpx:cad>86</gpxtpx:cad>
     </gpxtpx:TrackPointExtension>
    </extensions>
   </trkpt>
   <trkpt lat="29.1415860" lon="119.5346200">
    <ele>31.9</ele>
    <time>2022-02-24T12:49:46Z</time>
    <extensions>
     <gpxtpx:TrackPointExtension>
      <gpxtpx:hr>156</gpxtpx:hr>
      <gpxtpx:cad>86</gpxtpx:cad>
     </gpxtpx:TrackPointExtension>
    </extensions>
   </trkpt>
   <trkpt lat="29.1415920" lon="119.5346000">
    <ele>31.8</ele>
    <time>2022-02-24T12:49:47Z</time>
    <extensions>
     <gpxtpx:TrackPointExtension>
      <gpxtpx:hr>156</gpxtpx:hr>
      <gpxtpx:cad>86</gpxtpx:cad>
     </gpxtpx:TrackPointExtension>
    </extensions>
   </trkpt>
   <trkpt lat="29.1415960" lon="119.5345700">
    <ele>31.9</ele>
    <time>2022-02-24T12:49:48Z</time>
    <extensions>
     <gpxtpx:TrackPointExtension>
      <gpxtpx:hr>156</gpxtpx:hr>
      <gpxtpx:cad>86</gpxtpx:cad>
     </gpxtpx:TrackPointExtension>
    </extensions>
   </trkpt>
   <trkpt lat="29.1416050" lon="119.5345460">
    <ele>32.0</ele>
    <time>2022-02-24T12:49:49Z</time>
    <extensions>
     <gpxtpx:TrackPointExtension>
      <gpxtpx:hr>156</gpxtpx:hr>
      <gpxtpx:cad>86</gpxtpx:cad>
     </gpxtpx:TrackPointExtension>
    </extensions>
   </trkpt>
   <trkpt lat="29.1416110" lon="119.5345200">
    <ele>32.0</ele>
    <time>2022-02-24T12:49:50Z</time>
    <extensions>
     <gpxtpx:TrackPointExtension>
      <gpxtpx:hr>156</gpxtpx:hr>
      <gpxtpx:cad>74</gpxtpx:cad>
     </gpxtpx:TrackPointExtension>
    </extensions>
   </trkpt>
   <trkpt lat="29.1416110" lon="119.5345200">
    <ele>32.0</ele>
    <time>2022-02-24T12:49:50Z</time>
    <extensions>
     <gpxtpx:TrackPointExtension>
      <gpxtpx:hr>156</gpxtpx:hr>
      <gpxtpx:cad>74</gpxtpx:cad>
     </gpxtpx:TrackPointExtension>
    </extensions>
   </trkpt>
   <trkpt lat="29.1416170" lon="119.5345100">
    <ele>32.0</ele>
    <time>2022-02-24T12:49:51Z</time>
    <extensions>
     <gpxtpx:TrackPointExtension>
      <gpxtpx:hr>156</gpxtpx:hr>
      <gpxtpx:cad>74</gpxtpx:cad>
     </gpxtpx:TrackPointExtension>
    </extensions>
   </trkpt>
   <trkpt lat="29.1416240" lon="119.5344850">
    <ele>32.0</ele>
    <time>2022-02-24T12:49:52Z</time>
    <extensions>
     <gpxtpx:TrackPointExtension>
      <gpxtpx:hr>156</gpxtpx:hr>
      <gpxtpx:cad>74</gpxtpx:cad>
     </gpxtpx:TrackPointExtension>
    </extensions>
   </trkpt>
   <trkpt lat="29.1416280" lon="119.5344600">
    <ele>32.0</ele>
    <time>2022-02-24T12:49:53Z</time>
    <extensions>
     <gpxtpx:TrackPointExtension>
      <gpxtpx:hr>156</gpxtpx:hr>
      <gpxtpx:cad>74</gpxtpx:cad>
     </gpxtpx:TrackPointExtension>
    </extensions>
   </trkpt>
   <trkpt lat="29.1416340" lon="119.5344400">
    <ele>31.9</ele>
    <time>2022-02-24T12:49:54Z</time>
    <extensions>
     <gpxtpx:TrackPointExtension>
      <gpxtpx:hr>156</gpxtpx:hr>
      <gpxtpx:cad>74</gpxtpx:cad>
     </gpxtpx:TrackPointExtension>
    </extensions>
   </trkpt>
   <trkpt lat="29.1416420" lon="119.5344200">
    <ele>32.0</ele>
    <time>2022-02-24T12:49:55Z</time>
    <extensions>
     <gpxtpx:TrackPointExtension>
      <gpxtpx:hr>156</gpxtpx:hr>
      <gpxtpx:cad>74</gpxtpx:cad>
     </gpxtpx:TrackPointExtension>
    </extensions>
   </trkpt>
   <trkpt lat="29.1416450" lon="119.5343900">
    <ele>32.0</ele>
    <time>2022-02-24T12:49:56Z</time>
    <extensions>
     <gpxtpx:TrackPointExtension>
      <gpxtpx:hr>156</gpxtpx:hr>
      <gpxtpx:cad>74</gpxtpx:cad>
     </gpxtpx:TrackPointExtension>
    </extensions>
   </trkpt>
   <trkpt lat="29.1416510" lon="119.5343700">
    <ele>32.0</ele>
    <time>2022-02-24T12:49:57Z</time>
    <extensions>
     <gpxtpx:TrackPointExtension>
      <gpxtpx:hr>156</gpxtpx:hr>
      <gpxtpx:cad>74</gpxtpx:cad>
     </gpxtpx:TrackPointExtension>
    </extensions>
   </trkpt>
   <trkpt lat="29.1416570" lon="119.5343500">
    <ele>32.0</ele>
    <time>2022-02-24T12:49:58Z</time>
    <extensions>
     <gpxtpx:TrackPointExtension>
      <gpxtpx:hr>156</gpxtpx:hr>
      <gpxtpx:cad>74</gpxtpx:cad>
     </gpxtpx:TrackPointExtension>
    </extensions>
   </trkpt>
   <trkpt lat="29.1416660" lon="119.5343250">
    <ele>32.0</ele>
    <time>2022-02-24T12:49:59Z</time>
    <extensions>
     <gpxtpx:TrackPointExtension>
      <gpxtpx:hr>156</gpxtpx:hr>
      <gpxtpx:cad>74</gpxtpx:cad>
     </gpxtpx:TrackPointExtension>
    </extensions>
   </trkpt>
   <trkpt lat="29.1416720" lon="119.5343000">
    <ele>32.0</ele>
    <time>2022-02-24T12:50:00Z</time>
    <extensions>
     <gpxtpx:TrackPointExtension>
      <gpxtpx:hr>156</gpxtpx:hr>
      <gpxtpx:cad>87</gpxtpx:cad>
     </gpxtpx:TrackPointExtension>
    </extensions>
   </trkpt>
   <trkpt lat="29.1416720" lon="119.5343000">
    <ele>32.0</ele>
    <time>2022-02-24T12:50:00Z</time>
    <extensions>
     <gpxtpx:TrackPointExtension>
      <gpxtpx:hr>155</gpxtpx:hr>
      <gpxtpx:cad>87</gpxtpx:cad>
     </gpxtpx:TrackPointExtension>
    </extensions>
   </trkpt>
   <trkpt lat="29.1416800" lon="119.5342900">
    <ele>32.0</ele>
    <time>2022-02-24T12:50:01Z</time>
    <extensions>
     <gpxtpx:TrackPointExtension>
      <gpxtpx:hr>155</gpxtpx:hr>
      <gpxtpx:cad>87</gpxtpx:cad>
     </gpxtpx:TrackPointExtension>
    </extensions>
   </trkpt>
   <trkpt lat="29.1416900" lon="119.5342600">
    <ele>32.0</ele>
    <time>2022-02-24T12:50:02Z</time>
    <extensions>
     <gpxtpx:TrackPointExtension>
      <gpxtpx:hr>155</gpxtpx:hr>
      <gpxtpx:cad>87</gpxtpx:cad>
     </gpxtpx:TrackPointExtension>
    </extensions>
   </trkpt>
   <trkpt lat="29.1416990" lon="119.5342400">
    <ele>32.0</ele>
    <time>2022-02-24T12:50:03Z</time>
    <extensions>
     <gpxtpx:TrackPointExtension>
      <gpxtpx:hr>155</gpxtpx:hr>
      <gpxtpx:cad>87</gpxtpx:cad>
     </gpxtpx:TrackPointExtension>
    </extensions>
   </trkpt>
   <trkpt lat="29.1417050" lon="119.5342200">
    <ele>32.1</ele>
    <time>2022-02-24T12:50:04Z</time>
    <extensions>
     <gpxtpx:TrackPointExtension>
      <gpxtpx:hr>155</gpxtpx:hr>
      <gpxtpx:cad>87</gpxtpx:cad>
     </gpxtpx:TrackPointExtension>
    </extensions>
   </trkpt>
   <trkpt lat="29.1417140" lon="119.5341950">
    <ele>32.2</ele>
    <time>2022-02-24T12:50:05Z</time>
    <extensions>
     <gpxtpx:TrackPointExtension>
      <gpxtpx:hr>155</gpxtpx:hr>
      <gpxtpx:cad>87</gpxtpx:cad>
     </gpxtpx:TrackPointExtension>
    </extensions>
   </trkpt>
   <trkpt lat="29.1417450" lon="119.5341600">
    <ele>32.6</ele>
    <time>2022-02-24T12:50:06Z</time>
    <extensions>
     <gpxtpx:TrackPointExtension>
      <gpxtpx:hr>155</gpxtpx:hr>
      <gpxtpx:cad>93</gpxtpx:cad>
     </gpxtpx:TrackPointExtension>
    </extensions>
   </trkpt>
   <trkpt lat="29.1417600" lon="119.5341340">
    <ele>32.6</ele>
    <time>2022-02-24T12:50:07Z</time>
    <extensions>
     <gpxtpx:TrackPointExtension>
      <gpxtpx:hr>155</gpxtpx:hr>
      <gpxtpx:cad>93</gpxtpx:cad>
     </gpxtpx:TrackPointExtension>
    </extensions>
   </trkpt>
   <trkpt lat="29.1417700" lon="119.5341200">
    <ele>32.8</ele>
    <time>2022-02-24T12:50:08Z</time>
    <extensions>
     <gpxtpx:TrackPointExtension>
      <gpxtpx:hr>155</gpxtpx:hr>
      <gpxtpx:cad>93</gpxtpx:cad>
     </gpxtpx:TrackPointExtension>
    </extensions>
   </trkpt>
   <trkpt lat="29.1417790" lon="119.5340960">
    <ele>32.8</ele>
    <time>2022-02-24T12:50:09Z</time>
    <extensions>
     <gpxtpx:TrackPointExtension>
      <gpxtpx:hr>155</gpxtpx:hr>
      <gpxtpx:cad>93</gpxtpx:cad>
     </gpxtpx:TrackPointExtension>
    </extensions>
   </trkpt>
   <trkpt lat="29.1417880" lon="119.5340800">
    <ele>33.0</ele>
    <time>2022-02-24T12:50:10Z</time>
    <extensions>
     <gpxtpx:TrackPointExtension>
      <gpxtpx:hr>155</gpxtpx:hr>
      <gpxtpx:cad>90</gpxtpx:cad>
     </gpxtpx:TrackPointExtension>
    </extensions>
   </trkpt>
   <trkpt lat="29.1417880" lon="119.5340800">
    <ele>33.0</ele>
    <time>2022-02-24T12:50:10Z</time>
    <extensions>
     <gpxtpx:TrackPointExtension>
      <gpxtpx:hr>155</gpxtpx:hr>
      <gpxtpx:cad>90</gpxtpx:cad>
     </gpxtpx:TrackPointExtension>
    </extensions>
   </trkpt>
   <trkpt lat="29.1417900" lon="119.5340500">
    <ele>33.0</ele>
    <time>2022-02-24T12:50:11Z</time>
    <extensions>
     <gpxtpx:TrackPointExtension>
      <gpxtpx:hr>155</gpxtpx:hr>
      <gpxtpx:cad>90</gpxtpx:cad>
     </gpxtpx:TrackPointExtension>
    </extensions>
   </trkpt>
   <trkpt lat="29.1417940" lon="119.5340300">
    <ele>33.0</ele>
    <time>2022-02-24T12:50:12Z</time>
    <extensions>
     <gpxtpx:TrackPointExtension>
      <gpxtpx:hr>155</gpxtpx:hr>
      <gpxtpx:cad>90</gpxtpx:cad>
     </gpxtpx:TrackPointExtension>
    </extensions>
   </trkpt>
   <trkpt lat="29.1417980" lon="119.5340040">
    <ele>33.0</ele>
    <time>2022-02-24T12:50:13Z</time>
    <extensions>
     <gpxtpx:TrackPointExtension>
      <gpxtpx:hr>155</gpxtpx:hr>
      <gpxtpx:cad>90</gpxtpx:cad>
     </gpxtpx:TrackPointExtension>
    </extensions>
   </trkpt>
   <trkpt lat="29.1418060" lon="119.5339800">
    <ele>33.0</ele>
    <time>2022-02-24T12:50:14Z</time>
    <extensions>
     <gpxtpx:TrackPointExtension>
      <gpxtpx:hr>155</gpxtpx:hr>
      <gpxtpx:cad>90</gpxtpx:cad>
     </gpxtpx:TrackPointExtension>
    </extensions>
   </trkpt>
   <trkpt lat="29.1418080" lon="119.5339600">
    <ele>33.0</ele>
    <time>2022-02-24T12:50:15Z</time>
    <extensions>
     <gpxtpx:TrackPointExtension>
      <gpxtpx:hr>155</gpxtpx:hr>
      <gpxtpx:cad>90</gpxtpx:cad>
     </gpxtpx:TrackPointExtension>
    </extensions>
   </trkpt>
   <trkpt lat="29.1418130" lon="119.5339360">
    <ele>33.0</ele>
    <time>2022-02-24T12:50:16Z</time>
    <extensions>
     <gpxtpx:TrackPointExtension>
      <gpxtpx:hr>155</gpxtpx:hr>
      <gpxtpx:cad>90</gpxtpx:cad>
     </gpxtpx:TrackPointExtension>
    </extensions>
   </trkpt>
   <trkpt lat="29.1418200" lon="119.5339200">
    <ele>33.0</ele>
    <time>2022-02-24T12:50:17Z</time>
    <extensions>
     <gpxtpx:TrackPointExtension>
      <gpxtpx:hr>155</gpxtpx:hr>
      <gpxtpx:cad>85</gpxtpx:cad>
     </gpxtpx:TrackPointExtension>
    </extensions>
   </trkpt>
   <trkpt lat="29.1418290" lon="119.5339000">
    <ele>33.0</ele>
    <time>2022-02-24T12:50:18Z</time>
    <extensions>
     <gpxtpx:TrackPointExtension>
      <gpxtpx:hr>155</gpxtpx:hr>
      <gpxtpx:cad>85</gpxtpx:cad>
     </gpxtpx:TrackPointExtension>
    </extensions>
   </trkpt>
   <trkpt lat="29.1418340" lon="119.5338750">
    <ele>33.0</ele>
    <time>2022-02-24T12:50:19Z</time>
    <extensions>
     <gpxtpx:TrackPointExtension>
      <gpxtpx:hr>155</gpxtpx:hr>
      <gpxtpx:cad>85</gpxtpx:cad>
     </gpxtpx:TrackPointExtension>
    </extensions>
   </trkpt>
   <trkpt lat="29.1418440" lon="119.5338440">
    <ele>33.2</ele>
    <time>2022-02-24T12:50:20Z</time>
    <extensions>
     <gpxtpx:TrackPointExtension>
      <gpxtpx:hr>157</gpxtpx:hr>
      <gpxtpx:cad>85</gpxtpx:cad>
     </gpxtpx:TrackPointExtension>
    </extensions>
   </trkpt>
   <trkpt lat="29.1418440" lon="119.5338440">
    <ele>33.2</ele>
    <time>2022-02-24T12:50:20Z</time>
    <extensions>
     <gpxtpx:TrackPointExtension>
      <gpxtpx:hr>157</gpxtpx:hr>
      <gpxtpx:cad>87</gpxtpx:cad>
     </gpxtpx:TrackPointExtension>
    </extensions>
   </trkpt>
   <trkpt lat="29.1418530" lon="119.5338200">
    <ele>33.3</ele>
    <time>2022-02-24T12:50:21Z</time>
    <extensions>
     <gpxtpx:TrackPointExtension>
      <gpxtpx:hr>157</gpxtpx:hr>
      <gpxtpx:cad>87</gpxtpx:cad>
     </gpxtpx:TrackPointExtension>
    </extensions>
   </trkpt>
   <trkpt lat="29.1418600" lon="119.5338000">
    <ele>33.5</ele>
    <time>2022-02-24T12:50:22Z</time>
    <extensions>
     <gpxtpx:TrackPointExtension>
      <gpxtpx:hr>157</gpxtpx:hr>
      <gpxtpx:cad>87</gpxtpx:cad>
     </gpxtpx:TrackPointExtension>
    </extensions>
   </trkpt>
   <trkpt lat="29.1418630" lon="119.5337750">
    <ele>33.7</ele>
    <time>2022-02-24T12:50:23Z</time>
    <extensions>
     <gpxtpx:TrackPointExtension>
      <gpxtpx:hr>157</gpxtpx:hr>
      <gpxtpx:cad>87</gpxtpx:cad>
     </gpxtpx:TrackPointExtension>
    </extensions>
   </trkpt>
   <trkpt lat="29.1418670" lon="119.5337450">
    <ele>33.7</ele>
    <time>2022-02-24T12:50:24Z</time>
    <extensions>
     <gpxtpx:TrackPointExtension>
      <gpxtpx:hr>157</gpxtpx:hr>
      <gpxtpx:cad>87</gpxtpx:cad>
     </gpxtpx:TrackPointExtension>
    </extensions>
   </trkpt>
   <trkpt lat="29.1418760" lon="119.5337300">
    <ele>33.8</ele>
    <time>2022-02-24T12:50:25Z</time>
    <extensions>
     <gpxtpx:TrackPointExtension>
      <gpxtpx:hr>157</gpxtpx:hr>
      <gpxtpx:cad>87</gpxtpx:cad>
     </gpxtpx:TrackPointExtension>
    </extensions>
   </trkpt>
   <trkpt lat="29.1418840" lon="119.5337100">
    <ele>33.8</ele>
    <time>2022-02-24T12:50:26Z</time>
    <extensions>
     <gpxtpx:TrackPointExtension>
      <gpxtpx:hr>157</gpxtpx:hr>
      <gpxtpx:cad>87</gpxtpx:cad>
     </gpxtpx:TrackPointExtension>
    </extensions>
   </trkpt>
   <trkpt lat="29.1418950" lon="119.5336800">
    <ele>33.9</ele>
    <time>2022-02-24T12:50:27Z</time>
    <extensions>
     <gpxtpx:TrackPointExtension>
      <gpxtpx:hr>157</gpxtpx:hr>
      <gpxtpx:cad>87</gpxtpx:cad>
     </gpxtpx:TrackPointExtension>
    </extensions>
   </trkpt>
   <trkpt lat="29.1419070" lon="119.5336600">
    <ele>33.9</ele>
    <time>2022-02-24T12:50:28Z</time>
    <extensions>
     <gpxtpx:TrackPointExtension>
      <gpxtpx:hr>157</gpxtpx:hr>
      <gpxtpx:cad>87</gpxtpx:cad>
     </gpxtpx:TrackPointExtension>
    </extensions>
   </trkpt>
   <trkpt lat="29.1419120" lon="119.5336400">
    <ele>33.9</ele>
    <time>2022-02-24T12:50:29Z</time>
    <extensions>
     <gpxtpx:TrackPointExtension>
      <gpxtpx:hr>157</gpxtpx:hr>
      <gpxtpx:cad>87</gpxtpx:cad>
     </gpxtpx:TrackPointExtension>
    </extensions>
   </trkpt>
   <trkpt lat="29.1419240" lon="119.5336150">
    <ele>33.9</ele>
    <time>2022-02-24T12:50:30Z</time>
    <extensions>
     <gpxtpx:TrackPointExtension>
      <gpxtpx:hr>156</gpxtpx:hr>
      <gpxtpx:cad>87</gpxtpx:cad>
     </gpxtpx:TrackPointExtension>
    </extensions>
   </trkpt>
   <trkpt lat="29.1419240" lon="119.5336150">
    <ele>33.9</ele>
    <time>2022-02-24T12:50:30Z</time>
    <extensions>
     <gpxtpx:TrackPointExtension>
      <gpxtpx:hr>156</gpxtpx:hr>
      <gpxtpx:cad>86</gpxtpx:cad>
     </gpxtpx:TrackPointExtension>
    </extensions>
   </trkpt>
   <trkpt lat="29.1419260" lon="119.5335900">
    <ele>33.9</ele>
    <time>2022-02-24T12:50:31Z</time>
    <extensions>
     <gpxtpx:TrackPointExtension>
      <gpxtpx:hr>156</gpxtpx:hr>
      <gpxtpx:cad>86</gpxtpx:cad>
     </gpxtpx:TrackPointExtension>
    </extensions>
   </trkpt>
   <trkpt lat="29.1419280" lon="119.5335700">
    <ele>33.9</ele>
    <time>2022-02-24T12:50:32Z</time>
    <extensions>
     <gpxtpx:TrackPointExtension>
      <gpxtpx:hr>156</gpxtpx:hr>
      <gpxtpx:cad>86</gpxtpx:cad>
     </gpxtpx:TrackPointExtension>
    </extensions>
   </trkpt>
   <trkpt lat="29.1419330" lon="119.5335400">
    <ele>33.6</ele>
    <time>2022-02-24T12:50:33Z</time>
    <extensions>
     <gpxtpx:TrackPointExtension>
      <gpxtpx:hr>156</gpxtpx:hr>
      <gpxtpx:cad>86</gpxtpx:cad>
     </gpxtpx:TrackPointExtension>
    </extensions>
   </trkpt>
   <trkpt lat="29.1419350" lon="119.5335160">
    <ele>33.5</ele>
    <time>2022-02-24T12:50:34Z</time>
    <extensions>
     <gpxtpx:TrackPointExtension>
      <gpxtpx:hr>156</gpxtpx:hr>
      <gpxtpx:cad>86</gpxtpx:cad>
     </gpxtpx:TrackPointExtension>
    </extensions>
   </trkpt>
   <trkpt lat="29.1419430" lon="119.5334900">
    <ele>33.5</ele>
    <time>2022-02-24T12:50:35Z</time>
    <extensions>
     <gpxtpx:TrackPointExtension>
      <gpxtpx:hr>156</gpxtpx:hr>
      <gpxtpx:cad>86</gpxtpx:cad>
     </gpxtpx:TrackPointExtension>
    </extensions>
   </trkpt>
   <trkpt lat="29.1419560" lon="119.5334800">
    <ele>33.3</ele>
    <time>2022-02-24T12:50:36Z</time>
    <extensions>
     <gpxtpx:TrackPointExtension>
      <gpxtpx:hr>156</gpxtpx:hr>
      <gpxtpx:cad>86</gpxtpx:cad>
     </gpxtpx:TrackPointExtension>
    </extensions>
   </trkpt>
   <trkpt lat="29.1419680" lon="119.5334500">
    <ele>33.2</ele>
    <time>2022-02-24T12:50:37Z</time>
    <extensions>
     <gpxtpx:TrackPointExtension>
      <gpxtpx:hr>156</gpxtpx:hr>
      <gpxtpx:cad>86</gpxtpx:cad>
     </gpxtpx:TrackPointExtension>
    </extensions>
   </trkpt>
   <trkpt lat="29.1419770" lon="119.5334240">
    <ele>33.1</ele>
    <time>2022-02-24T12:50:38Z</time>
    <extensions>
     <gpxtpx:TrackPointExtension>
      <gpxtpx:hr>156</gpxtpx:hr>
      <gpxtpx:cad>86</gpxtpx:cad>
     </gpxtpx:TrackPointExtension>
    </extensions>
   </trkpt>
   <trkpt lat="29.1419870" lon="119.5334000">
    <ele>33.1</ele>
    <time>2022-02-24T12:50:39Z</time>
    <extensions>
     <gpxtpx:TrackPointExtension>
      <gpxtpx:hr>154</gpxtpx:hr>
      <gpxtpx:cad>86</gpxtpx:cad>
     </gpxtpx:TrackPointExtension>
    </extensions>
   </trkpt>
   <trkpt lat="29.1420000" lon="119.5333800">
    <ele>33.0</ele>
    <time>2022-02-24T12:50:40Z</time>
    <extensions>
     <gpxtpx:TrackPointExtension>
      <gpxtpx:hr>154</gpxtpx:hr>
      <gpxtpx:cad>83</gpxtpx:cad>
     </gpxtpx:TrackPointExtension>
    </extensions>
   </trkpt>
   <trkpt lat="29.1420100" lon="119.5333500">
    <ele>32.7</ele>
    <time>2022-02-24T12:50:41Z</time>
    <extensions>
     <gpxtpx:TrackPointExtension>
      <gpxtpx:hr>154</gpxtpx:hr>
      <gpxtpx:cad>83</gpxtpx:cad>
     </gpxtpx:TrackPointExtension>
    </extensions>
   </trkpt>
   <trkpt lat="29.1420170" lon="119.5333300">
    <ele>32.7</ele>
    <time>2022-02-24T12:50:42Z</time>
    <extensions>
     <gpxtpx:TrackPointExtension>
      <gpxtpx:hr>154</gpxtpx:hr>
      <gpxtpx:cad>83</gpxtpx:cad>
     </gpxtpx:TrackPointExtension>
    </extensions>
   </trkpt>
   <trkpt lat="29.1420250" lon="119.5333100">
    <ele>32.7</ele>
    <time>2022-02-24T12:50:43Z</time>
    <extensions>
     <gpxtpx:TrackPointExtension>
      <gpxtpx:hr>154</gpxtpx:hr>
      <gpxtpx:cad>83</gpxtpx:cad>
     </gpxtpx:TrackPointExtension>
    </extensions>
   </trkpt>
   <trkpt lat="29.1420350" lon="119.5332800">
    <ele>32.5</ele>
    <time>2022-02-24T12:50:44Z</time>
    <extensions>
     <gpxtpx:TrackPointExtension>
      <gpxtpx:hr>154</gpxtpx:hr>
      <gpxtpx:cad>83</gpxtpx:cad>
     </gpxtpx:TrackPointExtension>
    </extensions>
   </trkpt>
   <trkpt lat="29.1420440" lon="119.5332600">
    <ele>32.1</ele>
    <time>2022-02-24T12:50:45Z</time>
    <extensions>
     <gpxtpx:TrackPointExtension>
      <gpxtpx:hr>154</gpxtpx:hr>
      <gpxtpx:cad>83</gpxtpx:cad>
     </gpxtpx:TrackPointExtension>
    </extensions>
   </trkpt>
   <trkpt lat="29.1420570" lon="119.5332300">
    <ele>32.1</ele>
    <time>2022-02-24T12:50:46Z</time>
    <extensions>
     <gpxtpx:TrackPointExtension>
      <gpxtpx:hr>154</gpxtpx:hr>
      <gpxtpx:cad>83</gpxtpx:cad>
     </gpxtpx:TrackPointExtension>
    </extensions>
   </trkpt>
   <trkpt lat="29.1420650" lon="119.5332100">
    <ele>31.9</ele>
    <time>2022-02-24T12:50:47Z</time>
    <extensions>
     <gpxtpx:TrackPointExtension>
      <gpxtpx:hr>154</gpxtpx:hr>
      <gpxtpx:cad>83</gpxtpx:cad>
     </gpxtpx:TrackPointExtension>
    </extensions>
   </trkpt>
   <trkpt lat="29.1420730" lon="119.5331950">
    <ele>31.9</ele>
    <time>2022-02-24T12:50:48Z</time>
    <extensions>
     <gpxtpx:TrackPointExtension>
      <gpxtpx:hr>154</gpxtpx:hr>
      <gpxtpx:cad>83</gpxtpx:cad>
     </gpxtpx:TrackPointExtension>
    </extensions>
   </trkpt>
   <trkpt lat="29.1420820" lon="119.5331700">
    <ele>31.7</ele>
    <time>2022-02-24T12:50:49Z</time>
    <extensions>
     <gpxtpx:TrackPointExtension>
      <gpxtpx:hr>152</gpxtpx:hr>
      <gpxtpx:cad>83</gpxtpx:cad>
     </gpxtpx:TrackPointExtension>
    </extensions>
   </trkpt>
   <trkpt lat="29.1420820" lon="119.5331500">
    <ele>31.7</ele>
    <time>2022-02-24T12:50:50Z</time>
    <extensions>
     <gpxtpx:TrackPointExtension>
      <gpxtpx:hr>152</gpxtpx:hr>
      <gpxtpx:cad>85</gpxtpx:cad>
     </gpxtpx:TrackPointExtension>
    </extensions>
   </trkpt>
   <trkpt lat="29.1420940" lon="119.5331300">
    <ele>31.7</ele>
    <time>2022-02-24T12:50:51Z</time>
    <extensions>
     <gpxtpx:TrackPointExtension>
      <gpxtpx:hr>152</gpxtpx:hr>
      <gpxtpx:cad>85</gpxtpx:cad>
     </gpxtpx:TrackPointExtension>
    </extensions>
   </trkpt>
   <trkpt lat="29.1421010" lon="119.5331040">
    <ele>31.7</ele>
    <time>2022-02-24T12:50:52Z</time>
    <extensions>
     <gpxtpx:TrackPointExtension>
      <gpxtpx:hr>152</gpxtpx:hr>
      <gpxtpx:cad>85</gpxtpx:cad>
     </gpxtpx:TrackPointExtension>
    </extensions>
   </trkpt>
   <trkpt lat="29.1421130" lon="119.5330800">
    <ele>31.7</ele>
    <time>2022-02-24T12:50:53Z</time>
    <extensions>
     <gpxtpx:TrackPointExtension>
      <gpxtpx:hr>152</gpxtpx:hr>
      <gpxtpx:cad>85</gpxtpx:cad>
     </gpxtpx:TrackPointExtension>
    </extensions>
   </trkpt>
   <trkpt lat="29.1421200" lon="119.5330600">
    <ele>31.4</ele>
    <time>2022-02-24T12:50:54Z</time>
    <extensions>
     <gpxtpx:TrackPointExtension>
      <gpxtpx:hr>152</gpxtpx:hr>
      <gpxtpx:cad>85</gpxtpx:cad>
     </gpxtpx:TrackPointExtension>
    </extensions>
   </trkpt>
   <trkpt lat="29.1421300" lon="119.5330300">
    <ele>31.4</ele>
    <time>2022-02-24T12:50:55Z</time>
    <extensions>
     <gpxtpx:TrackPointExtension>
      <gpxtpx:hr>152</gpxtpx:hr>
      <gpxtpx:cad>85</gpxtpx:cad>
     </gpxtpx:TrackPointExtension>
    </extensions>
   </trkpt>
   <trkpt lat="29.1421430" lon="119.5330050">
    <ele>31.4</ele>
    <time>2022-02-24T12:50:56Z</time>
    <extensions>
     <gpxtpx:TrackPointExtension>
      <gpxtpx:hr>152</gpxtpx:hr>
      <gpxtpx:cad>85</gpxtpx:cad>
     </gpxtpx:TrackPointExtension>
    </extensions>
   </trkpt>
   <trkpt lat="29.1421500" lon="119.5329800">
    <ele>31.4</ele>
    <time>2022-02-24T12:50:57Z</time>
    <extensions>
     <gpxtpx:TrackPointExtension>
      <gpxtpx:hr>152</gpxtpx:hr>
      <gpxtpx:cad>85</gpxtpx:cad>
     </gpxtpx:TrackPointExtension>
    </extensions>
   </trkpt>
   <trkpt lat="29.1421620" lon="119.5329600">
    <ele>31.2</ele>
    <time>2022-02-24T12:50:58Z</time>
    <extensions>
     <gpxtpx:TrackPointExtension>
      <gpxtpx:hr>152</gpxtpx:hr>
      <gpxtpx:cad>86</gpxtpx:cad>
     </gpxtpx:TrackPointExtension>
    </extensions>
   </trkpt>
   <trkpt lat="29.1421720" lon="119.5329360">
    <ele>31.2</ele>
    <time>2022-02-24T12:50:59Z</time>
    <extensions>
     <gpxtpx:TrackPointExtension>
      <gpxtpx:hr>151</gpxtpx:hr>
      <gpxtpx:cad>86</gpxtpx:cad>
     </gpxtpx:TrackPointExtension>
    </extensions>
   </trkpt>
   <trkpt lat="29.1421740" lon="119.5329060">
    <ele>31.2</ele>
    <time>2022-02-24T12:51:00Z</time>
    <extensions>
     <gpxtpx:TrackPointExtension>
      <gpxtpx:hr>151</gpxtpx:hr>
      <gpxtpx:cad>87</gpxtpx:cad>
     </gpxtpx:TrackPointExtension>
    </extensions>
   </trkpt>
   <trkpt lat="29.1421800" lon="119.5328800">
    <ele>31.1</ele>
    <time>2022-02-24T12:51:01Z</time>
    <extensions>
     <gpxtpx:TrackPointExtension>
      <gpxtpx:hr>151</gpxtpx:hr>
      <gpxtpx:cad>87</gpxtpx:cad>
     </gpxtpx:TrackPointExtension>
    </extensions>
   </trkpt>
   <trkpt lat="29.1421870" lon="119.5328700">
    <ele>31.1</ele>
    <time>2022-02-24T12:51:02Z</time>
    <extensions>
     <gpxtpx:TrackPointExtension>
      <gpxtpx:hr>151</gpxtpx:hr>
      <gpxtpx:cad>87</gpxtpx:cad>
     </gpxtpx:TrackPointExtension>
    </extensions>
   </trkpt>
   <trkpt lat="29.1421950" lon="119.5328450">
    <ele>30.9</ele>
    <time>2022-02-24T12:51:03Z</time>
    <extensions>
     <gpxtpx:TrackPointExtension>
      <gpxtpx:hr>151</gpxtpx:hr>
      <gpxtpx:cad>87</gpxtpx:cad>
     </gpxtpx:TrackPointExtension>
    </extensions>
   </trkpt>
   <trkpt lat="29.1422000" lon="119.5328200">
    <ele>30.6</ele>
    <time>2022-02-24T12:51:04Z</time>
    <extensions>
     <gpxtpx:TrackPointExtension>
      <gpxtpx:hr>151</gpxtpx:hr>
      <gpxtpx:cad>87</gpxtpx:cad>
     </gpxtpx:TrackPointExtension>
    </extensions>
   </trkpt>
   <trkpt lat="29.1422040" lon="119.5328000">
    <ele>30.6</ele>
    <time>2022-02-24T12:51:05Z</time>
    <extensions>
     <gpxtpx:TrackPointExtension>
      <gpxtpx:hr>151</gpxtpx:hr>
      <gpxtpx:cad>87</gpxtpx:cad>
     </gpxtpx:TrackPointExtension>
    </extensions>
   </trkpt>
   <trkpt lat="29.1422080" lon="119.5327760">
    <ele>30.4</ele>
    <time>2022-02-24T12:51:06Z</time>
    <extensions>
     <gpxtpx:TrackPointExtension>
      <gpxtpx:hr>151</gpxtpx:hr>
      <gpxtpx:cad>87</gpxtpx:cad>
     </gpxtpx:TrackPointExtension>
    </extensions>
   </trkpt>
   <trkpt lat="29.1422100" lon="119.5327500">
    <ele>30.1</ele>
    <time>2022-02-24T12:51:07Z</time>
    <extensions>
     <gpxtpx:TrackPointExtension>
      <gpxtpx:hr>151</gpxtpx:hr>
      <gpxtpx:cad>87</gpxtpx:cad>
     </gpxtpx:TrackPointExtension>
    </extensions>
   </trkpt>
   <trkpt lat="29.1422180" lon="119.5327300">
    <ele>30.1</ele>
    <time>2022-02-24T12:51:08Z</time>
    <extensions>
     <gpxtpx:TrackPointExtension>
      <gpxtpx:hr>151</gpxtpx:hr>
      <gpxtpx:cad>87</gpxtpx:cad>
     </gpxtpx:TrackPointExtension>
    </extensions>
   </trkpt>
   <trkpt lat="29.1422270" lon="119.5327150">
    <ele>30.1</ele>
    <time>2022-02-24T12:51:09Z</time>
    <extensions>
     <gpxtpx:TrackPointExtension>
      <gpxtpx:hr>151</gpxtpx:hr>
      <gpxtpx:cad>87</gpxtpx:cad>
     </gpxtpx:TrackPointExtension>
    </extensions>
   </trkpt>
   <trkpt lat="29.1422330" lon="119.5326840">
    <ele>29.7</ele>
    <time>2022-02-24T12:51:10Z</time>
    <extensions>
     <gpxtpx:TrackPointExtension>
      <gpxtpx:hr>151</gpxtpx:hr>
      <gpxtpx:cad>87</gpxtpx:cad>
     </gpxtpx:TrackPointExtension>
    </extensions>
   </trkpt>
   <trkpt lat="29.1422330" lon="119.5326840">
    <ele>29.7</ele>
    <time>2022-02-24T12:51:10Z</time>
    <extensions>
     <gpxtpx:TrackPointExtension>
      <gpxtpx:hr>151</gpxtpx:hr>
      <gpxtpx:cad>87</gpxtpx:cad>
     </gpxtpx:TrackPointExtension>
    </extensions>
   </trkpt>
   <trkpt lat="29.1422420" lon="119.5326600">
    <ele>29.7</ele>
    <time>2022-02-24T12:51:11Z</time>
    <extensions>
     <gpxtpx:TrackPointExtension>
      <gpxtpx:hr>151</gpxtpx:hr>
      <gpxtpx:cad>87</gpxtpx:cad>
     </gpxtpx:TrackPointExtension>
    </extensions>
   </trkpt>
   <trkpt lat="29.1422480" lon="119.5326400">
    <ele>29.7</ele>
    <time>2022-02-24T12:51:12Z</time>
    <extensions>
     <gpxtpx:TrackPointExtension>
      <gpxtpx:hr>151</gpxtpx:hr>
      <gpxtpx:cad>87</gpxtpx:cad>
     </gpxtpx:TrackPointExtension>
    </extensions>
   </trkpt>
   <trkpt lat="29.1422540" lon="119.5326160">
    <ele>29.7</ele>
    <time>2022-02-24T12:51:13Z</time>
    <extensions>
     <gpxtpx:TrackPointExtension>
      <gpxtpx:hr>151</gpxtpx:hr>
      <gpxtpx:cad>87</gpxtpx:cad>
     </gpxtpx:TrackPointExtension>
    </extensions>
   </trkpt>
   <trkpt lat="29.1422600" lon="119.5325900">
    <ele>29.7</ele>
    <time>2022-02-24T12:51:14Z</time>
    <extensions>
     <gpxtpx:TrackPointExtension>
      <gpxtpx:hr>151</gpxtpx:hr>
      <gpxtpx:cad>87</gpxtpx:cad>
     </gpxtpx:TrackPointExtension>
    </extensions>
   </trkpt>
   <trkpt lat="29.1422650" lon="119.5325800">
    <ele>29.7</ele>
    <time>2022-02-24T12:51:15Z</time>
    <extensions>
     <gpxtpx:TrackPointExtension>
      <gpxtpx:hr>151</gpxtpx:hr>
      <gpxtpx:cad>87</gpxtpx:cad>
     </gpxtpx:TrackPointExtension>
    </extensions>
   </trkpt>
   <trkpt lat="29.1422710" lon="119.5325500">
    <ele>29.4</ele>
    <time>2022-02-24T12:51:16Z</time>
    <extensions>
     <gpxtpx:TrackPointExtension>
      <gpxtpx:hr>151</gpxtpx:hr>
      <gpxtpx:cad>87</gpxtpx:cad>
     </gpxtpx:TrackPointExtension>
    </extensions>
   </trkpt>
   <trkpt lat="29.1422770" lon="119.5325240">
    <ele>29.5</ele>
    <time>2022-02-24T12:51:17Z</time>
    <extensions>
     <gpxtpx:TrackPointExtension>
      <gpxtpx:hr>151</gpxtpx:hr>
      <gpxtpx:cad>87</gpxtpx:cad>
     </gpxtpx:TrackPointExtension>
    </extensions>
   </trkpt>
   <trkpt lat="29.1422820" lon="119.5325000">
    <ele>29.5</ele>
    <time>2022-02-24T12:51:18Z</time>
    <extensions>
     <gpxtpx:TrackPointExtension>
      <gpxtpx:hr>151</gpxtpx:hr>
      <gpxtpx:cad>87</gpxtpx:cad>
     </gpxtpx:TrackPointExtension>
    </extensions>
   </trkpt>
   <trkpt lat="29.1422880" lon="119.5324800">
    <ele>29.8</ele>
    <time>2022-02-24T12:51:19Z</time>
    <extensions>
     <gpxtpx:TrackPointExtension>
      <gpxtpx:hr>151</gpxtpx:hr>
      <gpxtpx:cad>87</gpxtpx:cad>
     </gpxtpx:TrackPointExtension>
    </extensions>
   </trkpt>
   <trkpt lat="29.1422940" lon="119.5324550">
    <ele>29.8</ele>
    <time>2022-02-24T12:51:20Z</time>
    <extensions>
     <gpxtpx:TrackPointExtension>
      <gpxtpx:hr>153</gpxtpx:hr>
      <gpxtpx:cad>87</gpxtpx:cad>
     </gpxtpx:TrackPointExtension>
    </extensions>
   </trkpt>
   <trkpt lat="29.1422940" lon="119.5324550">
    <ele>29.8</ele>
    <time>2022-02-24T12:51:20Z</time>
    <extensions>
     <gpxtpx:TrackPointExtension>
      <gpxtpx:hr>153</gpxtpx:hr>
      <gpxtpx:cad>88</gpxtpx:cad>
     </gpxtpx:TrackPointExtension>
    </extensions>
   </trkpt>
   <trkpt lat="29.1423000" lon="119.5324250">
    <ele>30.1</ele>
    <time>2022-02-24T12:51:21Z</time>
    <extensions>
     <gpxtpx:TrackPointExtension>
      <gpxtpx:hr>153</gpxtpx:hr>
      <gpxtpx:cad>88</gpxtpx:cad>
     </gpxtpx:TrackPointExtension>
    </extensions>
   </trkpt>
   <trkpt lat="29.1422960" lon="119.5323940">
    <ele>30.4</ele>
    <time>2022-02-24T12:51:22Z</time>
    <extensions>
     <gpxtpx:TrackPointExtension>
      <gpxtpx:hr>153</gpxtpx:hr>
      <gpxtpx:cad>88</gpxtpx:cad>
     </gpxtpx:TrackPointExtension>
    </extensions>
   </trkpt>
   <trkpt lat="29.1422940" lon="119.5323700">
    <ele>30.4</ele>
    <time>2022-02-24T12:51:23Z</time>
    <extensions>
     <gpxtpx:TrackPointExtension>
      <gpxtpx:hr>153</gpxtpx:hr>
      <gpxtpx:cad>88</gpxtpx:cad>
     </gpxtpx:TrackPointExtension>
    </extensions>
   </trkpt>
   <trkpt lat="29.1422980" lon="119.5323400">
    <ele>30.6</ele>
    <time>2022-02-24T12:51:24Z</time>
    <extensions>
     <gpxtpx:TrackPointExtension>
      <gpxtpx:hr>153</gpxtpx:hr>
      <gpxtpx:cad>88</gpxtpx:cad>
     </gpxtpx:TrackPointExtension>
    </extensions>
   </trkpt>
   <trkpt lat="29.1423050" lon="119.5323200">
    <ele>31.1</ele>
    <time>2022-02-24T12:51:25Z</time>
    <extensions>
     <gpxtpx:TrackPointExtension>
      <gpxtpx:hr>153</gpxtpx:hr>
      <gpxtpx:cad>88</gpxtpx:cad>
     </gpxtpx:TrackPointExtension>
    </extensions>
   </trkpt>
   <trkpt lat="29.1423150" lon="119.5322950">
    <ele>31.1</ele>
    <time>2022-02-24T12:51:26Z</time>
    <extensions>
     <gpxtpx:TrackPointExtension>
      <gpxtpx:hr>153</gpxtpx:hr>
      <gpxtpx:cad>88</gpxtpx:cad>
     </gpxtpx:TrackPointExtension>
    </extensions>
   </trkpt>
   <trkpt lat="29.1423200" lon="119.5322700">
    <ele>31.4</ele>
    <time>2022-02-24T12:51:27Z</time>
    <extensions>
     <gpxtpx:TrackPointExtension>
      <gpxtpx:hr>153</gpxtpx:hr>
      <gpxtpx:cad>88</gpxtpx:cad>
     </gpxtpx:TrackPointExtension>
    </extensions>
   </trkpt>
   <trkpt lat="29.1423320" lon="119.5322600">
    <ele>31.4</ele>
    <time>2022-02-24T12:51:28Z</time>
    <extensions>
     <gpxtpx:TrackPointExtension>
      <gpxtpx:hr>153</gpxtpx:hr>
      <gpxtpx:cad>88</gpxtpx:cad>
     </gpxtpx:TrackPointExtension>
    </extensions>
   </trkpt>
   <trkpt lat="29.1423440" lon="119.5322400">
    <ele>31.5</ele>
    <time>2022-02-24T12:51:29Z</time>
    <extensions>
     <gpxtpx:TrackPointExtension>
      <gpxtpx:hr>153</gpxtpx:hr>
      <gpxtpx:cad>88</gpxtpx:cad>
     </gpxtpx:TrackPointExtension>
    </extensions>
   </trkpt>
   <trkpt lat="29.1423500" lon="119.5322100">
    <ele>31.8</ele>
    <time>2022-02-24T12:51:30Z</time>
    <extensions>
     <gpxtpx:TrackPointExtension>
      <gpxtpx:hr>153</gpxtpx:hr>
      <gpxtpx:cad>89</gpxtpx:cad>
     </gpxtpx:TrackPointExtension>
    </extensions>
   </trkpt>
   <trkpt lat="29.1423500" lon="119.5322100">
    <ele>31.8</ele>
    <time>2022-02-24T12:51:30Z</time>
    <extensions>
     <gpxtpx:TrackPointExtension>
      <gpxtpx:hr>156</gpxtpx:hr>
      <gpxtpx:cad>89</gpxtpx:cad>
     </gpxtpx:TrackPointExtension>
    </extensions>
   </trkpt>
   <trkpt lat="29.1423470" lon="119.5321800">
    <ele>32.0</ele>
    <time>2022-02-24T12:51:31Z</time>
    <extensions>
     <gpxtpx:TrackPointExtension>
      <gpxtpx:hr>156</gpxtpx:hr>
      <gpxtpx:cad>89</gpxtpx:cad>
     </gpxtpx:TrackPointExtension>
    </extensions>
   </trkpt>
   <trkpt lat="29.1423500" lon="119.5321500">
    <ele>32.0</ele>
    <time>2022-02-24T12:51:32Z</time>
    <extensions>
     <gpxtpx:TrackPointExtension>
      <gpxtpx:hr>156</gpxtpx:hr>
      <gpxtpx:cad>89</gpxtpx:cad>
     </gpxtpx:TrackPointExtension>
    </extensions>
   </trkpt>
   <trkpt lat="29.1423510" lon="119.5321300">
    <ele>32.0</ele>
    <time>2022-02-24T12:51:33Z</time>
    <extensions>
     <gpxtpx:TrackPointExtension>
      <gpxtpx:hr>156</gpxtpx:hr>
      <gpxtpx:cad>89</gpxtpx:cad>
     </gpxtpx:TrackPointExtension>
    </extensions>
   </trkpt>
   <trkpt lat="29.1423550" lon="119.5320900">
    <ele>32.0</ele>
    <time>2022-02-24T12:51:34Z</time>
    <extensions>
     <gpxtpx:TrackPointExtension>
      <gpxtpx:hr>156</gpxtpx:hr>
      <gpxtpx:cad>89</gpxtpx:cad>
     </gpxtpx:TrackPointExtension>
    </extensions>
   </trkpt>
   <trkpt lat="29.1423600" lon="119.5320600">
    <ele>32.0</ele>
    <time>2022-02-24T12:51:35Z</time>
    <extensions>
     <gpxtpx:TrackPointExtension>
      <gpxtpx:hr>156</gpxtpx:hr>
      <gpxtpx:cad>89</gpxtpx:cad>
     </gpxtpx:TrackPointExtension>
    </extensions>
   </trkpt>
   <trkpt lat="29.1423680" lon="119.5320360">
    <ele>32.0</ele>
    <time>2022-02-24T12:51:36Z</time>
    <extensions>
     <gpxtpx:TrackPointExtension>
      <gpxtpx:hr>156</gpxtpx:hr>
      <gpxtpx:cad>89</gpxtpx:cad>
     </gpxtpx:TrackPointExtension>
    </extensions>
   </trkpt>
   <trkpt lat="29.1423740" lon="119.5320050">
    <ele>32.1</ele>
    <time>2022-02-24T12:51:37Z</time>
    <extensions>
     <gpxtpx:TrackPointExtension>
      <gpxtpx:hr>156</gpxtpx:hr>
      <gpxtpx:cad>89</gpxtpx:cad>
     </gpxtpx:TrackPointExtension>
    </extensions>
   </trkpt>
   <trkpt lat="29.1423800" lon="119.5319900">
    <ele>32.4</ele>
    <time>2022-02-24T12:51:38Z</time>
    <extensions>
     <gpxtpx:TrackPointExtension>
      <gpxtpx:hr>156</gpxtpx:hr>
      <gpxtpx:cad>89</gpxtpx:cad>
     </gpxtpx:TrackPointExtension>
    </extensions>
   </trkpt>
   <trkpt lat="29.1423840" lon="119.5319600">
    <ele>32.6</ele>
    <time>2022-02-24T12:51:39Z</time>
    <extensions>
     <gpxtpx:TrackPointExtension>
      <gpxtpx:hr>156</gpxtpx:hr>
      <gpxtpx:cad>89</gpxtpx:cad>
     </gpxtpx:TrackPointExtension>
    </extensions>
   </trkpt>
   <trkpt lat="29.1423900" lon="119.5319400">
    <ele>32.6</ele>
    <time>2022-02-24T12:51:40Z</time>
    <extensions>
     <gpxtpx:TrackPointExtension>
      <gpxtpx:hr>156</gpxtpx:hr>
      <gpxtpx:cad>89</gpxtpx:cad>
     </gpxtpx:TrackPointExtension>
    </extensions>
   </trkpt>
   <trkpt lat="29.1423900" lon="119.5319400">
    <ele>32.6</ele>
    <time>2022-02-24T12:51:40Z</time>
    <extensions>
     <gpxtpx:TrackPointExtension>
      <gpxtpx:hr>156</gpxtpx:hr>
      <gpxtpx:cad>88</gpxtpx:cad>
     </gpxtpx:TrackPointExtension>
    </extensions>
   </trkpt>
   <trkpt lat="29.1423910" lon="119.5319060">
    <ele>32.9</ele>
    <time>2022-02-24T12:51:41Z</time>
    <extensions>
     <gpxtpx:TrackPointExtension>
      <gpxtpx:hr>156</gpxtpx:hr>
      <gpxtpx:cad>88</gpxtpx:cad>
     </gpxtpx:TrackPointExtension>
    </extensions>
   </trkpt>
   <trkpt lat="29.1423930" lon="119.5318800">
    <ele>33.1</ele>
    <time>2022-02-24T12:51:42Z</time>
    <extensions>
     <gpxtpx:TrackPointExtension>
      <gpxtpx:hr>156</gpxtpx:hr>
      <gpxtpx:cad>88</gpxtpx:cad>
     </gpxtpx:TrackPointExtension>
    </extensions>
   </trkpt>
   <trkpt lat="29.1423950" lon="119.5318600">
    <ele>33.1</ele>
    <time>2022-02-24T12:51:43Z</time>
    <extensions>
     <gpxtpx:TrackPointExtension>
      <gpxtpx:hr>156</gpxtpx:hr>
      <gpxtpx:cad>88</gpxtpx:cad>
     </gpxtpx:TrackPointExtension>
    </extensions>
   </trkpt>
   <trkpt lat="29.1423950" lon="119.5318400">
    <ele>33.4</ele>
    <time>2022-02-24T12:51:44Z</time>
    <extensions>
     <gpxtpx:TrackPointExtension>
      <gpxtpx:hr>156</gpxtpx:hr>
      <gpxtpx:cad>88</gpxtpx:cad>
     </gpxtpx:TrackPointExtension>
    </extensions>
   </trkpt>
   <trkpt lat="29.1423970" lon="119.5318150">
    <ele>33.4</ele>
    <time>2022-02-24T12:51:45Z</time>
    <extensions>
     <gpxtpx:TrackPointExtension>
      <gpxtpx:hr>156</gpxtpx:hr>
      <gpxtpx:cad>88</gpxtpx:cad>
     </gpxtpx:TrackPointExtension>
    </extensions>
   </trkpt>
   <trkpt lat="29.1424080" lon="119.5317900">
    <ele>33.6</ele>
    <time>2022-02-24T12:51:46Z</time>
    <extensions>
     <gpxtpx:TrackPointExtension>
      <gpxtpx:hr>156</gpxtpx:hr>
      <gpxtpx:cad>88</gpxtpx:cad>
     </gpxtpx:TrackPointExtension>
    </extensions>
   </trkpt>
   <trkpt lat="29.1424080" lon="119.5317700">
    <ele>33.6</ele>
    <time>2022-02-24T12:51:47Z</time>
    <extensions>
     <gpxtpx:TrackPointExtension>
      <gpxtpx:hr>156</gpxtpx:hr>
      <gpxtpx:cad>88</gpxtpx:cad>
     </gpxtpx:TrackPointExtension>
    </extensions>
   </trkpt>
   <trkpt lat="29.1424120" lon="119.5317500">
    <ele>33.9</ele>
    <time>2022-02-24T12:51:48Z</time>
    <extensions>
     <gpxtpx:TrackPointExtension>
      <gpxtpx:hr>156</gpxtpx:hr>
      <gpxtpx:cad>88</gpxtpx:cad>
     </gpxtpx:TrackPointExtension>
    </extensions>
   </trkpt>
   <trkpt lat="29.1424260" lon="119.5317400">
    <ele>34.1</ele>
    <time>2022-02-24T12:51:49Z</time>
    <extensions>
     <gpxtpx:TrackPointExtension>
      <gpxtpx:hr>157</gpxtpx:hr>
      <gpxtpx:cad>88</gpxtpx:cad>
     </gpxtpx:TrackPointExtension>
    </extensions>
   </trkpt>
   <trkpt lat="29.1424350" lon="119.5317150">
    <ele>34.4</ele>
    <time>2022-02-24T12:51:50Z</time>
    <extensions>
     <gpxtpx:TrackPointExtension>
      <gpxtpx:hr>157</gpxtpx:hr>
      <gpxtpx:cad>87</gpxtpx:cad>
     </gpxtpx:TrackPointExtension>
    </extensions>
   </trkpt>
   <trkpt lat="29.1424450" lon="119.5316900">
    <ele>34.4</ele>
    <time>2022-02-24T12:51:51Z</time>
    <extensions>
     <gpxtpx:TrackPointExtension>
      <gpxtpx:hr>157</gpxtpx:hr>
      <gpxtpx:cad>87</gpxtpx:cad>
     </gpxtpx:TrackPointExtension>
    </extensions>
   </trkpt>
   <trkpt lat="29.1424500" lon="119.5316700">
    <ele>34.6</ele>
    <time>2022-02-24T12:51:52Z</time>
    <extensions>
     <gpxtpx:TrackPointExtension>
      <gpxtpx:hr>157</gpxtpx:hr>
      <gpxtpx:cad>87</gpxtpx:cad>
     </gpxtpx:TrackPointExtension>
    </extensions>
   </trkpt>
   <trkpt lat="29.1424560" lon="119.5316400">
    <ele>34.8</ele>
    <time>2022-02-24T12:51:53Z</time>
    <extensions>
     <gpxtpx:TrackPointExtension>
      <gpxtpx:hr>157</gpxtpx:hr>
      <gpxtpx:cad>87</gpxtpx:cad>
     </gpxtpx:TrackPointExtension>
    </extensions>
   </trkpt>
   <trkpt lat="29.1424580" lon="119.5316100">
    <ele>34.9</ele>
    <time>2022-02-24T12:51:54Z</time>
    <extensions>
     <gpxtpx:TrackPointExtension>
      <gpxtpx:hr>157</gpxtpx:hr>
      <gpxtpx:cad>87</gpxtpx:cad>
     </gpxtpx:TrackPointExtension>
    </extensions>
   </trkpt>
   <trkpt lat="29.1424620" lon="119.5315860">
    <ele>34.9</ele>
    <time>2022-02-24T12:51:55Z</time>
    <extensions>
     <gpxtpx:TrackPointExtension>
      <gpxtpx:hr>157</gpxtpx:hr>
      <gpxtpx:cad>87</gpxtpx:cad>
     </gpxtpx:TrackPointExtension>
    </extensions>
   </trkpt>
   <trkpt lat="29.1424640" lon="119.5315600">
    <ele>34.9</ele>
    <time>2022-02-24T12:51:56Z</time>
    <extensions>
     <gpxtpx:TrackPointExtension>
      <gpxtpx:hr>157</gpxtpx:hr>
      <gpxtpx:cad>87</gpxtpx:cad>
     </gpxtpx:TrackPointExtension>
    </extensions>
   </trkpt>
   <trkpt lat="29.1424660" lon="119.5315400">
    <ele>35.0</ele>
    <time>2022-02-24T12:51:57Z</time>
    <extensions>
     <gpxtpx:TrackPointExtension>
      <gpxtpx:hr>157</gpxtpx:hr>
      <gpxtpx:cad>87</gpxtpx:cad>
     </gpxtpx:TrackPointExtension>
    </extensions>
   </trkpt>
   <trkpt lat="29.1424700" lon="119.5315100">
    <ele>35.0</ele>
    <time>2022-02-24T12:51:58Z</time>
    <extensions>
     <gpxtpx:TrackPointExtension>
      <gpxtpx:hr>157</gpxtpx:hr>
      <gpxtpx:cad>87</gpxtpx:cad>
     </gpxtpx:TrackPointExtension>
    </extensions>
   </trkpt>
   <trkpt lat="29.1424770" lon="119.5314900">
    <ele>35.0</ele>
    <time>2022-02-24T12:51:59Z</time>
    <extensions>
     <gpxtpx:TrackPointExtension>
      <gpxtpx:hr>157</gpxtpx:hr>
      <gpxtpx:cad>87</gpxtpx:cad>
     </gpxtpx:TrackPointExtension>
    </extensions>
   </trkpt>
   <trkpt lat="29.1424850" lon="119.5314600">
    <ele>35.1</ele>
    <time>2022-02-24T12:52:00Z</time>
    <extensions>
     <gpxtpx:TrackPointExtension>
      <gpxtpx:hr>158</gpxtpx:hr>
      <gpxtpx:cad>87</gpxtpx:cad>
     </gpxtpx:TrackPointExtension>
    </extensions>
   </trkpt>
   <trkpt lat="29.1424850" lon="119.5314600">
    <ele>35.1</ele>
    <time>2022-02-24T12:52:00Z</time>
    <extensions>
     <gpxtpx:TrackPointExtension>
      <gpxtpx:hr>158</gpxtpx:hr>
      <gpxtpx:cad>87</gpxtpx:cad>
     </gpxtpx:TrackPointExtension>
    </extensions>
   </trkpt>
   <trkpt lat="29.1424900" lon="119.5314300">
    <ele>35.1</ele>
    <time>2022-02-24T12:52:01Z</time>
    <extensions>
     <gpxtpx:TrackPointExtension>
      <gpxtpx:hr>158</gpxtpx:hr>
      <gpxtpx:cad>87</gpxtpx:cad>
     </gpxtpx:TrackPointExtension>
    </extensions>
   </trkpt>
   <trkpt lat="29.1424940" lon="119.5314100">
    <ele>34.9</ele>
    <time>2022-02-24T12:52:02Z</time>
    <extensions>
     <gpxtpx:TrackPointExtension>
      <gpxtpx:hr>158</gpxtpx:hr>
      <gpxtpx:cad>87</gpxtpx:cad>
     </gpxtpx:TrackPointExtension>
    </extensions>
   </trkpt>
   <trkpt lat="29.1424960" lon="119.5313800">
    <ele>34.9</ele>
    <time>2022-02-24T12:52:03Z</time>
    <extensions>
     <gpxtpx:TrackPointExtension>
      <gpxtpx:hr>158</gpxtpx:hr>
      <gpxtpx:cad>87</gpxtpx:cad>
     </gpxtpx:TrackPointExtension>
    </extensions>
   </trkpt>
   <trkpt lat="29.1425020" lon="119.5313600">
    <ele>34.9</ele>
    <time>2022-02-24T12:52:04Z</time>
    <extensions>
     <gpxtpx:TrackPointExtension>
      <gpxtpx:hr>158</gpxtpx:hr>
      <gpxtpx:cad>87</gpxtpx:cad>
     </gpxtpx:TrackPointExtension>
    </extensions>
   </trkpt>
   <trkpt lat="29.1425080" lon="119.5313340">
    <ele>35.0</ele>
    <time>2022-02-24T12:52:05Z</time>
    <extensions>
     <gpxtpx:TrackPointExtension>
      <gpxtpx:hr>158</gpxtpx:hr>
      <gpxtpx:cad>87</gpxtpx:cad>
     </gpxtpx:TrackPointExtension>
    </extensions>
   </trkpt>
   <trkpt lat="29.1425110" lon="119.5313000">
    <ele>35.0</ele>
    <time>2022-02-24T12:52:06Z</time>
    <extensions>
     <gpxtpx:TrackPointExtension>
      <gpxtpx:hr>158</gpxtpx:hr>
      <gpxtpx:cad>87</gpxtpx:cad>
     </gpxtpx:TrackPointExtension>
    </extensions>
   </trkpt>
   <trkpt lat="29.1425110" lon="119.5312800">
    <ele>35.2</ele>
    <time>2022-02-24T12:52:07Z</time>
    <extensions>
     <gpxtpx:TrackPointExtension>
      <gpxtpx:hr>158</gpxtpx:hr>
      <gpxtpx:cad>87</gpxtpx:cad>
     </gpxtpx:TrackPointExtension>
    </extensions>
   </trkpt>
   <trkpt lat="29.1425130" lon="119.5312650">
    <ele>35.2</ele>
    <time>2022-02-24T12:52:08Z</time>
    <extensions>
     <gpxtpx:TrackPointExtension>
      <gpxtpx:hr>158</gpxtpx:hr>
      <gpxtpx:cad>87</gpxtpx:cad>
     </gpxtpx:TrackPointExtension>
    </extensions>
   </trkpt>
   <trkpt lat="29.1425150" lon="119.5312400">
    <ele>35.6</ele>
    <time>2022-02-24T12:52:09Z</time>
    <extensions>
     <gpxtpx:TrackPointExtension>
      <gpxtpx:hr>158</gpxtpx:hr>
      <gpxtpx:cad>87</gpxtpx:cad>
     </gpxtpx:TrackPointExtension>
    </extensions>
   </trkpt>
   <trkpt lat="29.1425150" lon="119.5312200">
    <ele>35.6</ele>
    <time>2022-02-24T12:52:10Z</time>
    <extensions>
     <gpxtpx:TrackPointExtension>
      <gpxtpx:hr>159</gpxtpx:hr>
      <gpxtpx:cad>87</gpxtpx:cad>
     </gpxtpx:TrackPointExtension>
    </extensions>
   </trkpt>
   <trkpt lat="29.1425150" lon="119.5312200">
    <ele>35.6</ele>
    <time>2022-02-24T12:52:10Z</time>
    <extensions>
     <gpxtpx:TrackPointExtension>
      <gpxtpx:hr>159</gpxtpx:hr>
      <gpxtpx:cad>71</gpxtpx:cad>
     </gpxtpx:TrackPointExtension>
    </extensions>
   </trkpt>
   <trkpt lat="29.1425170" lon="119.5312000">
    <ele>35.9</ele>
    <time>2022-02-24T12:52:11Z</time>
    <extensions>
     <gpxtpx:TrackPointExtension>
      <gpxtpx:hr>159</gpxtpx:hr>
      <gpxtpx:cad>71</gpxtpx:cad>
     </gpxtpx:TrackPointExtension>
    </extensions>
   </trkpt>
   <trkpt lat="29.1425230" lon="119.5311700">
    <ele>35.9</ele>
    <time>2022-02-24T12:52:12Z</time>
    <extensions>
     <gpxtpx:TrackPointExtension>
      <gpxtpx:hr>159</gpxtpx:hr>
      <gpxtpx:cad>71</gpxtpx:cad>
     </gpxtpx:TrackPointExtension>
    </extensions>
   </trkpt>
   <trkpt lat="29.1425250" lon="119.5311500">
    <ele>35.9</ele>
    <time>2022-02-24T12:52:13Z</time>
    <extensions>
     <gpxtpx:TrackPointExtension>
      <gpxtpx:hr>159</gpxtpx:hr>
      <gpxtpx:cad>71</gpxtpx:cad>
     </gpxtpx:TrackPointExtension>
    </extensions>
   </trkpt>
   <trkpt lat="29.1425290" lon="119.5311300">
    <ele>35.5</ele>
    <time>2022-02-24T12:52:14Z</time>
    <extensions>
     <gpxtpx:TrackPointExtension>
      <gpxtpx:hr>159</gpxtpx:hr>
      <gpxtpx:cad>71</gpxtpx:cad>
     </gpxtpx:TrackPointExtension>
    </extensions>
   </trkpt>
   <trkpt lat="29.1425320" lon="119.5311000">
    <ele>35.5</ele>
    <time>2022-02-24T12:52:15Z</time>
    <extensions>
     <gpxtpx:TrackPointExtension>
      <gpxtpx:hr>159</gpxtpx:hr>
      <gpxtpx:cad>71</gpxtpx:cad>
     </gpxtpx:TrackPointExtension>
    </extensions>
   </trkpt>
   <trkpt lat="29.1425380" lon="119.5310750">
    <ele>35.6</ele>
    <time>2022-02-24T12:52:16Z</time>
    <extensions>
     <gpxtpx:TrackPointExtension>
      <gpxtpx:hr>159</gpxtpx:hr>
      <gpxtpx:cad>71</gpxtpx:cad>
     </gpxtpx:TrackPointExtension>
    </extensions>
   </trkpt>
   <trkpt lat="29.1425420" lon="119.5310440">
    <ele>35.6</ele>
    <time>2022-02-24T12:52:17Z</time>
    <extensions>
     <gpxtpx:TrackPointExtension>
      <gpxtpx:hr>159</gpxtpx:hr>
      <gpxtpx:cad>71</gpxtpx:cad>
     </gpxtpx:TrackPointExtension>
    </extensions>
   </trkpt>
   <trkpt lat="29.1425500" lon="119.5310200">
    <ele>35.7</ele>
    <time>2022-02-24T12:52:18Z</time>
    <extensions>
     <gpxtpx:TrackPointExtension>
      <gpxtpx:hr>159</gpxtpx:hr>
      <gpxtpx:cad>71</gpxtpx:cad>
     </gpxtpx:TrackPointExtension>
    </extensions>
   </trkpt>
   <trkpt lat="29.1425600" lon="119.5310000">
    <ele>35.7</ele>
    <time>2022-02-24T12:52:19Z</time>
    <extensions>
     <gpxtpx:TrackPointExtension>
      <gpxtpx:hr>159</gpxtpx:hr>
      <gpxtpx:cad>71</gpxtpx:cad>
     </gpxtpx:TrackPointExtension>
    </extensions>
   </trkpt>
   <trkpt lat="29.1425610" lon="119.5309750">
    <ele>35.7</ele>
    <time>2022-02-24T12:52:20Z</time>
    <extensions>
     <gpxtpx:TrackPointExtension>
      <gpxtpx:hr>158</gpxtpx:hr>
      <gpxtpx:cad>71</gpxtpx:cad>
     </gpxtpx:TrackPointExtension>
    </extensions>
   </trkpt>
   <trkpt lat="29.1425610" lon="119.5309750">
    <ele>35.7</ele>
    <time>2022-02-24T12:52:20Z</time>
    <extensions>
     <gpxtpx:TrackPointExtension>
      <gpxtpx:hr>158</gpxtpx:hr>
      <gpxtpx:cad>87</gpxtpx:cad>
     </gpxtpx:TrackPointExtension>
    </extensions>
   </trkpt>
   <trkpt lat="29.1425670" lon="119.5309500">
    <ele>35.3</ele>
    <time>2022-02-24T12:52:21Z</time>
    <extensions>
     <gpxtpx:TrackPointExtension>
      <gpxtpx:hr>158</gpxtpx:hr>
      <gpxtpx:cad>87</gpxtpx:cad>
     </gpxtpx:TrackPointExtension>
    </extensions>
   </trkpt>
   <trkpt lat="29.1425760" lon="119.5309300">
    <ele>35.3</ele>
    <time>2022-02-24T12:52:22Z</time>
    <extensions>
     <gpxtpx:TrackPointExtension>
      <gpxtpx:hr>158</gpxtpx:hr>
      <gpxtpx:cad>87</gpxtpx:cad>
     </gpxtpx:TrackPointExtension>
    </extensions>
   </trkpt>
   <trkpt lat="29.1425820" lon="119.5309100">
    <ele>35.3</ele>
    <time>2022-02-24T12:52:23Z</time>
    <extensions>
     <gpxtpx:TrackPointExtension>
      <gpxtpx:hr>158</gpxtpx:hr>
      <gpxtpx:cad>87</gpxtpx:cad>
     </gpxtpx:TrackPointExtension>
    </extensions>
   </trkpt>
   <trkpt lat="29.1425910" lon="119.5308900">
    <ele>35.3</ele>
    <time>2022-02-24T12:52:24Z</time>
    <extensions>
     <gpxtpx:TrackPointExtension>
      <gpxtpx:hr>158</gpxtpx:hr>
      <gpxtpx:cad>87</gpxtpx:cad>
     </gpxtpx:TrackPointExtension>
    </extensions>
   </trkpt>
   <trkpt lat="29.1426050" lon="119.5308700">
    <ele>35.1</ele>
    <time>2022-02-24T12:52:25Z</time>
    <extensions>
     <gpxtpx:TrackPointExtension>
      <gpxtpx:hr>158</gpxtpx:hr>
      <gpxtpx:cad>87</gpxtpx:cad>
     </gpxtpx:TrackPointExtension>
    </extensions>
   </trkpt>
   <trkpt lat="29.1426140" lon="119.5308460">
    <ele>35.1</ele>
    <time>2022-02-24T12:52:26Z</time>
    <extensions>
     <gpxtpx:TrackPointExtension>
      <gpxtpx:hr>158</gpxtpx:hr>
      <gpxtpx:cad>87</gpxtpx:cad>
     </gpxtpx:TrackPointExtension>
    </extensions>
   </trkpt>
   <trkpt lat="29.1426260" lon="119.5308200">
    <ele>35.0</ele>
    <time>2022-02-24T12:52:27Z</time>
    <extensions>
     <gpxtpx:TrackPointExtension>
      <gpxtpx:hr>158</gpxtpx:hr>
      <gpxtpx:cad>87</gpxtpx:cad>
     </gpxtpx:TrackPointExtension>
    </extensions>
   </trkpt>
   <trkpt lat="29.1426300" lon="119.5308000">
    <ele>35.0</ele>
    <time>2022-02-24T12:52:28Z</time>
    <extensions>
     <gpxtpx:TrackPointExtension>
      <gpxtpx:hr>158</gpxtpx:hr>
      <gpxtpx:cad>87</gpxtpx:cad>
     </gpxtpx:TrackPointExtension>
    </extensions>
   </trkpt>
   <trkpt lat="29.1426370" lon="119.5307800">
    <ele>35.0</ele>
    <time>2022-02-24T12:52:29Z</time>
    <extensions>
     <gpxtpx:TrackPointExtension>
      <gpxtpx:hr>158</gpxtpx:hr>
      <gpxtpx:cad>87</gpxtpx:cad>
     </gpxtpx:TrackPointExtension>
    </extensions>
   </trkpt>
   <trkpt lat="29.1426430" lon="119.5307540">
    <ele>34.5</ele>
    <time>2022-02-24T12:52:30Z</time>
    <extensions>
     <gpxtpx:TrackPointExtension>
      <gpxtpx:hr>155</gpxtpx:hr>
      <gpxtpx:cad>87</gpxtpx:cad>
     </gpxtpx:TrackPointExtension>
    </extensions>
   </trkpt>
   <trkpt lat="29.1426430" lon="119.5307540">
    <ele>34.5</ele>
    <time>2022-02-24T12:52:30Z</time>
    <extensions>
     <gpxtpx:TrackPointExtension>
      <gpxtpx:hr>155</gpxtpx:hr>
      <gpxtpx:cad>77</gpxtpx:cad>
     </gpxtpx:TrackPointExtension>
    </extensions>
   </trkpt>
   <trkpt lat="29.1426450" lon="119.5307300">
    <ele>34.5</ele>
    <time>2022-02-24T12:52:31Z</time>
    <extensions>
     <gpxtpx:TrackPointExtension>
      <gpxtpx:hr>155</gpxtpx:hr>
      <gpxtpx:cad>77</gpxtpx:cad>
     </gpxtpx:TrackPointExtension>
    </extensions>
   </trkpt>
   <trkpt lat="29.1426450" lon="119.5307000">
    <ele>34.5</ele>
    <time>2022-02-24T12:52:32Z</time>
    <extensions>
     <gpxtpx:TrackPointExtension>
      <gpxtpx:hr>155</gpxtpx:hr>
      <gpxtpx:cad>77</gpxtpx:cad>
     </gpxtpx:TrackPointExtension>
    </extensions>
   </trkpt>
   <trkpt lat="29.1426530" lon="119.5306800">
    <ele>34.6</ele>
    <time>2022-02-24T12:52:33Z</time>
    <extensions>
     <gpxtpx:TrackPointExtension>
      <gpxtpx:hr>155</gpxtpx:hr>
      <gpxtpx:cad>77</gpxtpx:cad>
     </gpxtpx:TrackPointExtension>
    </extensions>
   </trkpt>
   <trkpt lat="29.1426540" lon="119.5306500">
    <ele>34.6</ele>
    <time>2022-02-24T12:52:34Z</time>
    <extensions>
     <gpxtpx:TrackPointExtension>
      <gpxtpx:hr>155</gpxtpx:hr>
      <gpxtpx:cad>77</gpxtpx:cad>
     </gpxtpx:TrackPointExtension>
    </extensions>
   </trkpt>
   <trkpt lat="29.1426560" lon="119.5306240">
    <ele>34.6</ele>
    <time>2022-02-24T12:52:35Z</time>
    <extensions>
     <gpxtpx:TrackPointExtension>
      <gpxtpx:hr>155</gpxtpx:hr>
      <gpxtpx:cad>77</gpxtpx:cad>
     </gpxtpx:TrackPointExtension>
    </extensions>
   </trkpt>
   <trkpt lat="29.1426640" lon="119.5305940">
    <ele>34.7</ele>
    <time>2022-02-24T12:52:36Z</time>
    <extensions>
     <gpxtpx:TrackPointExtension>
      <gpxtpx:hr>155</gpxtpx:hr>
      <gpxtpx:cad>77</gpxtpx:cad>
     </gpxtpx:TrackPointExtension>
    </extensions>
   </trkpt>
   <trkpt lat="29.1426680" lon="119.5305800">
    <ele>34.7</ele>
    <time>2022-02-24T12:52:37Z</time>
    <extensions>
     <gpxtpx:TrackPointExtension>
      <gpxtpx:hr>155</gpxtpx:hr>
      <gpxtpx:cad>77</gpxtpx:cad>
     </gpxtpx:TrackPointExtension>
    </extensions>
   </trkpt>
   <trkpt lat="29.1426770" lon="119.5305560">
    <ele>34.7</ele>
    <time>2022-02-24T12:52:38Z</time>
    <extensions>
     <gpxtpx:TrackPointExtension>
      <gpxtpx:hr>155</gpxtpx:hr>
      <gpxtpx:cad>77</gpxtpx:cad>
     </gpxtpx:TrackPointExtension>
    </extensions>
   </trkpt>
   <trkpt lat="29.1426850" lon="119.5305400">
    <ele>34.4</ele>
    <time>2022-02-24T12:52:39Z</time>
    <extensions>
     <gpxtpx:TrackPointExtension>
      <gpxtpx:hr>155</gpxtpx:hr>
      <gpxtpx:cad>77</gpxtpx:cad>
     </gpxtpx:TrackPointExtension>
    </extensions>
   </trkpt>
   <trkpt lat="29.1426890" lon="119.5305100">
    <ele>34.5</ele>
    <time>2022-02-24T12:52:40Z</time>
    <extensions>
     <gpxtpx:TrackPointExtension>
      <gpxtpx:hr>156</gpxtpx:hr>
      <gpxtpx:cad>77</gpxtpx:cad>
     </gpxtpx:TrackPointExtension>
    </extensions>
   </trkpt>
   <trkpt lat="29.1426890" lon="119.5305100">
    <ele>34.5</ele>
    <time>2022-02-24T12:52:40Z</time>
    <extensions>
     <gpxtpx:TrackPointExtension>
      <gpxtpx:hr>156</gpxtpx:hr>
      <gpxtpx:cad>83</gpxtpx:cad>
     </gpxtpx:TrackPointExtension>
    </extensions>
   </trkpt>
   <trkpt lat="29.1426940" lon="119.5304900">
    <ele>34.5</ele>
    <time>2022-02-24T12:52:41Z</time>
    <extensions>
     <gpxtpx:TrackPointExtension>
      <gpxtpx:hr>156</gpxtpx:hr>
      <gpxtpx:cad>83</gpxtpx:cad>
     </gpxtpx:TrackPointExtension>
    </extensions>
   </trkpt>
   <trkpt lat="29.1426980" lon="119.5304640">
    <ele>34.6</ele>
    <time>2022-02-24T12:52:42Z</time>
    <extensions>
     <gpxtpx:TrackPointExtension>
      <gpxtpx:hr>156</gpxtpx:hr>
      <gpxtpx:cad>83</gpxtpx:cad>
     </gpxtpx:TrackPointExtension>
    </extensions>
   </trkpt>
   <trkpt lat="29.1427060" lon="119.5304500">
    <ele>34.6</ele>
    <time>2022-02-24T12:52:43Z</time>
    <extensions>
     <gpxtpx:TrackPointExtension>
      <gpxtpx:hr>156</gpxtpx:hr>
      <gpxtpx:cad>83</gpxtpx:cad>
     </gpxtpx:TrackPointExtension>
    </extensions>
   </trkpt>
   <trkpt lat="29.1427140" lon="119.5304260">
    <ele>34.8</ele>
    <time>2022-02-24T12:52:44Z</time>
    <extensions>
     <gpxtpx:TrackPointExtension>
      <gpxtpx:hr>156</gpxtpx:hr>
      <gpxtpx:cad>83</gpxtpx:cad>
     </gpxtpx:TrackPointExtension>
    </extensions>
   </trkpt>
   <trkpt lat="29.1427230" lon="119.5304000">
    <ele>34.6</ele>
    <time>2022-02-24T12:52:45Z</time>
    <extensions>
     <gpxtpx:TrackPointExtension>
      <gpxtpx:hr>156</gpxtpx:hr>
      <gpxtpx:cad>83</gpxtpx:cad>
     </gpxtpx:TrackPointExtension>
    </extensions>
   </trkpt>
   <trkpt lat="29.1427330" lon="119.5303800">
    <ele>34.8</ele>
    <time>2022-02-24T12:52:46Z</time>
    <extensions>
     <gpxtpx:TrackPointExtension>
      <gpxtpx:hr>156</gpxtpx:hr>
      <gpxtpx:cad>83</gpxtpx:cad>
     </gpxtpx:TrackPointExtension>
    </extensions>
   </trkpt>
   <trkpt lat="29.1427400" lon="119.5303600">
    <ele>34.8</ele>
    <time>2022-02-24T12:52:47Z</time>
    <extensions>
     <gpxtpx:TrackPointExtension>
      <gpxtpx:hr>156</gpxtpx:hr>
      <gpxtpx:cad>83</gpxtpx:cad>
     </gpxtpx:TrackPointExtension>
    </extensions>
   </trkpt>
   <trkpt lat="29.1427480" lon="119.5303340">
    <ele>35.0</ele>
    <time>2022-02-24T12:52:48Z</time>
    <extensions>
     <gpxtpx:TrackPointExtension>
      <gpxtpx:hr>156</gpxtpx:hr>
      <gpxtpx:cad>83</gpxtpx:cad>
     </gpxtpx:TrackPointExtension>
    </extensions>
   </trkpt>
   <trkpt lat="29.1427540" lon="119.5303100">
    <ele>34.9</ele>
    <time>2022-02-24T12:52:49Z</time>
    <extensions>
     <gpxtpx:TrackPointExtension>
      <gpxtpx:hr>156</gpxtpx:hr>
      <gpxtpx:cad>83</gpxtpx:cad>
     </gpxtpx:TrackPointExtension>
    </extensions>
   </trkpt>
   <trkpt lat="29.1427600" lon="119.5302900">
    <ele>34.8</ele>
    <time>2022-02-24T12:52:50Z</time>
    <extensions>
     <gpxtpx:TrackPointExtension>
      <gpxtpx:hr>156</gpxtpx:hr>
      <gpxtpx:cad>83</gpxtpx:cad>
     </gpxtpx:TrackPointExtension>
    </extensions>
   </trkpt>
   <trkpt lat="29.1427600" lon="119.5302900">
    <ele>34.8</ele>
    <time>2022-02-24T12:52:50Z</time>
    <extensions>
     <gpxtpx:TrackPointExtension>
      <gpxtpx:hr>156</gpxtpx:hr>
      <gpxtpx:cad>85</gpxtpx:cad>
     </gpxtpx:TrackPointExtension>
    </extensions>
   </trkpt>
   <trkpt lat="29.1427700" lon="119.5302660">
    <ele>34.8</ele>
    <time>2022-02-24T12:52:51Z</time>
    <extensions>
     <gpxtpx:TrackPointExtension>
      <gpxtpx:hr>156</gpxtpx:hr>
      <gpxtpx:cad>85</gpxtpx:cad>
     </gpxtpx:TrackPointExtension>
    </extensions>
   </trkpt>
   <trkpt lat="29.1427760" lon="119.5302500">
    <ele>34.6</ele>
    <time>2022-02-24T12:52:52Z</time>
    <extensions>
     <gpxtpx:TrackPointExtension>
      <gpxtpx:hr>156</gpxtpx:hr>
      <gpxtpx:cad>85</gpxtpx:cad>
     </gpxtpx:TrackPointExtension>
    </extensions>
   </trkpt>
   <trkpt lat="29.1427820" lon="119.5302300">
    <ele>34.6</ele>
    <time>2022-02-24T12:52:53Z</time>
    <extensions>
     <gpxtpx:TrackPointExtension>
      <gpxtpx:hr>156</gpxtpx:hr>
      <gpxtpx:cad>85</gpxtpx:cad>
     </gpxtpx:TrackPointExtension>
    </extensions>
   </trkpt>
   <trkpt lat="29.1427900" lon="119.5302050">
    <ele>34.3</ele>
    <time>2022-02-24T12:52:54Z</time>
    <extensions>
     <gpxtpx:TrackPointExtension>
      <gpxtpx:hr>156</gpxtpx:hr>
      <gpxtpx:cad>85</gpxtpx:cad>
     </gpxtpx:TrackPointExtension>
    </extensions>
   </trkpt>
   <trkpt lat="29.1427970" lon="119.5301800">
    <ele>34.3</ele>
    <time>2022-02-24T12:52:55Z</time>
    <extensions>
     <gpxtpx:TrackPointExtension>
      <gpxtpx:hr>156</gpxtpx:hr>
      <gpxtpx:cad>85</gpxtpx:cad>
     </gpxtpx:TrackPointExtension>
    </extensions>
   </trkpt>
   <trkpt lat="29.1428050" lon="119.5301600">
    <ele>34.1</ele>
    <time>2022-02-24T12:52:56Z</time>
    <extensions>
     <gpxtpx:TrackPointExtension>
      <gpxtpx:hr>156</gpxtpx:hr>
      <gpxtpx:cad>85</gpxtpx:cad>
     </gpxtpx:TrackPointExtension>
    </extensions>
   </trkpt>
   <trkpt lat="29.1428100" lon="119.5301360">
    <ele>34.1</ele>
    <time>2022-02-24T12:52:57Z</time>
    <extensions>
     <gpxtpx:TrackPointExtension>
      <gpxtpx:hr>156</gpxtpx:hr>
      <gpxtpx:cad>85</gpxtpx:cad>
     </gpxtpx:TrackPointExtension>
    </extensions>
   </trkpt>
   <trkpt lat="29.1428180" lon="119.5301100">
    <ele>33.8</ele>
    <time>2022-02-24T12:52:58Z</time>
    <extensions>
     <gpxtpx:TrackPointExtension>
      <gpxtpx:hr>156</gpxtpx:hr>
      <gpxtpx:cad>85</gpxtpx:cad>
     </gpxtpx:TrackPointExtension>
    </extensions>
   </trkpt>
   <trkpt lat="29.1428230" lon="119.5300830">
    <ele>33.5</ele>
    <time>2022-02-24T12:52:59Z</time>
    <extensions>
     <gpxtpx:TrackPointExtension>
      <gpxtpx:hr>156</gpxtpx:hr>
      <gpxtpx:cad>85</gpxtpx:cad>
     </gpxtpx:TrackPointExtension>
    </extensions>
   </trkpt>
   <trkpt lat="29.1428250" lon="119.5300770">
    <ele>33.5</ele>
    <time>2022-02-24T12:53:00Z</time>
    <extensions>
     <gpxtpx:TrackPointExtension>
      <gpxtpx:hr>153</gpxtpx:hr>
      <gpxtpx:cad>85</gpxtpx:cad>
     </gpxtpx:TrackPointExtension>
    </extensions>
   </trkpt>
   <trkpt lat="29.1428260" lon="119.5300700">
    <ele>33.5</ele>
    <time>2022-02-24T12:53:00Z</time>
    <extensions>
     <gpxtpx:TrackPointExtension>
      <gpxtpx:hr>153</gpxtpx:hr>
      <gpxtpx:cad>83</gpxtpx:cad>
     </gpxtpx:TrackPointExtension>
    </extensions>
   </trkpt>
   <trkpt lat="29.1428300" lon="119.5300450">
    <ele>33.0</ele>
    <time>2022-02-24T12:53:01Z</time>
    <extensions>
     <gpxtpx:TrackPointExtension>
      <gpxtpx:hr>153</gpxtpx:hr>
      <gpxtpx:cad>83</gpxtpx:cad>
     </gpxtpx:TrackPointExtension>
    </extensions>
   </trkpt>
   <trkpt lat="29.1428360" lon="119.5300200">
    <ele>33.0</ele>
    <time>2022-02-24T12:53:02Z</time>
    <extensions>
     <gpxtpx:TrackPointExtension>
      <gpxtpx:hr>153</gpxtpx:hr>
      <gpxtpx:cad>83</gpxtpx:cad>
     </gpxtpx:TrackPointExtension>
    </extensions>
   </trkpt>
   <trkpt lat="29.1428430" lon="119.5300000">
    <ele>32.7</ele>
    <time>2022-02-24T12:53:03Z</time>
    <extensions>
     <gpxtpx:TrackPointExtension>
      <gpxtpx:hr>153</gpxtpx:hr>
      <gpxtpx:cad>83</gpxtpx:cad>
     </gpxtpx:TrackPointExtension>
    </extensions>
   </trkpt>
   <trkpt lat="29.1428490" lon="119.5299760">
    <ele>32.7</ele>
    <time>2022-02-24T12:53:04Z</time>
    <extensions>
     <gpxtpx:TrackPointExtension>
      <gpxtpx:hr>153</gpxtpx:hr>
      <gpxtpx:cad>83</gpxtpx:cad>
     </gpxtpx:TrackPointExtension>
    </extensions>
   </trkpt>
   <trkpt lat="29.1428530" lon="119.5299500">
    <ele>32.2</ele>
    <time>2022-02-24T12:53:05Z</time>
    <extensions>
     <gpxtpx:TrackPointExtension>
      <gpxtpx:hr>153</gpxtpx:hr>
      <gpxtpx:cad>83</gpxtpx:cad>
     </gpxtpx:TrackPointExtension>
    </extensions>
   </trkpt>
   <trkpt lat="29.1428550" lon="119.5299300">
    <ele>32.2</ele>
    <time>2022-02-24T12:53:06Z</time>
    <extensions>
     <gpxtpx:TrackPointExtension>
      <gpxtpx:hr>153</gpxtpx:hr>
      <gpxtpx:cad>83</gpxtpx:cad>
     </gpxtpx:TrackPointExtension>
    </extensions>
   </trkpt>
   <trkpt lat="29.1428640" lon="119.5299100">
    <ele>31.7</ele>
    <time>2022-02-24T12:53:07Z</time>
    <extensions>
     <gpxtpx:TrackPointExtension>
      <gpxtpx:hr>153</gpxtpx:hr>
      <gpxtpx:cad>83</gpxtpx:cad>
     </gpxtpx:TrackPointExtension>
    </extensions>
   </trkpt>
   <trkpt lat="29.1428720" lon="119.5298840">
    <ele>31.4</ele>
    <time>2022-02-24T12:53:08Z</time>
    <extensions>
     <gpxtpx:TrackPointExtension>
      <gpxtpx:hr>153</gpxtpx:hr>
      <gpxtpx:cad>83</gpxtpx:cad>
     </gpxtpx:TrackPointExtension>
    </extensions>
   </trkpt>
   <trkpt lat="29.1428780" lon="119.5298600">
    <ele>30.9</ele>
    <time>2022-02-24T12:53:09Z</time>
    <extensions>
     <gpxtpx:TrackPointExtension>
      <gpxtpx:hr>153</gpxtpx:hr>
      <gpxtpx:cad>83</gpxtpx:cad>
     </gpxtpx:TrackPointExtension>
    </extensions>
   </trkpt>
   <trkpt lat="29.1428800" lon="119.5298400">
    <ele>30.9</ele>
    <time>2022-02-24T12:53:10Z</time>
    <extensions>
     <gpxtpx:TrackPointExtension>
      <gpxtpx:hr>151</gpxtpx:hr>
      <gpxtpx:cad>83</gpxtpx:cad>
     </gpxtpx:TrackPointExtension>
    </extensions>
   </trkpt>
   <trkpt lat="29.1428800" lon="119.5298400">
    <ele>30.9</ele>
    <time>2022-02-24T12:53:10Z</time>
    <extensions>
     <gpxtpx:TrackPointExtension>
      <gpxtpx:hr>151</gpxtpx:hr>
      <gpxtpx:cad>81</gpxtpx:cad>
     </gpxtpx:TrackPointExtension>
    </extensions>
   </trkpt>
   <trkpt lat="29.1428850" lon="119.5298160">
    <ele>30.4</ele>
    <time>2022-02-24T12:53:11Z</time>
    <extensions>
     <gpxtpx:TrackPointExtension>
      <gpxtpx:hr>151</gpxtpx:hr>
      <gpxtpx:cad>81</gpxtpx:cad>
     </gpxtpx:TrackPointExtension>
    </extensions>
   </trkpt>
   <trkpt lat="29.1428900" lon="119.5297900">
    <ele>30.2</ele>
    <time>2022-02-24T12:53:12Z</time>
    <extensions>
     <gpxtpx:TrackPointExtension>
      <gpxtpx:hr>151</gpxtpx:hr>
      <gpxtpx:cad>81</gpxtpx:cad>
     </gpxtpx:TrackPointExtension>
    </extensions>
   </trkpt>
   <trkpt lat="29.1428950" lon="119.5297700">
    <ele>30.2</ele>
    <time>2022-02-24T12:53:13Z</time>
    <extensions>
     <gpxtpx:TrackPointExtension>
      <gpxtpx:hr>151</gpxtpx:hr>
      <gpxtpx:cad>81</gpxtpx:cad>
     </gpxtpx:TrackPointExtension>
    </extensions>
   </trkpt>
   <trkpt lat="29.1429020" lon="119.5297500">
    <ele>30.2</ele>
    <time>2022-02-24T12:53:14Z</time>
    <extensions>
     <gpxtpx:TrackPointExtension>
      <gpxtpx:hr>151</gpxtpx:hr>
      <gpxtpx:cad>81</gpxtpx:cad>
     </gpxtpx:TrackPointExtension>
    </extensions>
   </trkpt>
   <trkpt lat="29.1429080" lon="119.5297300">
    <ele>30.0</ele>
    <time>2022-02-24T12:53:15Z</time>
    <extensions>
     <gpxtpx:TrackPointExtension>
      <gpxtpx:hr>151</gpxtpx:hr>
      <gpxtpx:cad>81</gpxtpx:cad>
     </gpxtpx:TrackPointExtension>
    </extensions>
   </trkpt>
   <trkpt lat="29.1429140" lon="119.5297100">
    <ele>30.0</ele>
    <time>2022-02-24T12:53:16Z</time>
    <extensions>
     <gpxtpx:TrackPointExtension>
      <gpxtpx:hr>151</gpxtpx:hr>
      <gpxtpx:cad>81</gpxtpx:cad>
     </gpxtpx:TrackPointExtension>
    </extensions>
   </trkpt>
   <trkpt lat="29.1429210" lon="119.5296900">
    <ele>30.0</ele>
    <time>2022-02-24T12:53:17Z</time>
    <extensions>
     <gpxtpx:TrackPointExtension>
      <gpxtpx:hr>151</gpxtpx:hr>
      <gpxtpx:cad>81</gpxtpx:cad>
     </gpxtpx:TrackPointExtension>
    </extensions>
   </trkpt>
   <trkpt lat="29.1429310" lon="119.5296700">
    <ele>30.0</ele>
    <time>2022-02-24T12:53:18Z</time>
    <extensions>
     <gpxtpx:TrackPointExtension>
      <gpxtpx:hr>151</gpxtpx:hr>
      <gpxtpx:cad>81</gpxtpx:cad>
     </gpxtpx:TrackPointExtension>
    </extensions>
   </trkpt>
   <trkpt lat="29.1429420" lon="119.5296500">
    <ele>30.2</ele>
    <time>2022-02-24T12:53:19Z</time>
    <extensions>
     <gpxtpx:TrackPointExtension>
      <gpxtpx:hr>151</gpxtpx:hr>
      <gpxtpx:cad>81</gpxtpx:cad>
     </gpxtpx:TrackPointExtension>
    </extensions>
   </trkpt>
   <trkpt lat="29.1429500" lon="119.5296250">
    <ele>30.2</ele>
    <time>2022-02-24T12:53:20Z</time>
    <extensions>
     <gpxtpx:TrackPointExtension>
      <gpxtpx:hr>149</gpxtpx:hr>
      <gpxtpx:cad>81</gpxtpx:cad>
     </gpxtpx:TrackPointExtension>
    </extensions>
   </trkpt>
   <trkpt lat="29.1429500" lon="119.5296250">
    <ele>30.2</ele>
    <time>2022-02-24T12:53:20Z</time>
    <extensions>
     <gpxtpx:TrackPointExtension>
      <gpxtpx:hr>149</gpxtpx:hr>
      <gpxtpx:cad>67</gpxtpx:cad>
     </gpxtpx:TrackPointExtension>
    </extensions>
   </trkpt>
   <trkpt lat="29.1429580" lon="119.5296000">
    <ele>30.2</ele>
    <time>2022-02-24T12:53:21Z</time>
    <extensions>
     <gpxtpx:TrackPointExtension>
      <gpxtpx:hr>149</gpxtpx:hr>
      <gpxtpx:cad>67</gpxtpx:cad>
     </gpxtpx:TrackPointExtension>
    </extensions>
   </trkpt>
   <trkpt lat="29.1429620" lon="119.5295800">
    <ele>30.2</ele>
    <time>2022-02-24T12:53:22Z</time>
    <extensions>
     <gpxtpx:TrackPointExtension>
      <gpxtpx:hr>149</gpxtpx:hr>
      <gpxtpx:cad>67</gpxtpx:cad>
     </gpxtpx:TrackPointExtension>
    </extensions>
   </trkpt>
   <trkpt lat="29.1429580" lon="119.5295600">
    <ele>30.2</ele>
    <time>2022-02-24T12:53:23Z</time>
    <extensions>
     <gpxtpx:TrackPointExtension>
      <gpxtpx:hr>149</gpxtpx:hr>
      <gpxtpx:cad>67</gpxtpx:cad>
     </gpxtpx:TrackPointExtension>
    </extensions>
   </trkpt>
   <trkpt lat="29.1429540" lon="119.5295300">
    <ele>30.2</ele>
    <time>2022-02-24T12:53:24Z</time>
    <extensions>
     <gpxtpx:TrackPointExtension>
      <gpxtpx:hr>149</gpxtpx:hr>
      <gpxtpx:cad>67</gpxtpx:cad>
     </gpxtpx:TrackPointExtension>
    </extensions>
   </trkpt>
   <trkpt lat="29.1429600" lon="119.5295100">
    <ele>30.2</ele>
    <time>2022-02-24T12:53:25Z</time>
    <extensions>
     <gpxtpx:TrackPointExtension>
      <gpxtpx:hr>149</gpxtpx:hr>
      <gpxtpx:cad>67</gpxtpx:cad>
     </gpxtpx:TrackPointExtension>
    </extensions>
   </trkpt>
   <trkpt lat="29.1429650" lon="119.5294900">
    <ele>30.2</ele>
    <time>2022-02-24T12:53:26Z</time>
    <extensions>
     <gpxtpx:TrackPointExtension>
      <gpxtpx:hr>149</gpxtpx:hr>
      <gpxtpx:cad>67</gpxtpx:cad>
     </gpxtpx:TrackPointExtension>
    </extensions>
   </trkpt>
   <trkpt lat="29.1429710" lon="119.5294650">
    <ele>30.2</ele>
    <time>2022-02-24T12:53:27Z</time>
    <extensions>
     <gpxtpx:TrackPointExtension>
      <gpxtpx:hr>149</gpxtpx:hr>
      <gpxtpx:cad>67</gpxtpx:cad>
     </gpxtpx:TrackPointExtension>
    </extensions>
   </trkpt>
   <trkpt lat="29.1429770" lon="119.5294400">
    <ele>30.4</ele>
    <time>2022-02-24T12:53:28Z</time>
    <extensions>
     <gpxtpx:TrackPointExtension>
      <gpxtpx:hr>149</gpxtpx:hr>
      <gpxtpx:cad>67</gpxtpx:cad>
     </gpxtpx:TrackPointExtension>
    </extensions>
   </trkpt>
   <trkpt lat="29.1429790" lon="119.5294200">
    <ele>30.6</ele>
    <time>2022-02-24T12:53:29Z</time>
    <extensions>
     <gpxtpx:TrackPointExtension>
      <gpxtpx:hr>149</gpxtpx:hr>
      <gpxtpx:cad>87</gpxtpx:cad>
     </gpxtpx:TrackPointExtension>
    </extensions>
   </trkpt>
   <trkpt lat="29.1429820" lon="119.5293960">
    <ele>30.9</ele>
    <time>2022-02-24T12:53:30Z</time>
    <extensions>
     <gpxtpx:TrackPointExtension>
      <gpxtpx:hr>150</gpxtpx:hr>
      <gpxtpx:cad>87</gpxtpx:cad>
     </gpxtpx:TrackPointExtension>
    </extensions>
   </trkpt>
   <trkpt lat="29.1429900" lon="119.5293700">
    <ele>30.9</ele>
    <time>2022-02-24T12:53:31Z</time>
    <extensions>
     <gpxtpx:TrackPointExtension>
      <gpxtpx:hr>150</gpxtpx:hr>
      <gpxtpx:cad>87</gpxtpx:cad>
     </gpxtpx:TrackPointExtension>
    </extensions>
   </trkpt>
   <trkpt lat="29.1429960" lon="119.5293500">
    <ele>31.1</ele>
    <time>2022-02-24T12:53:32Z</time>
    <extensions>
     <gpxtpx:TrackPointExtension>
      <gpxtpx:hr>150</gpxtpx:hr>
      <gpxtpx:cad>87</gpxtpx:cad>
     </gpxtpx:TrackPointExtension>
    </extensions>
   </trkpt>
   <trkpt lat="29.1430020" lon="119.5293300">
    <ele>31.1</ele>
    <time>2022-02-24T12:53:33Z</time>
    <extensions>
     <gpxtpx:TrackPointExtension>
      <gpxtpx:hr>150</gpxtpx:hr>
      <gpxtpx:cad>87</gpxtpx:cad>
     </gpxtpx:TrackPointExtension>
    </extensions>
   </trkpt>
   <trkpt lat="29.1430050" lon="119.5293050">
    <ele>31.4</ele>
    <time>2022-02-24T12:53:34Z</time>
    <extensions>
     <gpxtpx:TrackPointExtension>
      <gpxtpx:hr>150</gpxtpx:hr>
      <gpxtpx:cad>87</gpxtpx:cad>
     </gpxtpx:TrackPointExtension>
    </extensions>
   </trkpt>
   <trkpt lat="29.1430100" lon="119.5292740">
    <ele>31.5</ele>
    <time>2022-02-24T12:53:35Z</time>
    <extensions>
     <gpxtpx:TrackPointExtension>
      <gpxtpx:hr>150</gpxtpx:hr>
      <gpxtpx:cad>87</gpxtpx:cad>
     </gpxtpx:TrackPointExtension>
    </extensions>
   </trkpt>
   <trkpt lat="29.1430100" lon="119.5292500">
    <ele>31.5</ele>
    <time>2022-02-24T12:53:36Z</time>
    <extensions>
     <gpxtpx:TrackPointExtension>
      <gpxtpx:hr>150</gpxtpx:hr>
      <gpxtpx:cad>87</gpxtpx:cad>
     </gpxtpx:TrackPointExtension>
    </extensions>
   </trkpt>
   <trkpt lat="29.1430110" lon="119.5292200">
    <ele>31.7</ele>
    <time>2022-02-24T12:53:37Z</time>
    <extensions>
     <gpxtpx:TrackPointExtension>
      <gpxtpx:hr>150</gpxtpx:hr>
      <gpxtpx:cad>87</gpxtpx:cad>
     </gpxtpx:TrackPointExtension>
    </extensions>
   </trkpt>
   <trkpt lat="29.1430110" lon="119.5291800">
    <ele>31.8</ele>
    <time>2022-02-24T12:53:38Z</time>
    <extensions>
     <gpxtpx:TrackPointExtension>
      <gpxtpx:hr>150</gpxtpx:hr>
      <gpxtpx:cad>87</gpxtpx:cad>
     </gpxtpx:TrackPointExtension>
    </extensions>
   </trkpt>
   <trkpt lat="29.1430100" lon="119.5291500">
    <ele>31.8</ele>
    <time>2022-02-24T12:53:39Z</time>
    <extensions>
     <gpxtpx:TrackPointExtension>
      <gpxtpx:hr>150</gpxtpx:hr>
      <gpxtpx:cad>74</gpxtpx:cad>
     </gpxtpx:TrackPointExtension>
    </extensions>
   </trkpt>
   <trkpt lat="29.1430110" lon="119.5291300">
    <ele>32.0</ele>
    <time>2022-02-24T12:53:40Z</time>
    <extensions>
     <gpxtpx:TrackPointExtension>
      <gpxtpx:hr>153</gpxtpx:hr>
      <gpxtpx:cad>74</gpxtpx:cad>
     </gpxtpx:TrackPointExtension>
    </extensions>
   </trkpt>
   <trkpt lat="29.1430150" lon="119.5291060">
    <ele>32.0</ele>
    <time>2022-02-24T12:53:41Z</time>
    <extensions>
     <gpxtpx:TrackPointExtension>
      <gpxtpx:hr>153</gpxtpx:hr>
      <gpxtpx:cad>74</gpxtpx:cad>
     </gpxtpx:TrackPointExtension>
    </extensions>
   </trkpt>
   <trkpt lat="29.1430190" lon="119.5290800">
    <ele>32.0</ele>
    <time>2022-02-24T12:53:42Z</time>
    <extensions>
     <gpxtpx:TrackPointExtension>
      <gpxtpx:hr>153</gpxtpx:hr>
      <gpxtpx:cad>74</gpxtpx:cad>
     </gpxtpx:TrackPointExtension>
    </extensions>
   </trkpt>
   <trkpt lat="29.1430240" lon="119.5290500">
    <ele>32.0</ele>
    <time>2022-02-24T12:53:43Z</time>
    <extensions>
     <gpxtpx:TrackPointExtension>
      <gpxtpx:hr>153</gpxtpx:hr>
      <gpxtpx:cad>74</gpxtpx:cad>
     </gpxtpx:TrackPointExtension>
    </extensions>
   </trkpt>
   <trkpt lat="29.1430320" lon="119.5290400">
    <ele>32.0</ele>
    <time>2022-02-24T12:53:44Z</time>
    <extensions>
     <gpxtpx:TrackPointExtension>
      <gpxtpx:hr>153</gpxtpx:hr>
      <gpxtpx:cad>74</gpxtpx:cad>
     </gpxtpx:TrackPointExtension>
    </extensions>
   </trkpt>
   <trkpt lat="29.1430400" lon="119.5290150">
    <ele>32.0</ele>
    <time>2022-02-24T12:53:45Z</time>
    <extensions>
     <gpxtpx:TrackPointExtension>
      <gpxtpx:hr>153</gpxtpx:hr>
      <gpxtpx:cad>74</gpxtpx:cad>
     </gpxtpx:TrackPointExtension>
    </extensions>
   </trkpt>
   <trkpt lat="29.1430470" lon="119.5289900">
    <ele>32.0</ele>
    <time>2022-02-24T12:53:46Z</time>
    <extensions>
     <gpxtpx:TrackPointExtension>
      <gpxtpx:hr>153</gpxtpx:hr>
      <gpxtpx:cad>88</gpxtpx:cad>
     </gpxtpx:TrackPointExtension>
    </extensions>
   </trkpt>
   <trkpt lat="29.1430500" lon="119.5289700">
    <ele>32.0</ele>
    <time>2022-02-24T12:53:47Z</time>
    <extensions>
     <gpxtpx:TrackPointExtension>
      <gpxtpx:hr>153</gpxtpx:hr>
      <gpxtpx:cad>88</gpxtpx:cad>
     </gpxtpx:TrackPointExtension>
    </extensions>
   </trkpt>
   <trkpt lat="29.1430530" lon="119.5289460">
    <ele>32.0</ele>
    <time>2022-02-24T12:53:48Z</time>
    <extensions>
     <gpxtpx:TrackPointExtension>
      <gpxtpx:hr>153</gpxtpx:hr>
      <gpxtpx:cad>88</gpxtpx:cad>
     </gpxtpx:TrackPointExtension>
    </extensions>
   </trkpt>
   <trkpt lat="29.1430590" lon="119.5289200">
    <ele>31.8</ele>
    <time>2022-02-24T12:53:49Z</time>
    <extensions>
     <gpxtpx:TrackPointExtension>
      <gpxtpx:hr>153</gpxtpx:hr>
      <gpxtpx:cad>90</gpxtpx:cad>
     </gpxtpx:TrackPointExtension>
    </extensions>
   </trkpt>
   <trkpt lat="29.1430680" lon="119.5289000">
    <ele>31.8</ele>
    <time>2022-02-24T12:53:50Z</time>
    <extensions>
     <gpxtpx:TrackPointExtension>
      <gpxtpx:hr>154</gpxtpx:hr>
      <gpxtpx:cad>90</gpxtpx:cad>
     </gpxtpx:TrackPointExtension>
    </extensions>
   </trkpt>
   <trkpt lat="29.1430740" lon="119.5288800">
    <ele>31.6</ele>
    <time>2022-02-24T12:53:51Z</time>
    <extensions>
     <gpxtpx:TrackPointExtension>
      <gpxtpx:hr>154</gpxtpx:hr>
      <gpxtpx:cad>90</gpxtpx:cad>
     </gpxtpx:TrackPointExtension>
    </extensions>
   </trkpt>
   <trkpt lat="29.1430840" lon="119.5288540">
    <ele>31.6</ele>
    <time>2022-02-24T12:53:52Z</time>
    <extensions>
     <gpxtpx:TrackPointExtension>
      <gpxtpx:hr>154</gpxtpx:hr>
      <gpxtpx:cad>90</gpxtpx:cad>
     </gpxtpx:TrackPointExtension>
    </extensions>
   </trkpt>
   <trkpt lat="29.1430850" lon="119.5288300">
    <ele>31.3</ele>
    <time>2022-02-24T12:53:53Z</time>
    <extensions>
     <gpxtpx:TrackPointExtension>
      <gpxtpx:hr>154</gpxtpx:hr>
      <gpxtpx:cad>90</gpxtpx:cad>
     </gpxtpx:TrackPointExtension>
    </extensions>
   </trkpt>
   <trkpt lat="29.1430870" lon="119.5288000">
    <ele>31.1</ele>
    <time>2022-02-24T12:53:54Z</time>
    <extensions>
     <gpxtpx:TrackPointExtension>
      <gpxtpx:hr>154</gpxtpx:hr>
      <gpxtpx:cad>90</gpxtpx:cad>
     </gpxtpx:TrackPointExtension>
    </extensions>
   </trkpt>
   <trkpt lat="29.1430900" lon="119.5287700">
    <ele>31.1</ele>
    <time>2022-02-24T12:53:55Z</time>
    <extensions>
     <gpxtpx:TrackPointExtension>
      <gpxtpx:hr>154</gpxtpx:hr>
      <gpxtpx:cad>90</gpxtpx:cad>
     </gpxtpx:TrackPointExtension>
    </extensions>
   </trkpt>
   <trkpt lat="29.1430950" lon="119.5287400">
    <ele>30.9</ele>
    <time>2022-02-24T12:53:56Z</time>
    <extensions>
     <gpxtpx:TrackPointExtension>
      <gpxtpx:hr>154</gpxtpx:hr>
      <gpxtpx:cad>90</gpxtpx:cad>
     </gpxtpx:TrackPointExtension>
    </extensions>
   </trkpt>
   <trkpt lat="29.1430950" lon="119.5287000">
    <ele>31.0</ele>
    <time>2022-02-24T12:53:57Z</time>
    <extensions>
     <gpxtpx:TrackPointExtension>
      <gpxtpx:hr>154</gpxtpx:hr>
      <gpxtpx:cad>90</gpxtpx:cad>
     </gpxtpx:TrackPointExtension>
    </extensions>
   </trkpt>
   <trkpt lat="29.1430950" lon="119.5286700">
    <ele>31.1</ele>
    <time>2022-02-24T12:53:58Z</time>
    <extensions>
     <gpxtpx:TrackPointExtension>
      <gpxtpx:hr>154</gpxtpx:hr>
      <gpxtpx:cad>90</gpxtpx:cad>
     </gpxtpx:TrackPointExtension>
    </extensions>
   </trkpt>
   <trkpt lat="29.1431050" lon="119.5286500">
    <ele>31.1</ele>
    <time>2022-02-24T12:53:59Z</time>
    <extensions>
     <gpxtpx:TrackPointExtension>
      <gpxtpx:hr>154</gpxtpx:hr>
      <gpxtpx:cad>76</gpxtpx:cad>
     </gpxtpx:TrackPointExtension>
    </extensions>
   </trkpt>
   <trkpt lat="29.1431120" lon="119.5286200">
    <ele>31.2</ele>
    <time>2022-02-24T12:54:00Z</time>
    <extensions>
     <gpxtpx:TrackPointExtension>
      <gpxtpx:hr>153</gpxtpx:hr>
      <gpxtpx:cad>76</gpxtpx:cad>
     </gpxtpx:TrackPointExtension>
    </extensions>
   </trkpt>
   <trkpt lat="29.1431200" lon="119.5285950">
    <ele>31.2</ele>
    <time>2022-02-24T12:54:01Z</time>
    <extensions>
     <gpxtpx:TrackPointExtension>
      <gpxtpx:hr>153</gpxtpx:hr>
      <gpxtpx:cad>76</gpxtpx:cad>
     </gpxtpx:TrackPointExtension>
    </extensions>
   </trkpt>
   <trkpt lat="29.1431310" lon="119.5285640">
    <ele>31.5</ele>
    <time>2022-02-24T12:54:02Z</time>
    <extensions>
     <gpxtpx:TrackPointExtension>
      <gpxtpx:hr>153</gpxtpx:hr>
      <gpxtpx:cad>76</gpxtpx:cad>
     </gpxtpx:TrackPointExtension>
    </extensions>
   </trkpt>
   <trkpt lat="29.1431390" lon="119.5285340">
    <ele>31.7</ele>
    <time>2022-02-24T12:54:03Z</time>
    <extensions>
     <gpxtpx:TrackPointExtension>
      <gpxtpx:hr>153</gpxtpx:hr>
      <gpxtpx:cad>76</gpxtpx:cad>
     </gpxtpx:TrackPointExtension>
    </extensions>
   </trkpt>
   <trkpt lat="29.1431450" lon="119.5285000">
    <ele>31.8</ele>
    <time>2022-02-24T12:54:04Z</time>
    <extensions>
     <gpxtpx:TrackPointExtension>
      <gpxtpx:hr>153</gpxtpx:hr>
      <gpxtpx:cad>76</gpxtpx:cad>
     </gpxtpx:TrackPointExtension>
    </extensions>
   </trkpt>
   <trkpt lat="29.1431560" lon="119.5284900">
    <ele>31.8</ele>
    <time>2022-02-24T12:54:05Z</time>
    <extensions>
     <gpxtpx:TrackPointExtension>
      <gpxtpx:hr>153</gpxtpx:hr>
      <gpxtpx:cad>76</gpxtpx:cad>
     </gpxtpx:TrackPointExtension>
    </extensions>
   </trkpt>
   <trkpt lat="29.1431640" lon="119.5284650">
    <ele>31.8</ele>
    <time>2022-02-24T12:54:06Z</time>
    <extensions>
     <gpxtpx:TrackPointExtension>
      <gpxtpx:hr>153</gpxtpx:hr>
      <gpxtpx:cad>76</gpxtpx:cad>
     </gpxtpx:TrackPointExtension>
    </extensions>
   </trkpt>
   <trkpt lat="29.1431730" lon="119.5284350">
    <ele>32.0</ele>
    <time>2022-02-24T12:54:07Z</time>
    <extensions>
     <gpxtpx:TrackPointExtension>
      <gpxtpx:hr>153</gpxtpx:hr>
      <gpxtpx:cad>76</gpxtpx:cad>
     </gpxtpx:TrackPointExtension>
    </extensions>
   </trkpt>
   <trkpt lat="29.1431790" lon="119.5284100">
    <ele>32.0</ele>
    <time>2022-02-24T12:54:08Z</time>
    <extensions>
     <gpxtpx:TrackPointExtension>
      <gpxtpx:hr>153</gpxtpx:hr>
      <gpxtpx:cad>76</gpxtpx:cad>
     </gpxtpx:TrackPointExtension>
    </extensions>
   </trkpt>
   <trkpt lat="29.1431830" lon="119.5283900">
    <ele>32.0</ele>
    <time>2022-02-24T12:54:09Z</time>
    <extensions>
     <gpxtpx:TrackPointExtension>
      <gpxtpx:hr>153</gpxtpx:hr>
      <gpxtpx:cad>83</gpxtpx:cad>
     </gpxtpx:TrackPointExtension>
    </extensions>
   </trkpt>
   <trkpt lat="29.1431870" lon="119.5283600">
    <ele>32.0</ele>
    <time>2022-02-24T12:54:10Z</time>
    <extensions>
     <gpxtpx:TrackPointExtension>
      <gpxtpx:hr>152</gpxtpx:hr>
      <gpxtpx:cad>83</gpxtpx:cad>
     </gpxtpx:TrackPointExtension>
    </extensions>
   </trkpt>
   <trkpt lat="29.1431920" lon="119.5283400">
    <ele>32.0</ele>
    <time>2022-02-24T12:54:11Z</time>
    <extensions>
     <gpxtpx:TrackPointExtension>
      <gpxtpx:hr>152</gpxtpx:hr>
      <gpxtpx:cad>83</gpxtpx:cad>
     </gpxtpx:TrackPointExtension>
    </extensions>
   </trkpt>
   <trkpt lat="29.1431980" lon="119.5283200">
    <ele>32.0</ele>
    <time>2022-02-24T12:54:12Z</time>
    <extensions>
     <gpxtpx:TrackPointExtension>
      <gpxtpx:hr>152</gpxtpx:hr>
      <gpxtpx:cad>83</gpxtpx:cad>
     </gpxtpx:TrackPointExtension>
    </extensions>
   </trkpt>
   <trkpt lat="29.1431980" lon="119.5283000">
    <ele>32.0</ele>
    <time>2022-02-24T12:54:13Z</time>
    <extensions>
     <gpxtpx:TrackPointExtension>
      <gpxtpx:hr>152</gpxtpx:hr>
      <gpxtpx:cad>83</gpxtpx:cad>
     </gpxtpx:TrackPointExtension>
    </extensions>
   </trkpt>
   <trkpt lat="29.1432040" lon="119.5282750">
    <ele>32.0</ele>
    <time>2022-02-24T12:54:14Z</time>
    <extensions>
     <gpxtpx:TrackPointExtension>
      <gpxtpx:hr>152</gpxtpx:hr>
      <gpxtpx:cad>83</gpxtpx:cad>
     </gpxtpx:TrackPointExtension>
    </extensions>
   </trkpt>
   <trkpt lat="29.1432080" lon="119.5282500">
    <ele>32.0</ele>
    <time>2022-02-24T12:54:15Z</time>
    <extensions>
     <gpxtpx:TrackPointExtension>
      <gpxtpx:hr>152</gpxtpx:hr>
      <gpxtpx:cad>83</gpxtpx:cad>
     </gpxtpx:TrackPointExtension>
    </extensions>
   </trkpt>
   <trkpt lat="29.1432130" lon="119.5282300">
    <ele>32.0</ele>
    <time>2022-02-24T12:54:16Z</time>
    <extensions>
     <gpxtpx:TrackPointExtension>
      <gpxtpx:hr>152</gpxtpx:hr>
      <gpxtpx:cad>83</gpxtpx:cad>
     </gpxtpx:TrackPointExtension>
    </extensions>
   </trkpt>
   <trkpt lat="29.1432190" lon="119.5282060">
    <ele>32.0</ele>
    <time>2022-02-24T12:54:17Z</time>
    <extensions>
     <gpxtpx:TrackPointExtension>
      <gpxtpx:hr>152</gpxtpx:hr>
      <gpxtpx:cad>83</gpxtpx:cad>
     </gpxtpx:TrackPointExtension>
    </extensions>
   </trkpt>
   <trkpt lat="29.1432250" lon="119.5281800">
    <ele>32.0</ele>
    <time>2022-02-24T12:54:18Z</time>
    <extensions>
     <gpxtpx:TrackPointExtension>
      <gpxtpx:hr>152</gpxtpx:hr>
      <gpxtpx:cad>83</gpxtpx:cad>
     </gpxtpx:TrackPointExtension>
    </extensions>
   </trkpt>
   <trkpt lat="29.1432270" lon="119.5281600">
    <ele>32.0</ele>
    <time>2022-02-24T12:54:19Z</time>
    <extensions>
     <gpxtpx:TrackPointExtension>
      <gpxtpx:hr>152</gpxtpx:hr>
      <gpxtpx:cad>88</gpxtpx:cad>
     </gpxtpx:TrackPointExtension>
    </extensions>
   </trkpt>
   <trkpt lat="29.1432320" lon="119.5281300">
    <ele>32.0</ele>
    <time>2022-02-24T12:54:20Z</time>
    <extensions>
     <gpxtpx:TrackPointExtension>
      <gpxtpx:hr>152</gpxtpx:hr>
      <gpxtpx:cad>88</gpxtpx:cad>
     </gpxtpx:TrackPointExtension>
    </extensions>
   </trkpt>
   <trkpt lat="29.1432360" lon="119.5281100">
    <ele>32.0</ele>
    <time>2022-02-24T12:54:21Z</time>
    <extensions>
     <gpxtpx:TrackPointExtension>
      <gpxtpx:hr>152</gpxtpx:hr>
      <gpxtpx:cad>88</gpxtpx:cad>
     </gpxtpx:TrackPointExtension>
    </extensions>
   </trkpt>
   <trkpt lat="29.1432340" lon="119.5280760">
    <ele>32.0</ele>
    <time>2022-02-24T12:54:22Z</time>
    <extensions>
     <gpxtpx:TrackPointExtension>
      <gpxtpx:hr>152</gpxtpx:hr>
      <gpxtpx:cad>88</gpxtpx:cad>
     </gpxtpx:TrackPointExtension>
    </extensions>
   </trkpt>
   <trkpt lat="29.1432380" lon="119.5280500">
    <ele>32.0</ele>
    <time>2022-02-24T12:54:23Z</time>
    <extensions>
     <gpxtpx:TrackPointExtension>
      <gpxtpx:hr>152</gpxtpx:hr>
      <gpxtpx:cad>88</gpxtpx:cad>
     </gpxtpx:TrackPointExtension>
    </extensions>
   </trkpt>
   <trkpt lat="29.1432420" lon="119.5280300">
    <ele>32.0</ele>
    <time>2022-02-24T12:54:24Z</time>
    <extensions>
     <gpxtpx:TrackPointExtension>
      <gpxtpx:hr>152</gpxtpx:hr>
      <gpxtpx:cad>88</gpxtpx:cad>
     </gpxtpx:TrackPointExtension>
    </extensions>
   </trkpt>
   <trkpt lat="29.1432500" lon="119.5280100">
    <ele>32.0</ele>
    <time>2022-02-24T12:54:26Z</time>
    <extensions>
     <gpxtpx:TrackPointExtension>
      <gpxtpx:hr>152</gpxtpx:hr>
      <gpxtpx:cad>88</gpxtpx:cad>
     </gpxtpx:TrackPointExtension>
    </extensions>
   </trkpt>
   <trkpt lat="29.1432550" lon="119.5279900">
    <ele>32.0</ele>
    <time>2022-02-24T12:54:27Z</time>
    <extensions>
     <gpxtpx:TrackPointExtension>
      <gpxtpx:hr>152</gpxtpx:hr>
      <gpxtpx:cad>87</gpxtpx:cad>
     </gpxtpx:TrackPointExtension>
    </extensions>
   </trkpt>
   <trkpt lat="29.1432650" lon="119.5279800">
    <ele>32.0</ele>
    <time>2022-02-24T12:54:28Z</time>
    <extensions>
     <gpxtpx:TrackPointExtension>
      <gpxtpx:hr>152</gpxtpx:hr>
      <gpxtpx:cad>87</gpxtpx:cad>
     </gpxtpx:TrackPointExtension>
    </extensions>
   </trkpt>
   <trkpt lat="29.1432720" lon="119.5279540">
    <ele>32.0</ele>
    <time>2022-02-24T12:54:29Z</time>
    <extensions>
     <gpxtpx:TrackPointExtension>
      <gpxtpx:hr>152</gpxtpx:hr>
      <gpxtpx:cad>87</gpxtpx:cad>
     </gpxtpx:TrackPointExtension>
    </extensions>
   </trkpt>
   <trkpt lat="29.1432800" lon="119.5279200">
    <ele>32.0</ele>
    <time>2022-02-24T12:54:30Z</time>
    <extensions>
     <gpxtpx:TrackPointExtension>
      <gpxtpx:hr>152</gpxtpx:hr>
      <gpxtpx:cad>86</gpxtpx:cad>
     </gpxtpx:TrackPointExtension>
    </extensions>
   </trkpt>
   <trkpt lat="29.1432800" lon="119.5279200">
    <ele>32.0</ele>
    <time>2022-02-24T12:54:30Z</time>
    <extensions>
     <gpxtpx:TrackPointExtension>
      <gpxtpx:hr>154</gpxtpx:hr>
      <gpxtpx:cad>86</gpxtpx:cad>
     </gpxtpx:TrackPointExtension>
    </extensions>
   </trkpt>
   <trkpt lat="29.1432840" lon="119.5278900">
    <ele>32.0</ele>
    <time>2022-02-24T12:54:31Z</time>
    <extensions>
     <gpxtpx:TrackPointExtension>
      <gpxtpx:hr>154</gpxtpx:hr>
      <gpxtpx:cad>86</gpxtpx:cad>
     </gpxtpx:TrackPointExtension>
    </extensions>
   </trkpt>
   <trkpt lat="29.1432860" lon="119.5278700">
    <ele>32.0</ele>
    <time>2022-02-24T12:54:32Z</time>
    <extensions>
     <gpxtpx:TrackPointExtension>
      <gpxtpx:hr>154</gpxtpx:hr>
      <gpxtpx:cad>86</gpxtpx:cad>
     </gpxtpx:TrackPointExtension>
    </extensions>
   </trkpt>
   <trkpt lat="29.1432910" lon="119.5278500">
    <ele>32.0</ele>
    <time>2022-02-24T12:54:33Z</time>
    <extensions>
     <gpxtpx:TrackPointExtension>
      <gpxtpx:hr>154</gpxtpx:hr>
      <gpxtpx:cad>86</gpxtpx:cad>
     </gpxtpx:TrackPointExtension>
    </extensions>
   </trkpt>
   <trkpt lat="29.1432970" lon="119.5278200">
    <ele>32.0</ele>
    <time>2022-02-24T12:54:34Z</time>
    <extensions>
     <gpxtpx:TrackPointExtension>
      <gpxtpx:hr>154</gpxtpx:hr>
      <gpxtpx:cad>86</gpxtpx:cad>
     </gpxtpx:TrackPointExtension>
    </extensions>
   </trkpt>
   <trkpt lat="29.1433030" lon="119.5277940">
    <ele>32.0</ele>
    <time>2022-02-24T12:54:35Z</time>
    <extensions>
     <gpxtpx:TrackPointExtension>
      <gpxtpx:hr>154</gpxtpx:hr>
      <gpxtpx:cad>86</gpxtpx:cad>
     </gpxtpx:TrackPointExtension>
    </extensions>
   </trkpt>
   <trkpt lat="29.1433070" lon="119.5277600">
    <ele>32.0</ele>
    <time>2022-02-24T12:54:36Z</time>
    <extensions>
     <gpxtpx:TrackPointExtension>
      <gpxtpx:hr>154</gpxtpx:hr>
      <gpxtpx:cad>86</gpxtpx:cad>
     </gpxtpx:TrackPointExtension>
    </extensions>
   </trkpt>
   <trkpt lat="29.1433090" lon="119.5277400">
    <ele>32.0</ele>
    <time>2022-02-24T12:54:37Z</time>
    <extensions>
     <gpxtpx:TrackPointExtension>
      <gpxtpx:hr>154</gpxtpx:hr>
      <gpxtpx:cad>86</gpxtpx:cad>
     </gpxtpx:TrackPointExtension>
    </extensions>
   </trkpt>
   <trkpt lat="29.1433090" lon="119.5277100">
    <ele>32.0</ele>
    <time>2022-02-24T12:54:38Z</time>
    <extensions>
     <gpxtpx:TrackPointExtension>
      <gpxtpx:hr>154</gpxtpx:hr>
      <gpxtpx:cad>86</gpxtpx:cad>
     </gpxtpx:TrackPointExtension>
    </extensions>
   </trkpt>
   <trkpt lat="29.1433070" lon="119.5276800">
    <ele>32.0</ele>
    <time>2022-02-24T12:54:39Z</time>
    <extensions>
     <gpxtpx:TrackPointExtension>
      <gpxtpx:hr>155</gpxtpx:hr>
      <gpxtpx:cad>86</gpxtpx:cad>
     </gpxtpx:TrackPointExtension>
    </extensions>
   </trkpt>
   <trkpt lat="29.1433120" lon="119.5276640">
    <ele>32.0</ele>
    <time>2022-02-24T12:54:40Z</time>
    <extensions>
     <gpxtpx:TrackPointExtension>
      <gpxtpx:hr>155</gpxtpx:hr>
      <gpxtpx:cad>83</gpxtpx:cad>
     </gpxtpx:TrackPointExtension>
    </extensions>
   </trkpt>
   <trkpt lat="29.1433200" lon="119.5276400">
    <ele>32.0</ele>
    <time>2022-02-24T12:54:41Z</time>
    <extensions>
     <gpxtpx:TrackPointExtension>
      <gpxtpx:hr>155</gpxtpx:hr>
      <gpxtpx:cad>83</gpxtpx:cad>
     </gpxtpx:TrackPointExtension>
    </extensions>
   </trkpt>
   <trkpt lat="29.1433260" lon="119.5276200">
    <ele>32.0</ele>
    <time>2022-02-24T12:54:42Z</time>
    <extensions>
     <gpxtpx:TrackPointExtension>
      <gpxtpx:hr>155</gpxtpx:hr>
      <gpxtpx:cad>83</gpxtpx:cad>
     </gpxtpx:TrackPointExtension>
    </extensions>
   </trkpt>
   <trkpt lat="29.1433320" lon="119.5275900">
    <ele>32.0</ele>
    <time>2022-02-24T12:54:43Z</time>
    <extensions>
     <gpxtpx:TrackPointExtension>
      <gpxtpx:hr>155</gpxtpx:hr>
      <gpxtpx:cad>83</gpxtpx:cad>
     </gpxtpx:TrackPointExtension>
    </extensions>
   </trkpt>
   <trkpt lat="29.1433370" lon="119.5275650">
    <ele>32.0</ele>
    <time>2022-02-24T12:54:44Z</time>
    <extensions>
     <gpxtpx:TrackPointExtension>
      <gpxtpx:hr>155</gpxtpx:hr>
      <gpxtpx:cad>83</gpxtpx:cad>
     </gpxtpx:TrackPointExtension>
    </extensions>
   </trkpt>
   <trkpt lat="29.1433410" lon="119.5275400">
    <ele>32.0</ele>
    <time>2022-02-24T12:54:45Z</time>
    <extensions>
     <gpxtpx:TrackPointExtension>
      <gpxtpx:hr>155</gpxtpx:hr>
      <gpxtpx:cad>83</gpxtpx:cad>
     </gpxtpx:TrackPointExtension>
    </extensions>
   </trkpt>
   <trkpt lat="29.1433470" lon="119.5275200">
    <ele>32.0</ele>
    <time>2022-02-24T12:54:46Z</time>
    <extensions>
     <gpxtpx:TrackPointExtension>
      <gpxtpx:hr>155</gpxtpx:hr>
      <gpxtpx:cad>83</gpxtpx:cad>
     </gpxtpx:TrackPointExtension>
    </extensions>
   </trkpt>
   <trkpt lat="29.1433530" lon="119.5275000">
    <ele>32.0</ele>
    <time>2022-02-24T12:54:47Z</time>
    <extensions>
     <gpxtpx:TrackPointExtension>
      <gpxtpx:hr>155</gpxtpx:hr>
      <gpxtpx:cad>83</gpxtpx:cad>
     </gpxtpx:TrackPointExtension>
    </extensions>
   </trkpt>
   <trkpt lat="29.1433560" lon="119.5274700">
    <ele>32.0</ele>
    <time>2022-02-24T12:54:48Z</time>
    <extensions>
     <gpxtpx:TrackPointExtension>
      <gpxtpx:hr>155</gpxtpx:hr>
      <gpxtpx:cad>83</gpxtpx:cad>
     </gpxtpx:TrackPointExtension>
    </extensions>
   </trkpt>
   <trkpt lat="29.1433620" lon="119.5274500">
    <ele>32.0</ele>
    <time>2022-02-24T12:54:49Z</time>
    <extensions>
     <gpxtpx:TrackPointExtension>
      <gpxtpx:hr>155</gpxtpx:hr>
      <gpxtpx:cad>83</gpxtpx:cad>
     </gpxtpx:TrackPointExtension>
    </extensions>
   </trkpt>
   <trkpt lat="29.1433680" lon="119.5274350">
    <ele>32.0</ele>
    <time>2022-02-24T12:54:50Z</time>
    <extensions>
     <gpxtpx:TrackPointExtension>
      <gpxtpx:hr>155</gpxtpx:hr>
      <gpxtpx:cad>88</gpxtpx:cad>
     </gpxtpx:TrackPointExtension>
    </extensions>
   </trkpt>
   <trkpt lat="29.1433720" lon="119.5274100">
    <ele>32.0</ele>
    <time>2022-02-24T12:54:51Z</time>
    <extensions>
     <gpxtpx:TrackPointExtension>
      <gpxtpx:hr>155</gpxtpx:hr>
      <gpxtpx:cad>88</gpxtpx:cad>
     </gpxtpx:TrackPointExtension>
    </extensions>
   </trkpt>
   <trkpt lat="29.1433800" lon="119.5273900">
    <ele>32.0</ele>
    <time>2022-02-24T12:54:52Z</time>
    <extensions>
     <gpxtpx:TrackPointExtension>
      <gpxtpx:hr>155</gpxtpx:hr>
      <gpxtpx:cad>88</gpxtpx:cad>
     </gpxtpx:TrackPointExtension>
    </extensions>
   </trkpt>
   <trkpt lat="29.1433850" lon="119.5273700">
    <ele>32.0</ele>
    <time>2022-02-24T12:54:53Z</time>
    <extensions>
     <gpxtpx:TrackPointExtension>
      <gpxtpx:hr>155</gpxtpx:hr>
      <gpxtpx:cad>88</gpxtpx:cad>
     </gpxtpx:TrackPointExtension>
    </extensions>
   </trkpt>
   <trkpt lat="29.1433890" lon="119.5273400">
    <ele>32.0</ele>
    <time>2022-02-24T12:54:54Z</time>
    <extensions>
     <gpxtpx:TrackPointExtension>
      <gpxtpx:hr>155</gpxtpx:hr>
      <gpxtpx:cad>88</gpxtpx:cad>
     </gpxtpx:TrackPointExtension>
    </extensions>
   </trkpt>
   <trkpt lat="29.1433980" lon="119.5273200">
    <ele>32.1</ele>
    <time>2022-02-24T12:54:55Z</time>
    <extensions>
     <gpxtpx:TrackPointExtension>
      <gpxtpx:hr>155</gpxtpx:hr>
      <gpxtpx:cad>88</gpxtpx:cad>
     </gpxtpx:TrackPointExtension>
    </extensions>
   </trkpt>
   <trkpt lat="29.1434060" lon="119.5273000">
    <ele>32.1</ele>
    <time>2022-02-24T12:54:56Z</time>
    <extensions>
     <gpxtpx:TrackPointExtension>
      <gpxtpx:hr>155</gpxtpx:hr>
      <gpxtpx:cad>88</gpxtpx:cad>
     </gpxtpx:TrackPointExtension>
    </extensions>
   </trkpt>
   <trkpt lat="29.1434080" lon="119.5272800">
    <ele>32.1</ele>
    <time>2022-02-24T12:54:57Z</time>
    <extensions>
     <gpxtpx:TrackPointExtension>
      <gpxtpx:hr>155</gpxtpx:hr>
      <gpxtpx:cad>88</gpxtpx:cad>
     </gpxtpx:TrackPointExtension>
    </extensions>
   </trkpt>
   <trkpt lat="29.1434100" lon="119.5272600">
    <ele>32.1</ele>
    <time>2022-02-24T12:54:58Z</time>
    <extensions>
     <gpxtpx:TrackPointExtension>
      <gpxtpx:hr>155</gpxtpx:hr>
      <gpxtpx:cad>88</gpxtpx:cad>
     </gpxtpx:TrackPointExtension>
    </extensions>
   </trkpt>
   <trkpt lat="29.1434170" lon="119.5272450">
    <ele>32.0</ele>
    <time>2022-02-24T12:54:59Z</time>
    <extensions>
     <gpxtpx:TrackPointExtension>
      <gpxtpx:hr>155</gpxtpx:hr>
      <gpxtpx:cad>88</gpxtpx:cad>
     </gpxtpx:TrackPointExtension>
    </extensions>
   </trkpt>
   <trkpt lat="29.1434230" lon="119.5272200">
    <ele>32.0</ele>
    <time>2022-02-24T12:55:00Z</time>
    <extensions>
     <gpxtpx:TrackPointExtension>
      <gpxtpx:hr>155</gpxtpx:hr>
      <gpxtpx:cad>89</gpxtpx:cad>
     </gpxtpx:TrackPointExtension>
    </extensions>
   </trkpt>
   <trkpt lat="29.1434270" lon="119.5272000">
    <ele>31.9</ele>
    <time>2022-02-24T12:55:01Z</time>
    <extensions>
     <gpxtpx:TrackPointExtension>
      <gpxtpx:hr>152</gpxtpx:hr>
      <gpxtpx:cad>89</gpxtpx:cad>
     </gpxtpx:TrackPointExtension>
    </extensions>
   </trkpt>
   <trkpt lat="29.1434300" lon="119.5271760">
    <ele>31.9</ele>
    <time>2022-02-24T12:55:02Z</time>
    <extensions>
     <gpxtpx:TrackPointExtension>
      <gpxtpx:hr>152</gpxtpx:hr>
      <gpxtpx:cad>89</gpxtpx:cad>
     </gpxtpx:TrackPointExtension>
    </extensions>
   </trkpt>
   <trkpt lat="29.1434350" lon="119.5271450">
    <ele>31.6</ele>
    <time>2022-02-24T12:55:03Z</time>
    <extensions>
     <gpxtpx:TrackPointExtension>
      <gpxtpx:hr>152</gpxtpx:hr>
      <gpxtpx:cad>89</gpxtpx:cad>
     </gpxtpx:TrackPointExtension>
    </extensions>
   </trkpt>
   <trkpt lat="29.1434420" lon="119.5271200">
    <ele>31.4</ele>
    <time>2022-02-24T12:55:04Z</time>
    <extensions>
     <gpxtpx:TrackPointExtension>
      <gpxtpx:hr>152</gpxtpx:hr>
      <gpxtpx:cad>89</gpxtpx:cad>
     </gpxtpx:TrackPointExtension>
    </extensions>
   </trkpt>
   <trkpt lat="29.1434500" lon="119.5270900">
    <ele>31.4</ele>
    <time>2022-02-24T12:55:05Z</time>
    <extensions>
     <gpxtpx:TrackPointExtension>
      <gpxtpx:hr>152</gpxtpx:hr>
      <gpxtpx:cad>89</gpxtpx:cad>
     </gpxtpx:TrackPointExtension>
    </extensions>
   </trkpt>
   <trkpt lat="29.1434570" lon="119.5270700">
    <ele>31.1</ele>
    <time>2022-02-24T12:55:06Z</time>
    <extensions>
     <gpxtpx:TrackPointExtension>
      <gpxtpx:hr>152</gpxtpx:hr>
      <gpxtpx:cad>89</gpxtpx:cad>
     </gpxtpx:TrackPointExtension>
    </extensions>
   </trkpt>
   <trkpt lat="29.1434630" lon="119.5270500">
    <ele>31.1</ele>
    <time>2022-02-24T12:55:07Z</time>
    <extensions>
     <gpxtpx:TrackPointExtension>
      <gpxtpx:hr>152</gpxtpx:hr>
      <gpxtpx:cad>89</gpxtpx:cad>
     </gpxtpx:TrackPointExtension>
    </extensions>
   </trkpt>
   <trkpt lat="29.1434650" lon="119.5270200">
    <ele>31.0</ele>
    <time>2022-02-24T12:55:08Z</time>
    <extensions>
     <gpxtpx:TrackPointExtension>
      <gpxtpx:hr>152</gpxtpx:hr>
      <gpxtpx:cad>89</gpxtpx:cad>
     </gpxtpx:TrackPointExtension>
    </extensions>
   </trkpt>
   <trkpt lat="29.1434690" lon="119.5270000">
    <ele>31.0</ele>
    <time>2022-02-24T12:55:09Z</time>
    <extensions>
     <gpxtpx:TrackPointExtension>
      <gpxtpx:hr>152</gpxtpx:hr>
      <gpxtpx:cad>79</gpxtpx:cad>
     </gpxtpx:TrackPointExtension>
    </extensions>
   </trkpt>
   <trkpt lat="29.1434750" lon="119.5269700">
    <ele>31.0</ele>
    <time>2022-02-24T12:55:10Z</time>
    <extensions>
     <gpxtpx:TrackPointExtension>
      <gpxtpx:hr>152</gpxtpx:hr>
      <gpxtpx:cad>77</gpxtpx:cad>
     </gpxtpx:TrackPointExtension>
    </extensions>
   </trkpt>
   <trkpt lat="29.1434750" lon="119.5269700">
    <ele>31.0</ele>
    <time>2022-02-24T12:55:10Z</time>
    <extensions>
     <gpxtpx:TrackPointExtension>
      <gpxtpx:hr>153</gpxtpx:hr>
      <gpxtpx:cad>77</gpxtpx:cad>
     </gpxtpx:TrackPointExtension>
    </extensions>
   </trkpt>
   <trkpt lat="29.1434800" lon="119.5269500">
    <ele>31.0</ele>
    <time>2022-02-24T12:55:11Z</time>
    <extensions>
     <gpxtpx:TrackPointExtension>
      <gpxtpx:hr>153</gpxtpx:hr>
      <gpxtpx:cad>77</gpxtpx:cad>
     </gpxtpx:TrackPointExtension>
    </extensions>
   </trkpt>
   <trkpt lat="29.1434840" lon="119.5269240">
    <ele>31.0</ele>
    <time>2022-02-24T12:55:12Z</time>
    <extensions>
     <gpxtpx:TrackPointExtension>
      <gpxtpx:hr>153</gpxtpx:hr>
      <gpxtpx:cad>77</gpxtpx:cad>
     </gpxtpx:TrackPointExtension>
    </extensions>
   </trkpt>
   <trkpt lat="29.1434920" lon="119.5268900">
    <ele>31.0</ele>
    <time>2022-02-24T12:55:13Z</time>
    <extensions>
     <gpxtpx:TrackPointExtension>
      <gpxtpx:hr>153</gpxtpx:hr>
      <gpxtpx:cad>77</gpxtpx:cad>
     </gpxtpx:TrackPointExtension>
    </extensions>
   </trkpt>
   <trkpt lat="29.1434940" lon="119.5268600">
    <ele>31.0</ele>
    <time>2022-02-24T12:55:14Z</time>
    <extensions>
     <gpxtpx:TrackPointExtension>
      <gpxtpx:hr>153</gpxtpx:hr>
      <gpxtpx:cad>77</gpxtpx:cad>
     </gpxtpx:TrackPointExtension>
    </extensions>
   </trkpt>
   <trkpt lat="29.1434960" lon="119.5268400">
    <ele>31.0</ele>
    <time>2022-02-24T12:55:15Z</time>
    <extensions>
     <gpxtpx:TrackPointExtension>
      <gpxtpx:hr>153</gpxtpx:hr>
      <gpxtpx:cad>77</gpxtpx:cad>
     </gpxtpx:TrackPointExtension>
    </extensions>
   </trkpt>
   <trkpt lat="29.1435000" lon="119.5268200">
    <ele>31.0</ele>
    <time>2022-02-24T12:55:16Z</time>
    <extensions>
     <gpxtpx:TrackPointExtension>
      <gpxtpx:hr>153</gpxtpx:hr>
      <gpxtpx:cad>77</gpxtpx:cad>
     </gpxtpx:TrackPointExtension>
    </extensions>
   </trkpt>
   <trkpt lat="29.1435050" lon="119.5267940">
    <ele>31.0</ele>
    <time>2022-02-24T12:55:17Z</time>
    <extensions>
     <gpxtpx:TrackPointExtension>
      <gpxtpx:hr>153</gpxtpx:hr>
      <gpxtpx:cad>77</gpxtpx:cad>
     </gpxtpx:TrackPointExtension>
    </extensions>
   </trkpt>
   <trkpt lat="29.1435090" lon="119.5267640">
    <ele>31.0</ele>
    <time>2022-02-24T12:55:18Z</time>
    <extensions>
     <gpxtpx:TrackPointExtension>
      <gpxtpx:hr>153</gpxtpx:hr>
      <gpxtpx:cad>77</gpxtpx:cad>
     </gpxtpx:TrackPointExtension>
    </extensions>
   </trkpt>
   <trkpt lat="29.1435130" lon="119.5267400">
    <ele>31.0</ele>
    <time>2022-02-24T12:55:19Z</time>
    <extensions>
     <gpxtpx:TrackPointExtension>
      <gpxtpx:hr>153</gpxtpx:hr>
      <gpxtpx:cad>77</gpxtpx:cad>
     </gpxtpx:TrackPointExtension>
    </extensions>
   </trkpt>
   <trkpt lat="29.1435150" lon="119.5267200">
    <ele>31.0</ele>
    <time>2022-02-24T12:55:20Z</time>
    <extensions>
     <gpxtpx:TrackPointExtension>
      <gpxtpx:hr>153</gpxtpx:hr>
      <gpxtpx:cad>70</gpxtpx:cad>
     </gpxtpx:TrackPointExtension>
    </extensions>
   </trkpt>
   <trkpt lat="29.1435150" lon="119.5267200">
    <ele>31.0</ele>
    <time>2022-02-24T12:55:20Z</time>
    <extensions>
     <gpxtpx:TrackPointExtension>
      <gpxtpx:hr>155</gpxtpx:hr>
      <gpxtpx:cad>70</gpxtpx:cad>
     </gpxtpx:TrackPointExtension>
    </extensions>
   </trkpt>
   <trkpt lat="29.1435240" lon="119.5266950">
    <ele>31.0</ele>
    <time>2022-02-24T12:55:21Z</time>
    <extensions>
     <gpxtpx:TrackPointExtension>
      <gpxtpx:hr>155</gpxtpx:hr>
      <gpxtpx:cad>70</gpxtpx:cad>
     </gpxtpx:TrackPointExtension>
    </extensions>
   </trkpt>
   <trkpt lat="29.1435300" lon="119.5266700">
    <ele>31.0</ele>
    <time>2022-02-24T12:55:22Z</time>
    <extensions>
     <gpxtpx:TrackPointExtension>
      <gpxtpx:hr>155</gpxtpx:hr>
      <gpxtpx:cad>70</gpxtpx:cad>
     </gpxtpx:TrackPointExtension>
    </extensions>
   </trkpt>
   <trkpt lat="29.1435340" lon="119.5266500">
    <ele>31.0</ele>
    <time>2022-02-24T12:55:23Z</time>
    <extensions>
     <gpxtpx:TrackPointExtension>
      <gpxtpx:hr>155</gpxtpx:hr>
      <gpxtpx:cad>70</gpxtpx:cad>
     </gpxtpx:TrackPointExtension>
    </extensions>
   </trkpt>
   <trkpt lat="29.1435380" lon="119.5266300">
    <ele>31.0</ele>
    <time>2022-02-24T12:55:24Z</time>
    <extensions>
     <gpxtpx:TrackPointExtension>
      <gpxtpx:hr>155</gpxtpx:hr>
      <gpxtpx:cad>70</gpxtpx:cad>
     </gpxtpx:TrackPointExtension>
    </extensions>
   </trkpt>
   <trkpt lat="29.1435430" lon="119.5266000">
    <ele>31.3</ele>
    <time>2022-02-24T12:55:25Z</time>
    <extensions>
     <gpxtpx:TrackPointExtension>
      <gpxtpx:hr>155</gpxtpx:hr>
      <gpxtpx:cad>70</gpxtpx:cad>
     </gpxtpx:TrackPointExtension>
    </extensions>
   </trkpt>
   <trkpt lat="29.1435500" lon="119.5265700">
    <ele>31.2</ele>
    <time>2022-02-24T12:55:26Z</time>
    <extensions>
     <gpxtpx:TrackPointExtension>
      <gpxtpx:hr>155</gpxtpx:hr>
      <gpxtpx:cad>70</gpxtpx:cad>
     </gpxtpx:TrackPointExtension>
    </extensions>
   </trkpt>
   <trkpt lat="29.1435550" lon="119.5265600">
    <ele>31.2</ele>
    <time>2022-02-24T12:55:27Z</time>
    <extensions>
     <gpxtpx:TrackPointExtension>
      <gpxtpx:hr>155</gpxtpx:hr>
      <gpxtpx:cad>70</gpxtpx:cad>
     </gpxtpx:TrackPointExtension>
    </extensions>
   </trkpt>
   <trkpt lat="29.1435590" lon="119.5265300">
    <ele>31.2</ele>
    <time>2022-02-24T12:55:28Z</time>
    <extensions>
     <gpxtpx:TrackPointExtension>
      <gpxtpx:hr>155</gpxtpx:hr>
      <gpxtpx:cad>70</gpxtpx:cad>
     </gpxtpx:TrackPointExtension>
    </extensions>
   </trkpt>
   <trkpt lat="29.1435600" lon="119.5265000">
    <ele>31.2</ele>
    <time>2022-02-24T12:55:29Z</time>
    <extensions>
     <gpxtpx:TrackPointExtension>
      <gpxtpx:hr>155</gpxtpx:hr>
      <gpxtpx:cad>70</gpxtpx:cad>
     </gpxtpx:TrackPointExtension>
    </extensions>
   </trkpt>
   <trkpt lat="29.1435760" lon="119.5264800">
    <ele>31.1</ele>
    <time>2022-02-24T12:55:30Z</time>
    <extensions>
     <gpxtpx:TrackPointExtension>
      <gpxtpx:hr>155</gpxtpx:hr>
      <gpxtpx:cad>84</gpxtpx:cad>
     </gpxtpx:TrackPointExtension>
    </extensions>
   </trkpt>
   <trkpt lat="29.1435760" lon="119.5264800">
    <ele>31.1</ele>
    <time>2022-02-24T12:55:30Z</time>
    <extensions>
     <gpxtpx:TrackPointExtension>
      <gpxtpx:hr>155</gpxtpx:hr>
      <gpxtpx:cad>84</gpxtpx:cad>
     </gpxtpx:TrackPointExtension>
    </extensions>
   </trkpt>
   <trkpt lat="29.1435870" lon="119.5264700">
    <ele>31.3</ele>
    <time>2022-02-24T12:55:31Z</time>
    <extensions>
     <gpxtpx:TrackPointExtension>
      <gpxtpx:hr>155</gpxtpx:hr>
      <gpxtpx:cad>84</gpxtpx:cad>
     </gpxtpx:TrackPointExtension>
    </extensions>
   </trkpt>
   <trkpt lat="29.1435930" lon="119.5264400">
    <ele>31.2</ele>
    <time>2022-02-24T12:55:32Z</time>
    <extensions>
     <gpxtpx:TrackPointExtension>
      <gpxtpx:hr>155</gpxtpx:hr>
      <gpxtpx:cad>84</gpxtpx:cad>
     </gpxtpx:TrackPointExtension>
    </extensions>
   </trkpt>
   <trkpt lat="29.1435970" lon="119.5264300">
    <ele>31.2</ele>
    <time>2022-02-24T12:55:33Z</time>
    <extensions>
     <gpxtpx:TrackPointExtension>
      <gpxtpx:hr>155</gpxtpx:hr>
      <gpxtpx:cad>84</gpxtpx:cad>
     </gpxtpx:TrackPointExtension>
    </extensions>
   </trkpt>
   <trkpt lat="29.1436040" lon="119.5264100">
    <ele>31.2</ele>
    <time>2022-02-24T12:55:34Z</time>
    <extensions>
     <gpxtpx:TrackPointExtension>
      <gpxtpx:hr>155</gpxtpx:hr>
      <gpxtpx:cad>84</gpxtpx:cad>
     </gpxtpx:TrackPointExtension>
    </extensions>
   </trkpt>
   <trkpt lat="29.1436140" lon="119.5264000">
    <ele>31.1</ele>
    <time>2022-02-24T12:55:35Z</time>
    <extensions>
     <gpxtpx:TrackPointExtension>
      <gpxtpx:hr>155</gpxtpx:hr>
      <gpxtpx:cad>84</gpxtpx:cad>
     </gpxtpx:TrackPointExtension>
    </extensions>
   </trkpt>
   <trkpt lat="29.1436210" lon="119.5263750">
    <ele>31.1</ele>
    <time>2022-02-24T12:55:36Z</time>
    <extensions>
     <gpxtpx:TrackPointExtension>
      <gpxtpx:hr>155</gpxtpx:hr>
      <gpxtpx:cad>84</gpxtpx:cad>
     </gpxtpx:TrackPointExtension>
    </extensions>
   </trkpt>
   <trkpt lat="29.1436310" lon="119.5263500">
    <ele>31.0</ele>
    <time>2022-02-24T12:55:37Z</time>
    <extensions>
     <gpxtpx:TrackPointExtension>
      <gpxtpx:hr>155</gpxtpx:hr>
      <gpxtpx:cad>84</gpxtpx:cad>
     </gpxtpx:TrackPointExtension>
    </extensions>
   </trkpt>
   <trkpt lat="29.1436370" lon="119.5263300">
    <ele>31.0</ele>
    <time>2022-02-24T12:55:38Z</time>
    <extensions>
     <gpxtpx:TrackPointExtension>
      <gpxtpx:hr>155</gpxtpx:hr>
      <gpxtpx:cad>84</gpxtpx:cad>
     </gpxtpx:TrackPointExtension>
    </extensions>
   </trkpt>
   <trkpt lat="29.1436420" lon="119.5263060">
    <ele>31.0</ele>
    <time>2022-02-24T12:55:39Z</time>
    <extensions>
     <gpxtpx:TrackPointExtension>
      <gpxtpx:hr>155</gpxtpx:hr>
      <gpxtpx:cad>84</gpxtpx:cad>
     </gpxtpx:TrackPointExtension>
    </extensions>
   </trkpt>
   <trkpt lat="29.1436500" lon="119.5262900">
    <ele>31.0</ele>
    <time>2022-02-24T12:55:40Z</time>
    <extensions>
     <gpxtpx:TrackPointExtension>
      <gpxtpx:hr>155</gpxtpx:hr>
      <gpxtpx:cad>84</gpxtpx:cad>
     </gpxtpx:TrackPointExtension>
    </extensions>
   </trkpt>
   <trkpt lat="29.1436500" lon="119.5262900">
    <ele>31.0</ele>
    <time>2022-02-24T12:55:40Z</time>
    <extensions>
     <gpxtpx:TrackPointExtension>
      <gpxtpx:hr>153</gpxtpx:hr>
      <gpxtpx:cad>84</gpxtpx:cad>
     </gpxtpx:TrackPointExtension>
    </extensions>
   </trkpt>
   <trkpt lat="29.1436540" lon="119.5262700">
    <ele>31.0</ele>
    <time>2022-02-24T12:55:41Z</time>
    <extensions>
     <gpxtpx:TrackPointExtension>
      <gpxtpx:hr>153</gpxtpx:hr>
      <gpxtpx:cad>84</gpxtpx:cad>
     </gpxtpx:TrackPointExtension>
    </extensions>
   </trkpt>
   <trkpt lat="29.1436580" lon="119.5262400">
    <ele>31.0</ele>
    <time>2022-02-24T12:55:42Z</time>
    <extensions>
     <gpxtpx:TrackPointExtension>
      <gpxtpx:hr>153</gpxtpx:hr>
      <gpxtpx:cad>84</gpxtpx:cad>
     </gpxtpx:TrackPointExtension>
    </extensions>
   </trkpt>
   <trkpt lat="29.1436630" lon="119.5262150">
    <ele>31.0</ele>
    <time>2022-02-24T12:55:43Z</time>
    <extensions>
     <gpxtpx:TrackPointExtension>
      <gpxtpx:hr>153</gpxtpx:hr>
      <gpxtpx:cad>84</gpxtpx:cad>
     </gpxtpx:TrackPointExtension>
    </extensions>
   </trkpt>
   <trkpt lat="29.1436710" lon="119.5261900">
    <ele>31.0</ele>
    <time>2022-02-24T12:55:44Z</time>
    <extensions>
     <gpxtpx:TrackPointExtension>
      <gpxtpx:hr>153</gpxtpx:hr>
      <gpxtpx:cad>84</gpxtpx:cad>
     </gpxtpx:TrackPointExtension>
    </extensions>
   </trkpt>
   <trkpt lat="29.1436710" lon="119.5261600">
    <ele>31.0</ele>
    <time>2022-02-24T12:55:45Z</time>
    <extensions>
     <gpxtpx:TrackPointExtension>
      <gpxtpx:hr>153</gpxtpx:hr>
      <gpxtpx:cad>84</gpxtpx:cad>
     </gpxtpx:TrackPointExtension>
    </extensions>
   </trkpt>
   <trkpt lat="29.1436710" lon="119.5261400">
    <ele>31.0</ele>
    <time>2022-02-24T12:55:46Z</time>
    <extensions>
     <gpxtpx:TrackPointExtension>
      <gpxtpx:hr>153</gpxtpx:hr>
      <gpxtpx:cad>84</gpxtpx:cad>
     </gpxtpx:TrackPointExtension>
    </extensions>
   </trkpt>
   <trkpt lat="29.1436730" lon="119.5261200">
    <ele>31.0</ele>
    <time>2022-02-24T12:55:47Z</time>
    <extensions>
     <gpxtpx:TrackPointExtension>
      <gpxtpx:hr>153</gpxtpx:hr>
      <gpxtpx:cad>84</gpxtpx:cad>
     </gpxtpx:TrackPointExtension>
    </extensions>
   </trkpt>
   <trkpt lat="29.1436770" lon="119.5261000">
    <ele>31.0</ele>
    <time>2022-02-24T12:55:48Z</time>
    <extensions>
     <gpxtpx:TrackPointExtension>
      <gpxtpx:hr>153</gpxtpx:hr>
      <gpxtpx:cad>84</gpxtpx:cad>
     </gpxtpx:TrackPointExtension>
    </extensions>
   </trkpt>
   <trkpt lat="29.1436800" lon="119.5260800">
    <ele>31.0</ele>
    <time>2022-02-24T12:55:49Z</time>
    <extensions>
     <gpxtpx:TrackPointExtension>
      <gpxtpx:hr>153</gpxtpx:hr>
      <gpxtpx:cad>84</gpxtpx:cad>
     </gpxtpx:TrackPointExtension>
    </extensions>
   </trkpt>
   <trkpt lat="29.1436840" lon="119.5260540">
    <ele>31.0</ele>
    <time>2022-02-24T12:55:50Z</time>
    <extensions>
     <gpxtpx:TrackPointExtension>
      <gpxtpx:hr>153</gpxtpx:hr>
      <gpxtpx:cad>74</gpxtpx:cad>
     </gpxtpx:TrackPointExtension>
    </extensions>
   </trkpt>
   <trkpt lat="29.1436840" lon="119.5260540">
    <ele>31.0</ele>
    <time>2022-02-24T12:55:50Z</time>
    <extensions>
     <gpxtpx:TrackPointExtension>
      <gpxtpx:hr>151</gpxtpx:hr>
      <gpxtpx:cad>74</gpxtpx:cad>
     </gpxtpx:TrackPointExtension>
    </extensions>
   </trkpt>
   <trkpt lat="29.1436880" lon="119.5260400">
    <ele>31.0</ele>
    <time>2022-02-24T12:55:51Z</time>
    <extensions>
     <gpxtpx:TrackPointExtension>
      <gpxtpx:hr>151</gpxtpx:hr>
      <gpxtpx:cad>74</gpxtpx:cad>
     </gpxtpx:TrackPointExtension>
    </extensions>
   </trkpt>
   <trkpt lat="29.1436960" lon="119.5260200">
    <ele>31.2</ele>
    <time>2022-02-24T12:55:52Z</time>
    <extensions>
     <gpxtpx:TrackPointExtension>
      <gpxtpx:hr>151</gpxtpx:hr>
      <gpxtpx:cad>76</gpxtpx:cad>
     </gpxtpx:TrackPointExtension>
    </extensions>
   </trkpt>
   <trkpt lat="29.1437030" lon="119.5260000">
    <ele>31.2</ele>
    <time>2022-02-24T12:55:53Z</time>
    <extensions>
     <gpxtpx:TrackPointExtension>
      <gpxtpx:hr>151</gpxtpx:hr>
      <gpxtpx:cad>76</gpxtpx:cad>
     </gpxtpx:TrackPointExtension>
    </extensions>
   </trkpt>
   <trkpt lat="29.1437150" lon="119.5259800">
    <ele>31.2</ele>
    <time>2022-02-24T12:55:54Z</time>
    <extensions>
     <gpxtpx:TrackPointExtension>
      <gpxtpx:hr>151</gpxtpx:hr>
      <gpxtpx:cad>76</gpxtpx:cad>
     </gpxtpx:TrackPointExtension>
    </extensions>
   </trkpt>
   <trkpt lat="29.1437200" lon="119.5259600">
    <ele>31.1</ele>
    <time>2022-02-24T12:55:55Z</time>
    <extensions>
     <gpxtpx:TrackPointExtension>
      <gpxtpx:hr>151</gpxtpx:hr>
      <gpxtpx:cad>76</gpxtpx:cad>
     </gpxtpx:TrackPointExtension>
    </extensions>
   </trkpt>
   <trkpt lat="29.1437260" lon="119.5259400">
    <ele>31.1</ele>
    <time>2022-02-24T12:55:56Z</time>
    <extensions>
     <gpxtpx:TrackPointExtension>
      <gpxtpx:hr>151</gpxtpx:hr>
      <gpxtpx:cad>76</gpxtpx:cad>
     </gpxtpx:TrackPointExtension>
    </extensions>
   </trkpt>
   <trkpt lat="29.1437300" lon="119.5259200">
    <ele>31.2</ele>
    <time>2022-02-24T12:55:57Z</time>
    <extensions>
     <gpxtpx:TrackPointExtension>
      <gpxtpx:hr>151</gpxtpx:hr>
      <gpxtpx:cad>76</gpxtpx:cad>
     </gpxtpx:TrackPointExtension>
    </extensions>
   </trkpt>
   <trkpt lat="29.1437380" lon="119.5258940">
    <ele>31.2</ele>
    <time>2022-02-24T12:55:58Z</time>
    <extensions>
     <gpxtpx:TrackPointExtension>
      <gpxtpx:hr>151</gpxtpx:hr>
      <gpxtpx:cad>76</gpxtpx:cad>
     </gpxtpx:TrackPointExtension>
    </extensions>
   </trkpt>
   <trkpt lat="29.1437440" lon="119.5258600">
    <ele>31.1</ele>
    <time>2022-02-24T12:55:59Z</time>
    <extensions>
     <gpxtpx:TrackPointExtension>
      <gpxtpx:hr>151</gpxtpx:hr>
      <gpxtpx:cad>76</gpxtpx:cad>
     </gpxtpx:TrackPointExtension>
    </extensions>
   </trkpt>
   <trkpt lat="29.1437450" lon="119.5258400">
    <ele>30.9</ele>
    <time>2022-02-24T12:56:00Z</time>
    <extensions>
     <gpxtpx:TrackPointExtension>
      <gpxtpx:hr>152</gpxtpx:hr>
      <gpxtpx:cad>76</gpxtpx:cad>
     </gpxtpx:TrackPointExtension>
    </extensions>
   </trkpt>
   <trkpt lat="29.1437450" lon="119.5258400">
    <ele>30.9</ele>
    <time>2022-02-24T12:56:00Z</time>
    <extensions>
     <gpxtpx:TrackPointExtension>
      <gpxtpx:hr>152</gpxtpx:hr>
      <gpxtpx:cad>85</gpxtpx:cad>
     </gpxtpx:TrackPointExtension>
    </extensions>
   </trkpt>
   <trkpt lat="29.1437500" lon="119.5258100">
    <ele>30.9</ele>
    <time>2022-02-24T12:56:01Z</time>
    <extensions>
     <gpxtpx:TrackPointExtension>
      <gpxtpx:hr>152</gpxtpx:hr>
      <gpxtpx:cad>85</gpxtpx:cad>
     </gpxtpx:TrackPointExtension>
    </extensions>
   </trkpt>
   <trkpt lat="29.1437470" lon="119.5257950">
    <ele>30.6</ele>
    <time>2022-02-24T12:56:02Z</time>
    <extensions>
     <gpxtpx:TrackPointExtension>
      <gpxtpx:hr>152</gpxtpx:hr>
      <gpxtpx:cad>85</gpxtpx:cad>
     </gpxtpx:TrackPointExtension>
    </extensions>
   </trkpt>
   <trkpt lat="29.1437500" lon="119.5257700">
    <ele>30.6</ele>
    <time>2022-02-24T12:56:03Z</time>
    <extensions>
     <gpxtpx:TrackPointExtension>
      <gpxtpx:hr>152</gpxtpx:hr>
      <gpxtpx:cad>85</gpxtpx:cad>
     </gpxtpx:TrackPointExtension>
    </extensions>
   </trkpt>
   <trkpt lat="29.1437550" lon="119.5257400">
    <ele>30.4</ele>
    <time>2022-02-24T12:56:04Z</time>
    <extensions>
     <gpxtpx:TrackPointExtension>
      <gpxtpx:hr>152</gpxtpx:hr>
      <gpxtpx:cad>85</gpxtpx:cad>
     </gpxtpx:TrackPointExtension>
    </extensions>
   </trkpt>
   <trkpt lat="29.1437590" lon="119.5257200">
    <ele>30.4</ele>
    <time>2022-02-24T12:56:05Z</time>
    <extensions>
     <gpxtpx:TrackPointExtension>
      <gpxtpx:hr>152</gpxtpx:hr>
      <gpxtpx:cad>85</gpxtpx:cad>
     </gpxtpx:TrackPointExtension>
    </extensions>
   </trkpt>
   <trkpt lat="29.1437640" lon="119.5256960">
    <ele>30.1</ele>
    <time>2022-02-24T12:56:06Z</time>
    <extensions>
     <gpxtpx:TrackPointExtension>
      <gpxtpx:hr>152</gpxtpx:hr>
      <gpxtpx:cad>85</gpxtpx:cad>
     </gpxtpx:TrackPointExtension>
    </extensions>
   </trkpt>
   <trkpt lat="29.1437680" lon="119.5256650">
    <ele>30.0</ele>
    <time>2022-02-24T12:56:07Z</time>
    <extensions>
     <gpxtpx:TrackPointExtension>
      <gpxtpx:hr>152</gpxtpx:hr>
      <gpxtpx:cad>85</gpxtpx:cad>
     </gpxtpx:TrackPointExtension>
    </extensions>
   </trkpt>
   <trkpt lat="29.1437720" lon="119.5256350">
    <ele>30.0</ele>
    <time>2022-02-24T12:56:08Z</time>
    <extensions>
     <gpxtpx:TrackPointExtension>
      <gpxtpx:hr>152</gpxtpx:hr>
      <gpxtpx:cad>85</gpxtpx:cad>
     </gpxtpx:TrackPointExtension>
    </extensions>
   </trkpt>
   <trkpt lat="29.1437760" lon="119.5256100">
    <ele>30.0</ele>
    <time>2022-02-24T12:56:09Z</time>
    <extensions>
     <gpxtpx:TrackPointExtension>
      <gpxtpx:hr>152</gpxtpx:hr>
      <gpxtpx:cad>85</gpxtpx:cad>
     </gpxtpx:TrackPointExtension>
    </extensions>
   </trkpt>
   <trkpt lat="29.1437840" lon="119.5255900">
    <ele>30.0</ele>
    <time>2022-02-24T12:56:10Z</time>
    <extensions>
     <gpxtpx:TrackPointExtension>
      <gpxtpx:hr>154</gpxtpx:hr>
      <gpxtpx:cad>85</gpxtpx:cad>
     </gpxtpx:TrackPointExtension>
    </extensions>
   </trkpt>
   <trkpt lat="29.1437840" lon="119.5255900">
    <ele>30.0</ele>
    <time>2022-02-24T12:56:10Z</time>
    <extensions>
     <gpxtpx:TrackPointExtension>
      <gpxtpx:hr>154</gpxtpx:hr>
      <gpxtpx:cad>83</gpxtpx:cad>
     </gpxtpx:TrackPointExtension>
    </extensions>
   </trkpt>
   <trkpt lat="29.1437850" lon="119.5255660">
    <ele>30.0</ele>
    <time>2022-02-24T12:56:11Z</time>
    <extensions>
     <gpxtpx:TrackPointExtension>
      <gpxtpx:hr>154</gpxtpx:hr>
      <gpxtpx:cad>83</gpxtpx:cad>
     </gpxtpx:TrackPointExtension>
    </extensions>
   </trkpt>
   <trkpt lat="29.1437870" lon="119.5255360">
    <ele>30.0</ele>
    <time>2022-02-24T12:56:12Z</time>
    <extensions>
     <gpxtpx:TrackPointExtension>
      <gpxtpx:hr>154</gpxtpx:hr>
      <gpxtpx:cad>83</gpxtpx:cad>
     </gpxtpx:TrackPointExtension>
    </extensions>
   </trkpt>
   <trkpt lat="29.1437950" lon="119.5255100">
    <ele>30.0</ele>
    <time>2022-02-24T12:56:13Z</time>
    <extensions>
     <gpxtpx:TrackPointExtension>
      <gpxtpx:hr>154</gpxtpx:hr>
      <gpxtpx:cad>83</gpxtpx:cad>
     </gpxtpx:TrackPointExtension>
    </extensions>
   </trkpt>
   <trkpt lat="29.1438000" lon="119.5254900">
    <ele>30.0</ele>
    <time>2022-02-24T12:56:14Z</time>
    <extensions>
     <gpxtpx:TrackPointExtension>
      <gpxtpx:hr>154</gpxtpx:hr>
      <gpxtpx:cad>83</gpxtpx:cad>
     </gpxtpx:TrackPointExtension>
    </extensions>
   </trkpt>
   <trkpt lat="29.1438050" lon="119.5254700">
    <ele>30.0</ele>
    <time>2022-02-24T12:56:15Z</time>
    <extensions>
     <gpxtpx:TrackPointExtension>
      <gpxtpx:hr>154</gpxtpx:hr>
      <gpxtpx:cad>83</gpxtpx:cad>
     </gpxtpx:TrackPointExtension>
    </extensions>
   </trkpt>
   <trkpt lat="29.1438120" lon="119.5254400">
    <ele>30.0</ele>
    <time>2022-02-24T12:56:16Z</time>
    <extensions>
     <gpxtpx:TrackPointExtension>
      <gpxtpx:hr>154</gpxtpx:hr>
      <gpxtpx:cad>83</gpxtpx:cad>
     </gpxtpx:TrackPointExtension>
    </extensions>
   </trkpt>
   <trkpt lat="29.1438180" lon="119.5254100">
    <ele>30.0</ele>
    <time>2022-02-24T12:56:17Z</time>
    <extensions>
     <gpxtpx:TrackPointExtension>
      <gpxtpx:hr>154</gpxtpx:hr>
      <gpxtpx:cad>83</gpxtpx:cad>
     </gpxtpx:TrackPointExtension>
    </extensions>
   </trkpt>
   <trkpt lat="29.1438260" lon="119.5253900">
    <ele>30.0</ele>
    <time>2022-02-24T12:56:18Z</time>
    <extensions>
     <gpxtpx:TrackPointExtension>
      <gpxtpx:hr>154</gpxtpx:hr>
      <gpxtpx:cad>83</gpxtpx:cad>
     </gpxtpx:TrackPointExtension>
    </extensions>
   </trkpt>
   <trkpt lat="29.1438270" lon="119.5253700">
    <ele>30.0</ele>
    <time>2022-02-24T12:56:19Z</time>
    <extensions>
     <gpxtpx:TrackPointExtension>
      <gpxtpx:hr>154</gpxtpx:hr>
      <gpxtpx:cad>83</gpxtpx:cad>
     </gpxtpx:TrackPointExtension>
    </extensions>
   </trkpt>
   <trkpt lat="29.1438330" lon="119.5253450">
    <ele>30.0</ele>
    <time>2022-02-24T12:56:20Z</time>
    <extensions>
     <gpxtpx:TrackPointExtension>
      <gpxtpx:hr>154</gpxtpx:hr>
      <gpxtpx:cad>83</gpxtpx:cad>
     </gpxtpx:TrackPointExtension>
    </extensions>
   </trkpt>
   <trkpt lat="29.1438330" lon="119.5253450">
    <ele>30.0</ele>
    <time>2022-02-24T12:56:20Z</time>
    <extensions>
     <gpxtpx:TrackPointExtension>
      <gpxtpx:hr>154</gpxtpx:hr>
      <gpxtpx:cad>84</gpxtpx:cad>
     </gpxtpx:TrackPointExtension>
    </extensions>
   </trkpt>
   <trkpt lat="29.1438400" lon="119.5253200">
    <ele>30.0</ele>
    <time>2022-02-24T12:56:21Z</time>
    <extensions>
     <gpxtpx:TrackPointExtension>
      <gpxtpx:hr>154</gpxtpx:hr>
      <gpxtpx:cad>84</gpxtpx:cad>
     </gpxtpx:TrackPointExtension>
    </extensions>
   </trkpt>
   <trkpt lat="29.1438520" lon="119.5252900">
    <ele>30.0</ele>
    <time>2022-02-24T12:56:22Z</time>
    <extensions>
     <gpxtpx:TrackPointExtension>
      <gpxtpx:hr>154</gpxtpx:hr>
      <gpxtpx:cad>84</gpxtpx:cad>
     </gpxtpx:TrackPointExtension>
    </extensions>
   </trkpt>
   <trkpt lat="29.1438580" lon="119.5252700">
    <ele>30.0</ele>
    <time>2022-02-24T12:56:23Z</time>
    <extensions>
     <gpxtpx:TrackPointExtension>
      <gpxtpx:hr>154</gpxtpx:hr>
      <gpxtpx:cad>84</gpxtpx:cad>
     </gpxtpx:TrackPointExtension>
    </extensions>
   </trkpt>
   <trkpt lat="29.1438640" lon="119.5252460">
    <ele>30.0</ele>
    <time>2022-02-24T12:56:24Z</time>
    <extensions>
     <gpxtpx:TrackPointExtension>
      <gpxtpx:hr>154</gpxtpx:hr>
      <gpxtpx:cad>84</gpxtpx:cad>
     </gpxtpx:TrackPointExtension>
    </extensions>
   </trkpt>
   <trkpt lat="29.1438660" lon="119.5252150">
    <ele>30.0</ele>
    <time>2022-02-24T12:56:25Z</time>
    <extensions>
     <gpxtpx:TrackPointExtension>
      <gpxtpx:hr>154</gpxtpx:hr>
      <gpxtpx:cad>84</gpxtpx:cad>
     </gpxtpx:TrackPointExtension>
    </extensions>
   </trkpt>
   <trkpt lat="29.1438700" lon="119.5251900">
    <ele>30.0</ele>
    <time>2022-02-24T12:56:26Z</time>
    <extensions>
     <gpxtpx:TrackPointExtension>
      <gpxtpx:hr>154</gpxtpx:hr>
      <gpxtpx:cad>84</gpxtpx:cad>
     </gpxtpx:TrackPointExtension>
    </extensions>
   </trkpt>
   <trkpt lat="29.1438700" lon="119.5251700">
    <ele>30.0</ele>
    <time>2022-02-24T12:56:27Z</time>
    <extensions>
     <gpxtpx:TrackPointExtension>
      <gpxtpx:hr>154</gpxtpx:hr>
      <gpxtpx:cad>84</gpxtpx:cad>
     </gpxtpx:TrackPointExtension>
    </extensions>
   </trkpt>
   <trkpt lat="29.1438730" lon="119.5251500">
    <ele>30.0</ele>
    <time>2022-02-24T12:56:28Z</time>
    <extensions>
     <gpxtpx:TrackPointExtension>
      <gpxtpx:hr>154</gpxtpx:hr>
      <gpxtpx:cad>84</gpxtpx:cad>
     </gpxtpx:TrackPointExtension>
    </extensions>
   </trkpt>
   <trkpt lat="29.1438750" lon="119.5251200">
    <ele>30.0</ele>
    <time>2022-02-24T12:56:29Z</time>
    <extensions>
     <gpxtpx:TrackPointExtension>
      <gpxtpx:hr>154</gpxtpx:hr>
      <gpxtpx:cad>84</gpxtpx:cad>
     </gpxtpx:TrackPointExtension>
    </extensions>
   </trkpt>
   <trkpt lat="29.1438750" lon="119.5251000">
    <ele>30.0</ele>
    <time>2022-02-24T12:56:30Z</time>
    <extensions>
     <gpxtpx:TrackPointExtension>
      <gpxtpx:hr>154</gpxtpx:hr>
      <gpxtpx:cad>84</gpxtpx:cad>
     </gpxtpx:TrackPointExtension>
    </extensions>
   </trkpt>
   <trkpt lat="29.1438750" lon="119.5251000">
    <ele>30.0</ele>
    <time>2022-02-24T12:56:30Z</time>
    <extensions>
     <gpxtpx:TrackPointExtension>
      <gpxtpx:hr>154</gpxtpx:hr>
      <gpxtpx:cad>90</gpxtpx:cad>
     </gpxtpx:TrackPointExtension>
    </extensions>
   </trkpt>
   <trkpt lat="29.1438790" lon="119.5250800">
    <ele>30.0</ele>
    <time>2022-02-24T12:56:31Z</time>
    <extensions>
     <gpxtpx:TrackPointExtension>
      <gpxtpx:hr>154</gpxtpx:hr>
      <gpxtpx:cad>90</gpxtpx:cad>
     </gpxtpx:TrackPointExtension>
    </extensions>
   </trkpt>
   <trkpt lat="29.1438790" lon="119.5250550">
    <ele>30.0</ele>
    <time>2022-02-24T12:56:32Z</time>
    <extensions>
     <gpxtpx:TrackPointExtension>
      <gpxtpx:hr>154</gpxtpx:hr>
      <gpxtpx:cad>90</gpxtpx:cad>
     </gpxtpx:TrackPointExtension>
    </extensions>
   </trkpt>
   <trkpt lat="29.1438790" lon="119.5250400">
    <ele>30.0</ele>
    <time>2022-02-24T12:56:33Z</time>
    <extensions>
     <gpxtpx:TrackPointExtension>
      <gpxtpx:hr>154</gpxtpx:hr>
      <gpxtpx:cad>90</gpxtpx:cad>
     </gpxtpx:TrackPointExtension>
    </extensions>
   </trkpt>
   <trkpt lat="29.1438850" lon="119.5250200">
    <ele>30.0</ele>
    <time>2022-02-24T12:56:34Z</time>
    <extensions>
     <gpxtpx:TrackPointExtension>
      <gpxtpx:hr>154</gpxtpx:hr>
      <gpxtpx:cad>90</gpxtpx:cad>
     </gpxtpx:TrackPointExtension>
    </extensions>
   </trkpt>
   <trkpt lat="29.1438900" lon="119.5250000">
    <ele>30.0</ele>
    <time>2022-02-24T12:56:35Z</time>
    <extensions>
     <gpxtpx:TrackPointExtension>
      <gpxtpx:hr>154</gpxtpx:hr>
      <gpxtpx:cad>90</gpxtpx:cad>
     </gpxtpx:TrackPointExtension>
    </extensions>
   </trkpt>
   <trkpt lat="29.1438960" lon="119.5249800">
    <ele>30.1</ele>
    <time>2022-02-24T12:56:36Z</time>
    <extensions>
     <gpxtpx:TrackPointExtension>
      <gpxtpx:hr>154</gpxtpx:hr>
      <gpxtpx:cad>90</gpxtpx:cad>
     </gpxtpx:TrackPointExtension>
    </extensions>
   </trkpt>
   <trkpt lat="29.1439020" lon="119.5249600">
    <ele>30.1</ele>
    <time>2022-02-24T12:56:37Z</time>
    <extensions>
     <gpxtpx:TrackPointExtension>
      <gpxtpx:hr>154</gpxtpx:hr>
      <gpxtpx:cad>90</gpxtpx:cad>
     </gpxtpx:TrackPointExtension>
    </extensions>
   </trkpt>
   <trkpt lat="29.1439130" lon="119.5249500">
    <ele>30.1</ele>
    <time>2022-02-24T12:56:38Z</time>
    <extensions>
     <gpxtpx:TrackPointExtension>
      <gpxtpx:hr>154</gpxtpx:hr>
      <gpxtpx:cad>90</gpxtpx:cad>
     </gpxtpx:TrackPointExtension>
    </extensions>
   </trkpt>
   <trkpt lat="29.1439250" lon="119.5249300">
    <ele>30.1</ele>
    <time>2022-02-24T12:56:39Z</time>
    <extensions>
     <gpxtpx:TrackPointExtension>
      <gpxtpx:hr>154</gpxtpx:hr>
      <gpxtpx:cad>90</gpxtpx:cad>
     </gpxtpx:TrackPointExtension>
    </extensions>
   </trkpt>
   <trkpt lat="29.1439320" lon="119.5249100">
    <ele>30.1</ele>
    <time>2022-02-24T12:56:40Z</time>
    <extensions>
     <gpxtpx:TrackPointExtension>
      <gpxtpx:hr>154</gpxtpx:hr>
      <gpxtpx:cad>82</gpxtpx:cad>
     </gpxtpx:TrackPointExtension>
    </extensions>
   </trkpt>
   <trkpt lat="29.1439320" lon="119.5249100">
    <ele>30.1</ele>
    <time>2022-02-24T12:56:40Z</time>
    <extensions>
     <gpxtpx:TrackPointExtension>
      <gpxtpx:hr>153</gpxtpx:hr>
      <gpxtpx:cad>82</gpxtpx:cad>
     </gpxtpx:TrackPointExtension>
    </extensions>
   </trkpt>
   <trkpt lat="29.1439400" lon="119.5248900">
    <ele>30.2</ele>
    <time>2022-02-24T12:56:41Z</time>
    <extensions>
     <gpxtpx:TrackPointExtension>
      <gpxtpx:hr>153</gpxtpx:hr>
      <gpxtpx:cad>82</gpxtpx:cad>
     </gpxtpx:TrackPointExtension>
    </extensions>
   </trkpt>
   <trkpt lat="29.1439510" lon="119.5248700">
    <ele>30.2</ele>
    <time>2022-02-24T12:56:42Z</time>
    <extensions>
     <gpxtpx:TrackPointExtension>
      <gpxtpx:hr>153</gpxtpx:hr>
      <gpxtpx:cad>82</gpxtpx:cad>
     </gpxtpx:TrackPointExtension>
    </extensions>
   </trkpt>
   <trkpt lat="29.1439740" lon="119.5248260">
    <ele>30.1</ele>
    <time>2022-02-24T12:56:43Z</time>
    <extensions>
     <gpxtpx:TrackPointExtension>
      <gpxtpx:hr>153</gpxtpx:hr>
      <gpxtpx:cad>82</gpxtpx:cad>
     </gpxtpx:TrackPointExtension>
    </extensions>
   </trkpt>
   <trkpt lat="29.1439820" lon="119.5248000">
    <ele>30.2</ele>
    <time>2022-02-24T12:56:44Z</time>
    <extensions>
     <gpxtpx:TrackPointExtension>
      <gpxtpx:hr>153</gpxtpx:hr>
      <gpxtpx:cad>82</gpxtpx:cad>
     </gpxtpx:TrackPointExtension>
    </extensions>
   </trkpt>
   <trkpt lat="29.1439880" lon="119.5247700">
    <ele>30.2</ele>
    <time>2022-02-24T12:56:45Z</time>
    <extensions>
     <gpxtpx:TrackPointExtension>
      <gpxtpx:hr>153</gpxtpx:hr>
      <gpxtpx:cad>82</gpxtpx:cad>
     </gpxtpx:TrackPointExtension>
    </extensions>
   </trkpt>
   <trkpt lat="29.1439910" lon="119.5247500">
    <ele>30.3</ele>
    <time>2022-02-24T12:56:46Z</time>
    <extensions>
     <gpxtpx:TrackPointExtension>
      <gpxtpx:hr>153</gpxtpx:hr>
      <gpxtpx:cad>82</gpxtpx:cad>
     </gpxtpx:TrackPointExtension>
    </extensions>
   </trkpt>
   <trkpt lat="29.1439950" lon="119.5247200">
    <ele>30.5</ele>
    <time>2022-02-24T12:56:47Z</time>
    <extensions>
     <gpxtpx:TrackPointExtension>
      <gpxtpx:hr>153</gpxtpx:hr>
      <gpxtpx:cad>82</gpxtpx:cad>
     </gpxtpx:TrackPointExtension>
    </extensions>
   </trkpt>
   <trkpt lat="29.1440000" lon="119.5247000">
    <ele>30.5</ele>
    <time>2022-02-24T12:56:48Z</time>
    <extensions>
     <gpxtpx:TrackPointExtension>
      <gpxtpx:hr>153</gpxtpx:hr>
      <gpxtpx:cad>82</gpxtpx:cad>
     </gpxtpx:TrackPointExtension>
    </extensions>
   </trkpt>
   <trkpt lat="29.1440030" lon="119.5246660">
    <ele>30.7</ele>
    <time>2022-02-24T12:56:49Z</time>
    <extensions>
     <gpxtpx:TrackPointExtension>
      <gpxtpx:hr>153</gpxtpx:hr>
      <gpxtpx:cad>82</gpxtpx:cad>
     </gpxtpx:TrackPointExtension>
    </extensions>
   </trkpt>
   <trkpt lat="29.1440100" lon="119.5246500">
    <ele>30.7</ele>
    <time>2022-02-24T12:56:50Z</time>
    <extensions>
     <gpxtpx:TrackPointExtension>
      <gpxtpx:hr>153</gpxtpx:hr>
      <gpxtpx:cad>87</gpxtpx:cad>
     </gpxtpx:TrackPointExtension>
    </extensions>
   </trkpt>
   <trkpt lat="29.1440100" lon="119.5246500">
    <ele>30.7</ele>
    <time>2022-02-24T12:56:50Z</time>
    <extensions>
     <gpxtpx:TrackPointExtension>
      <gpxtpx:hr>154</gpxtpx:hr>
      <gpxtpx:cad>87</gpxtpx:cad>
     </gpxtpx:TrackPointExtension>
    </extensions>
   </trkpt>
   <trkpt lat="29.1440180" lon="119.5246300">
    <ele>30.8</ele>
    <time>2022-02-24T12:56:51Z</time>
    <extensions>
     <gpxtpx:TrackPointExtension>
      <gpxtpx:hr>154</gpxtpx:hr>
      <gpxtpx:cad>87</gpxtpx:cad>
     </gpxtpx:TrackPointExtension>
    </extensions>
   </trkpt>
   <trkpt lat="29.1440260" lon="119.5246050">
    <ele>30.8</ele>
    <time>2022-02-24T12:56:52Z</time>
    <extensions>
     <gpxtpx:TrackPointExtension>
      <gpxtpx:hr>154</gpxtpx:hr>
      <gpxtpx:cad>87</gpxtpx:cad>
     </gpxtpx:TrackPointExtension>
    </extensions>
   </trkpt>
   <trkpt lat="29.1440350" lon="119.5245800">
    <ele>30.6</ele>
    <time>2022-02-24T12:56:53Z</time>
    <extensions>
     <gpxtpx:TrackPointExtension>
      <gpxtpx:hr>154</gpxtpx:hr>
      <gpxtpx:cad>87</gpxtpx:cad>
     </gpxtpx:TrackPointExtension>
    </extensions>
   </trkpt>
   <trkpt lat="29.1440400" lon="119.5245600">
    <ele>30.6</ele>
    <time>2022-02-24T12:56:54Z</time>
    <extensions>
     <gpxtpx:TrackPointExtension>
      <gpxtpx:hr>154</gpxtpx:hr>
      <gpxtpx:cad>87</gpxtpx:cad>
     </gpxtpx:TrackPointExtension>
    </extensions>
   </trkpt>
   <trkpt lat="29.1440450" lon="119.5245300">
    <ele>30.6</ele>
    <time>2022-02-24T12:56:55Z</time>
    <extensions>
     <gpxtpx:TrackPointExtension>
      <gpxtpx:hr>154</gpxtpx:hr>
      <gpxtpx:cad>87</gpxtpx:cad>
     </gpxtpx:TrackPointExtension>
    </extensions>
   </trkpt>
   <trkpt lat="29.1440470" lon="119.5245060">
    <ele>30.6</ele>
    <time>2022-02-24T12:56:56Z</time>
    <extensions>
     <gpxtpx:TrackPointExtension>
      <gpxtpx:hr>154</gpxtpx:hr>
      <gpxtpx:cad>87</gpxtpx:cad>
     </gpxtpx:TrackPointExtension>
    </extensions>
   </trkpt>
   <trkpt lat="29.1440490" lon="119.5244750">
    <ele>30.6</ele>
    <time>2022-02-24T12:56:57Z</time>
    <extensions>
     <gpxtpx:TrackPointExtension>
      <gpxtpx:hr>154</gpxtpx:hr>
      <gpxtpx:cad>87</gpxtpx:cad>
     </gpxtpx:TrackPointExtension>
    </extensions>
   </trkpt>
   <trkpt lat="29.1440530" lon="119.5244600">
    <ele>30.7</ele>
    <time>2022-02-24T12:56:58Z</time>
    <extensions>
     <gpxtpx:TrackPointExtension>
      <gpxtpx:hr>154</gpxtpx:hr>
      <gpxtpx:cad>87</gpxtpx:cad>
     </gpxtpx:TrackPointExtension>
    </extensions>
   </trkpt>
   <trkpt lat="29.1440600" lon="119.5244400">
    <ele>30.7</ele>
    <time>2022-02-24T12:56:59Z</time>
    <extensions>
     <gpxtpx:TrackPointExtension>
      <gpxtpx:hr>154</gpxtpx:hr>
      <gpxtpx:cad>87</gpxtpx:cad>
     </gpxtpx:TrackPointExtension>
    </extensions>
   </trkpt>
   <trkpt lat="29.1440620" lon="119.5244100">
    <ele>30.9</ele>
    <time>2022-02-24T12:57:00Z</time>
    <extensions>
     <gpxtpx:TrackPointExtension>
      <gpxtpx:hr>154</gpxtpx:hr>
      <gpxtpx:cad>84</gpxtpx:cad>
     </gpxtpx:TrackPointExtension>
    </extensions>
   </trkpt>
   <trkpt lat="29.1440620" lon="119.5244100">
    <ele>30.9</ele>
    <time>2022-02-24T12:57:00Z</time>
    <extensions>
     <gpxtpx:TrackPointExtension>
      <gpxtpx:hr>153</gpxtpx:hr>
      <gpxtpx:cad>84</gpxtpx:cad>
     </gpxtpx:TrackPointExtension>
    </extensions>
   </trkpt>
   <trkpt lat="29.1440640" lon="119.5243800">
    <ele>31.2</ele>
    <time>2022-02-24T12:57:01Z</time>
    <extensions>
     <gpxtpx:TrackPointExtension>
      <gpxtpx:hr>153</gpxtpx:hr>
      <gpxtpx:cad>84</gpxtpx:cad>
     </gpxtpx:TrackPointExtension>
    </extensions>
   </trkpt>
   <trkpt lat="29.1440680" lon="119.5243600">
    <ele>30.9</ele>
    <time>2022-02-24T12:57:02Z</time>
    <extensions>
     <gpxtpx:TrackPointExtension>
      <gpxtpx:hr>153</gpxtpx:hr>
      <gpxtpx:cad>84</gpxtpx:cad>
     </gpxtpx:TrackPointExtension>
    </extensions>
   </trkpt>
   <trkpt lat="29.1440680" lon="119.5243300">
    <ele>31.2</ele>
    <time>2022-02-24T12:57:03Z</time>
    <extensions>
     <gpxtpx:TrackPointExtension>
      <gpxtpx:hr>153</gpxtpx:hr>
      <gpxtpx:cad>84</gpxtpx:cad>
     </gpxtpx:TrackPointExtension>
    </extensions>
   </trkpt>
   <trkpt lat="29.1440680" lon="119.5243150">
    <ele>31.2</ele>
    <time>2022-02-24T12:57:04Z</time>
    <extensions>
     <gpxtpx:TrackPointExtension>
      <gpxtpx:hr>153</gpxtpx:hr>
      <gpxtpx:cad>84</gpxtpx:cad>
     </gpxtpx:TrackPointExtension>
    </extensions>
   </trkpt>
   <trkpt lat="29.1440730" lon="119.5242900">
    <ele>31.3</ele>
    <time>2022-02-24T12:57:05Z</time>
    <extensions>
     <gpxtpx:TrackPointExtension>
      <gpxtpx:hr>153</gpxtpx:hr>
      <gpxtpx:cad>84</gpxtpx:cad>
     </gpxtpx:TrackPointExtension>
    </extensions>
   </trkpt>
   <trkpt lat="29.1440830" lon="119.5242700">
    <ele>31.3</ele>
    <time>2022-02-24T12:57:06Z</time>
    <extensions>
     <gpxtpx:TrackPointExtension>
      <gpxtpx:hr>153</gpxtpx:hr>
      <gpxtpx:cad>84</gpxtpx:cad>
     </gpxtpx:TrackPointExtension>
    </extensions>
   </trkpt>
   <trkpt lat="29.1440900" lon="119.5242500">
    <ele>31.3</ele>
    <time>2022-02-24T12:57:07Z</time>
    <extensions>
     <gpxtpx:TrackPointExtension>
      <gpxtpx:hr>153</gpxtpx:hr>
      <gpxtpx:cad>84</gpxtpx:cad>
     </gpxtpx:TrackPointExtension>
    </extensions>
   </trkpt>
   <trkpt lat="29.1441000" lon="119.5242200">
    <ele>31.3</ele>
    <time>2022-02-24T12:57:08Z</time>
    <extensions>
     <gpxtpx:TrackPointExtension>
      <gpxtpx:hr>153</gpxtpx:hr>
      <gpxtpx:cad>84</gpxtpx:cad>
     </gpxtpx:TrackPointExtension>
    </extensions>
   </trkpt>
   <trkpt lat="29.1441060" lon="119.5242000">
    <ele>31.1</ele>
    <time>2022-02-24T12:57:09Z</time>
    <extensions>
     <gpxtpx:TrackPointExtension>
      <gpxtpx:hr>153</gpxtpx:hr>
      <gpxtpx:cad>84</gpxtpx:cad>
     </gpxtpx:TrackPointExtension>
    </extensions>
   </trkpt>
   <trkpt lat="29.1441080" lon="119.5241800">
    <ele>31.1</ele>
    <time>2022-02-24T12:57:10Z</time>
    <extensions>
     <gpxtpx:TrackPointExtension>
      <gpxtpx:hr>153</gpxtpx:hr>
      <gpxtpx:cad>88</gpxtpx:cad>
     </gpxtpx:TrackPointExtension>
    </extensions>
   </trkpt>
   <trkpt lat="29.1441080" lon="119.5241800">
    <ele>31.1</ele>
    <time>2022-02-24T12:57:10Z</time>
    <extensions>
     <gpxtpx:TrackPointExtension>
      <gpxtpx:hr>153</gpxtpx:hr>
      <gpxtpx:cad>88</gpxtpx:cad>
     </gpxtpx:TrackPointExtension>
    </extensions>
   </trkpt>
   <trkpt lat="29.1441100" lon="119.5241550">
    <ele>31.1</ele>
    <time>2022-02-24T12:57:11Z</time>
    <extensions>
     <gpxtpx:TrackPointExtension>
      <gpxtpx:hr>153</gpxtpx:hr>
      <gpxtpx:cad>88</gpxtpx:cad>
     </gpxtpx:TrackPointExtension>
    </extensions>
   </trkpt>
   <trkpt lat="29.1441100" lon="119.5241240">
    <ele>31.0</ele>
    <time>2022-02-24T12:57:12Z</time>
    <extensions>
     <gpxtpx:TrackPointExtension>
      <gpxtpx:hr>153</gpxtpx:hr>
      <gpxtpx:cad>88</gpxtpx:cad>
     </gpxtpx:TrackPointExtension>
    </extensions>
   </trkpt>
   <trkpt lat="29.1441140" lon="119.5241000">
    <ele>31.0</ele>
    <time>2022-02-24T12:57:13Z</time>
    <extensions>
     <gpxtpx:TrackPointExtension>
      <gpxtpx:hr>153</gpxtpx:hr>
      <gpxtpx:cad>88</gpxtpx:cad>
     </gpxtpx:TrackPointExtension>
    </extensions>
   </trkpt>
   <trkpt lat="29.1441120" lon="119.5240700">
    <ele>30.7</ele>
    <time>2022-02-24T12:57:14Z</time>
    <extensions>
     <gpxtpx:TrackPointExtension>
      <gpxtpx:hr>153</gpxtpx:hr>
      <gpxtpx:cad>88</gpxtpx:cad>
     </gpxtpx:TrackPointExtension>
    </extensions>
   </trkpt>
   <trkpt lat="29.1441100" lon="119.5240500">
    <ele>30.7</ele>
    <time>2022-02-24T12:57:15Z</time>
    <extensions>
     <gpxtpx:TrackPointExtension>
      <gpxtpx:hr>153</gpxtpx:hr>
      <gpxtpx:cad>88</gpxtpx:cad>
     </gpxtpx:TrackPointExtension>
    </extensions>
   </trkpt>
   <trkpt lat="29.1441140" lon="119.5240250">
    <ele>30.5</ele>
    <time>2022-02-24T12:57:16Z</time>
    <extensions>
     <gpxtpx:TrackPointExtension>
      <gpxtpx:hr>153</gpxtpx:hr>
      <gpxtpx:cad>86</gpxtpx:cad>
     </gpxtpx:TrackPointExtension>
    </extensions>
   </trkpt>
   <trkpt lat="29.1441140" lon="119.5239940">
    <ele>30.2</ele>
    <time>2022-02-24T12:57:17Z</time>
    <extensions>
     <gpxtpx:TrackPointExtension>
      <gpxtpx:hr>153</gpxtpx:hr>
      <gpxtpx:cad>86</gpxtpx:cad>
     </gpxtpx:TrackPointExtension>
    </extensions>
   </trkpt>
   <trkpt lat="29.1441150" lon="119.5239700">
    <ele>30.2</ele>
    <time>2022-02-24T12:57:18Z</time>
    <extensions>
     <gpxtpx:TrackPointExtension>
      <gpxtpx:hr>153</gpxtpx:hr>
      <gpxtpx:cad>86</gpxtpx:cad>
     </gpxtpx:TrackPointExtension>
    </extensions>
   </trkpt>
   <trkpt lat="29.1441200" lon="119.5239500">
    <ele>30.1</ele>
    <time>2022-02-24T12:57:19Z</time>
    <extensions>
     <gpxtpx:TrackPointExtension>
      <gpxtpx:hr>153</gpxtpx:hr>
      <gpxtpx:cad>86</gpxtpx:cad>
     </gpxtpx:TrackPointExtension>
    </extensions>
   </trkpt>
   <trkpt lat="29.1441230" lon="119.5239260">
    <ele>30.1</ele>
    <time>2022-02-24T12:57:20Z</time>
    <extensions>
     <gpxtpx:TrackPointExtension>
      <gpxtpx:hr>153</gpxtpx:hr>
      <gpxtpx:cad>86</gpxtpx:cad>
     </gpxtpx:TrackPointExtension>
    </extensions>
   </trkpt>
   <trkpt lat="29.1441230" lon="119.5239260">
    <ele>30.1</ele>
    <time>2022-02-24T12:57:20Z</time>
    <extensions>
     <gpxtpx:TrackPointExtension>
      <gpxtpx:hr>153</gpxtpx:hr>
      <gpxtpx:cad>79</gpxtpx:cad>
     </gpxtpx:TrackPointExtension>
    </extensions>
   </trkpt>
   <trkpt lat="29.1441250" lon="119.5239000">
    <ele>30.1</ele>
    <time>2022-02-24T12:57:21Z</time>
    <extensions>
     <gpxtpx:TrackPointExtension>
      <gpxtpx:hr>153</gpxtpx:hr>
      <gpxtpx:cad>79</gpxtpx:cad>
     </gpxtpx:TrackPointExtension>
    </extensions>
   </trkpt>
   <trkpt lat="29.1441330" lon="119.5238800">
    <ele>30.1</ele>
    <time>2022-02-24T12:57:22Z</time>
    <extensions>
     <gpxtpx:TrackPointExtension>
      <gpxtpx:hr>153</gpxtpx:hr>
      <gpxtpx:cad>79</gpxtpx:cad>
     </gpxtpx:TrackPointExtension>
    </extensions>
   </trkpt>
   <trkpt lat="29.1441360" lon="119.5238600">
    <ele>30.1</ele>
    <time>2022-02-24T12:57:23Z</time>
    <extensions>
     <gpxtpx:TrackPointExtension>
      <gpxtpx:hr>153</gpxtpx:hr>
      <gpxtpx:cad>79</gpxtpx:cad>
     </gpxtpx:TrackPointExtension>
    </extensions>
   </trkpt>
   <trkpt lat="29.1441400" lon="119.5238300">
    <ele>30.1</ele>
    <time>2022-02-24T12:57:24Z</time>
    <extensions>
     <gpxtpx:TrackPointExtension>
      <gpxtpx:hr>153</gpxtpx:hr>
      <gpxtpx:cad>79</gpxtpx:cad>
     </gpxtpx:TrackPointExtension>
    </extensions>
   </trkpt>
   <trkpt lat="29.1441460" lon="119.5238000">
    <ele>30.0</ele>
    <time>2022-02-24T12:57:25Z</time>
    <extensions>
     <gpxtpx:TrackPointExtension>
      <gpxtpx:hr>153</gpxtpx:hr>
      <gpxtpx:cad>79</gpxtpx:cad>
     </gpxtpx:TrackPointExtension>
    </extensions>
   </trkpt>
   <trkpt lat="29.1441520" lon="119.5237800">
    <ele>30.1</ele>
    <time>2022-02-24T12:57:26Z</time>
    <extensions>
     <gpxtpx:TrackPointExtension>
      <gpxtpx:hr>153</gpxtpx:hr>
      <gpxtpx:cad>79</gpxtpx:cad>
     </gpxtpx:TrackPointExtension>
    </extensions>
   </trkpt>
   <trkpt lat="29.1441560" lon="119.5237600">
    <ele>30.1</ele>
    <time>2022-02-24T12:57:27Z</time>
    <extensions>
     <gpxtpx:TrackPointExtension>
      <gpxtpx:hr>153</gpxtpx:hr>
      <gpxtpx:cad>79</gpxtpx:cad>
     </gpxtpx:TrackPointExtension>
    </extensions>
   </trkpt>
   <trkpt lat="29.1441600" lon="119.5237300">
    <ele>30.3</ele>
    <time>2022-02-24T12:57:28Z</time>
    <extensions>
     <gpxtpx:TrackPointExtension>
      <gpxtpx:hr>153</gpxtpx:hr>
      <gpxtpx:cad>79</gpxtpx:cad>
     </gpxtpx:TrackPointExtension>
    </extensions>
   </trkpt>
   <trkpt lat="29.1441690" lon="119.5237100">
    <ele>30.3</ele>
    <time>2022-02-24T12:57:29Z</time>
    <extensions>
     <gpxtpx:TrackPointExtension>
      <gpxtpx:hr>153</gpxtpx:hr>
      <gpxtpx:cad>79</gpxtpx:cad>
     </gpxtpx:TrackPointExtension>
    </extensions>
   </trkpt>
   <trkpt lat="29.1441750" lon="119.5237000">
    <ele>30.3</ele>
    <time>2022-02-24T12:57:30Z</time>
    <extensions>
     <gpxtpx:TrackPointExtension>
      <gpxtpx:hr>153</gpxtpx:hr>
      <gpxtpx:cad>79</gpxtpx:cad>
     </gpxtpx:TrackPointExtension>
    </extensions>
   </trkpt>
   <trkpt lat="29.1441750" lon="119.5237000">
    <ele>30.3</ele>
    <time>2022-02-24T12:57:30Z</time>
    <extensions>
     <gpxtpx:TrackPointExtension>
      <gpxtpx:hr>153</gpxtpx:hr>
      <gpxtpx:cad>85</gpxtpx:cad>
     </gpxtpx:TrackPointExtension>
    </extensions>
   </trkpt>
   <trkpt lat="29.1441820" lon="119.5236740">
    <ele>30.6</ele>
    <time>2022-02-24T12:57:31Z</time>
    <extensions>
     <gpxtpx:TrackPointExtension>
      <gpxtpx:hr>153</gpxtpx:hr>
      <gpxtpx:cad>85</gpxtpx:cad>
     </gpxtpx:TrackPointExtension>
    </extensions>
   </trkpt>
   <trkpt lat="29.1441880" lon="119.5236400">
    <ele>30.8</ele>
    <time>2022-02-24T12:57:32Z</time>
    <extensions>
     <gpxtpx:TrackPointExtension>
      <gpxtpx:hr>153</gpxtpx:hr>
      <gpxtpx:cad>85</gpxtpx:cad>
     </gpxtpx:TrackPointExtension>
    </extensions>
   </trkpt>
   <trkpt lat="29.1441940" lon="119.5236200">
    <ele>30.8</ele>
    <time>2022-02-24T12:57:33Z</time>
    <extensions>
     <gpxtpx:TrackPointExtension>
      <gpxtpx:hr>153</gpxtpx:hr>
      <gpxtpx:cad>85</gpxtpx:cad>
     </gpxtpx:TrackPointExtension>
    </extensions>
   </trkpt>
   <trkpt lat="29.1442010" lon="119.5236000">
    <ele>31.1</ele>
    <time>2022-02-24T12:57:34Z</time>
    <extensions>
     <gpxtpx:TrackPointExtension>
      <gpxtpx:hr>153</gpxtpx:hr>
      <gpxtpx:cad>85</gpxtpx:cad>
     </gpxtpx:TrackPointExtension>
    </extensions>
   </trkpt>
   <trkpt lat="29.1442050" lon="119.5235750">
    <ele>31.1</ele>
    <time>2022-02-24T12:57:35Z</time>
    <extensions>
     <gpxtpx:TrackPointExtension>
      <gpxtpx:hr>153</gpxtpx:hr>
      <gpxtpx:cad>85</gpxtpx:cad>
     </gpxtpx:TrackPointExtension>
    </extensions>
   </trkpt>
   <trkpt lat="29.1442090" lon="119.5235500">
    <ele>31.3</ele>
    <time>2022-02-24T12:57:36Z</time>
    <extensions>
     <gpxtpx:TrackPointExtension>
      <gpxtpx:hr>153</gpxtpx:hr>
      <gpxtpx:cad>85</gpxtpx:cad>
     </gpxtpx:TrackPointExtension>
    </extensions>
   </trkpt>
   <trkpt lat="29.1442100" lon="119.5235400">
    <ele>31.3</ele>
    <time>2022-02-24T12:57:37Z</time>
    <extensions>
     <gpxtpx:TrackPointExtension>
      <gpxtpx:hr>153</gpxtpx:hr>
      <gpxtpx:cad>85</gpxtpx:cad>
     </gpxtpx:TrackPointExtension>
    </extensions>
   </trkpt>
   <trkpt lat="29.1442130" lon="119.5235100">
    <ele>31.6</ele>
    <time>2022-02-24T12:57:38Z</time>
    <extensions>
     <gpxtpx:TrackPointExtension>
      <gpxtpx:hr>153</gpxtpx:hr>
      <gpxtpx:cad>85</gpxtpx:cad>
     </gpxtpx:TrackPointExtension>
    </extensions>
   </trkpt>
   <trkpt lat="29.1442180" lon="119.5234830">
    <ele>31.6</ele>
    <time>2022-02-24T12:57:39Z</time>
    <extensions>
     <gpxtpx:TrackPointExtension>
      <gpxtpx:hr>153</gpxtpx:hr>
      <gpxtpx:cad>85</gpxtpx:cad>
     </gpxtpx:TrackPointExtension>
    </extensions>
   </trkpt>
   <trkpt lat="29.1442190" lon="119.5234770">
    <ele>31.8</ele>
    <time>2022-02-24T12:57:40Z</time>
    <extensions>
     <gpxtpx:TrackPointExtension>
      <gpxtpx:hr>153</gpxtpx:hr>
      <gpxtpx:cad>79</gpxtpx:cad>
     </gpxtpx:TrackPointExtension>
    </extensions>
   </trkpt>
   <trkpt lat="29.1442200" lon="119.5234700">
    <ele>31.8</ele>
    <time>2022-02-24T12:57:40Z</time>
    <extensions>
     <gpxtpx:TrackPointExtension>
      <gpxtpx:hr>153</gpxtpx:hr>
      <gpxtpx:cad>79</gpxtpx:cad>
     </gpxtpx:TrackPointExtension>
    </extensions>
   </trkpt>
   <trkpt lat="29.1442220" lon="119.5234450">
    <ele>31.8</ele>
    <time>2022-02-24T12:57:41Z</time>
    <extensions>
     <gpxtpx:TrackPointExtension>
      <gpxtpx:hr>153</gpxtpx:hr>
      <gpxtpx:cad>79</gpxtpx:cad>
     </gpxtpx:TrackPointExtension>
    </extensions>
   </trkpt>
   <trkpt lat="29.1442260" lon="119.5234200">
    <ele>32.1</ele>
    <time>2022-02-24T12:57:42Z</time>
    <extensions>
     <gpxtpx:TrackPointExtension>
      <gpxtpx:hr>153</gpxtpx:hr>
      <gpxtpx:cad>79</gpxtpx:cad>
     </gpxtpx:TrackPointExtension>
    </extensions>
   </trkpt>
   <trkpt lat="29.1442320" lon="119.5233900">
    <ele>32.3</ele>
    <time>2022-02-24T12:57:43Z</time>
    <extensions>
     <gpxtpx:TrackPointExtension>
      <gpxtpx:hr>153</gpxtpx:hr>
      <gpxtpx:cad>79</gpxtpx:cad>
     </gpxtpx:TrackPointExtension>
    </extensions>
   </trkpt>
   <trkpt lat="29.1442360" lon="119.5233700">
    <ele>32.3</ele>
    <time>2022-02-24T12:57:44Z</time>
    <extensions>
     <gpxtpx:TrackPointExtension>
      <gpxtpx:hr>153</gpxtpx:hr>
      <gpxtpx:cad>79</gpxtpx:cad>
     </gpxtpx:TrackPointExtension>
    </extensions>
   </trkpt>
   <trkpt lat="29.1442400" lon="119.5233460">
    <ele>32.6</ele>
    <time>2022-02-24T12:57:45Z</time>
    <extensions>
     <gpxtpx:TrackPointExtension>
      <gpxtpx:hr>153</gpxtpx:hr>
      <gpxtpx:cad>79</gpxtpx:cad>
     </gpxtpx:TrackPointExtension>
    </extensions>
   </trkpt>
   <trkpt lat="29.1442450" lon="119.5233200">
    <ele>32.6</ele>
    <time>2022-02-24T12:57:46Z</time>
    <extensions>
     <gpxtpx:TrackPointExtension>
      <gpxtpx:hr>153</gpxtpx:hr>
      <gpxtpx:cad>79</gpxtpx:cad>
     </gpxtpx:TrackPointExtension>
    </extensions>
   </trkpt>
   <trkpt lat="29.1442500" lon="119.5233000">
    <ele>32.8</ele>
    <time>2022-02-24T12:57:47Z</time>
    <extensions>
     <gpxtpx:TrackPointExtension>
      <gpxtpx:hr>153</gpxtpx:hr>
      <gpxtpx:cad>79</gpxtpx:cad>
     </gpxtpx:TrackPointExtension>
    </extensions>
   </trkpt>
   <trkpt lat="29.1442550" lon="119.5232850">
    <ele>32.8</ele>
    <time>2022-02-24T12:57:48Z</time>
    <extensions>
     <gpxtpx:TrackPointExtension>
      <gpxtpx:hr>153</gpxtpx:hr>
      <gpxtpx:cad>79</gpxtpx:cad>
     </gpxtpx:TrackPointExtension>
    </extensions>
   </trkpt>
   <trkpt lat="29.1442550" lon="119.5232540">
    <ele>33.0</ele>
    <time>2022-02-24T12:57:49Z</time>
    <extensions>
     <gpxtpx:TrackPointExtension>
      <gpxtpx:hr>153</gpxtpx:hr>
      <gpxtpx:cad>79</gpxtpx:cad>
     </gpxtpx:TrackPointExtension>
    </extensions>
   </trkpt>
   <trkpt lat="29.1442600" lon="119.5232300">
    <ele>33.0</ele>
    <time>2022-02-24T12:57:50Z</time>
    <extensions>
     <gpxtpx:TrackPointExtension>
      <gpxtpx:hr>153</gpxtpx:hr>
      <gpxtpx:cad>88</gpxtpx:cad>
     </gpxtpx:TrackPointExtension>
    </extensions>
   </trkpt>
   <trkpt lat="29.1442600" lon="119.5232300">
    <ele>33.0</ele>
    <time>2022-02-24T12:57:50Z</time>
    <extensions>
     <gpxtpx:TrackPointExtension>
      <gpxtpx:hr>153</gpxtpx:hr>
      <gpxtpx:cad>88</gpxtpx:cad>
     </gpxtpx:TrackPointExtension>
    </extensions>
   </trkpt>
   <trkpt lat="29.1442620" lon="119.5232100">
    <ele>33.0</ele>
    <time>2022-02-24T12:57:51Z</time>
    <extensions>
     <gpxtpx:TrackPointExtension>
      <gpxtpx:hr>153</gpxtpx:hr>
      <gpxtpx:cad>88</gpxtpx:cad>
     </gpxtpx:TrackPointExtension>
    </extensions>
   </trkpt>
   <trkpt lat="29.1442660" lon="119.5231860">
    <ele>33.0</ele>
    <time>2022-02-24T12:57:52Z</time>
    <extensions>
     <gpxtpx:TrackPointExtension>
      <gpxtpx:hr>153</gpxtpx:hr>
      <gpxtpx:cad>88</gpxtpx:cad>
     </gpxtpx:TrackPointExtension>
    </extensions>
   </trkpt>
   <trkpt lat="29.1442720" lon="119.5231600">
    <ele>33.0</ele>
    <time>2022-02-24T12:57:53Z</time>
    <extensions>
     <gpxtpx:TrackPointExtension>
      <gpxtpx:hr>153</gpxtpx:hr>
      <gpxtpx:cad>88</gpxtpx:cad>
     </gpxtpx:TrackPointExtension>
    </extensions>
   </trkpt>
   <trkpt lat="29.1442740" lon="119.5231400">
    <ele>33.0</ele>
    <time>2022-02-24T12:57:54Z</time>
    <extensions>
     <gpxtpx:TrackPointExtension>
      <gpxtpx:hr>153</gpxtpx:hr>
      <gpxtpx:cad>88</gpxtpx:cad>
     </gpxtpx:TrackPointExtension>
    </extensions>
   </trkpt>
   <trkpt lat="29.1442780" lon="119.5231100">
    <ele>33.0</ele>
    <time>2022-02-24T12:57:55Z</time>
    <extensions>
     <gpxtpx:TrackPointExtension>
      <gpxtpx:hr>153</gpxtpx:hr>
      <gpxtpx:cad>88</gpxtpx:cad>
     </gpxtpx:TrackPointExtension>
    </extensions>
   </trkpt>
   <trkpt lat="29.1442810" lon="119.5230900">
    <ele>32.9</ele>
    <time>2022-02-24T12:57:56Z</time>
    <extensions>
     <gpxtpx:TrackPointExtension>
      <gpxtpx:hr>153</gpxtpx:hr>
      <gpxtpx:cad>88</gpxtpx:cad>
     </gpxtpx:TrackPointExtension>
    </extensions>
   </trkpt>
   <trkpt lat="29.1442850" lon="119.5230560">
    <ele>32.9</ele>
    <time>2022-02-24T12:57:57Z</time>
    <extensions>
     <gpxtpx:TrackPointExtension>
      <gpxtpx:hr>153</gpxtpx:hr>
      <gpxtpx:cad>88</gpxtpx:cad>
     </gpxtpx:TrackPointExtension>
    </extensions>
   </trkpt>
   <trkpt lat="29.1442890" lon="119.5230300">
    <ele>32.7</ele>
    <time>2022-02-24T12:57:58Z</time>
    <extensions>
     <gpxtpx:TrackPointExtension>
      <gpxtpx:hr>153</gpxtpx:hr>
      <gpxtpx:cad>88</gpxtpx:cad>
     </gpxtpx:TrackPointExtension>
    </extensions>
   </trkpt>
   <trkpt lat="29.1442940" lon="119.5230030">
    <ele>32.1</ele>
    <time>2022-02-24T12:57:59Z</time>
    <extensions>
     <gpxtpx:TrackPointExtension>
      <gpxtpx:hr>153</gpxtpx:hr>
      <gpxtpx:cad>78</gpxtpx:cad>
     </gpxtpx:TrackPointExtension>
    </extensions>
   </trkpt>
   <trkpt lat="29.1442960" lon="119.5229970">
    <ele>32.1</ele>
    <time>2022-02-24T12:58:00Z</time>
    <extensions>
     <gpxtpx:TrackPointExtension>
      <gpxtpx:hr>153</gpxtpx:hr>
      <gpxtpx:cad>79</gpxtpx:cad>
     </gpxtpx:TrackPointExtension>
    </extensions>
   </trkpt>
   <trkpt lat="29.1442970" lon="119.5229900">
    <ele>32.1</ele>
    <time>2022-02-24T12:58:00Z</time>
    <extensions>
     <gpxtpx:TrackPointExtension>
      <gpxtpx:hr>152</gpxtpx:hr>
      <gpxtpx:cad>79</gpxtpx:cad>
     </gpxtpx:TrackPointExtension>
    </extensions>
   </trkpt>
   <trkpt lat="29.1442990" lon="119.5229600">
    <ele>31.8</ele>
    <time>2022-02-24T12:58:01Z</time>
    <extensions>
     <gpxtpx:TrackPointExtension>
      <gpxtpx:hr>152</gpxtpx:hr>
      <gpxtpx:cad>79</gpxtpx:cad>
     </gpxtpx:TrackPointExtension>
    </extensions>
   </trkpt>
   <trkpt lat="29.1443020" lon="119.5229400">
    <ele>31.8</ele>
    <time>2022-02-24T12:58:02Z</time>
    <extensions>
     <gpxtpx:TrackPointExtension>
      <gpxtpx:hr>152</gpxtpx:hr>
      <gpxtpx:cad>79</gpxtpx:cad>
     </gpxtpx:TrackPointExtension>
    </extensions>
   </trkpt>
   <trkpt lat="29.1443100" lon="119.5229200">
    <ele>31.6</ele>
    <time>2022-02-24T12:58:03Z</time>
    <extensions>
     <gpxtpx:TrackPointExtension>
      <gpxtpx:hr>152</gpxtpx:hr>
      <gpxtpx:cad>79</gpxtpx:cad>
     </gpxtpx:TrackPointExtension>
    </extensions>
   </trkpt>
   <trkpt lat="29.1443210" lon="119.5228960">
    <ele>31.6</ele>
    <time>2022-02-24T12:58:04Z</time>
    <extensions>
     <gpxtpx:TrackPointExtension>
      <gpxtpx:hr>152</gpxtpx:hr>
      <gpxtpx:cad>79</gpxtpx:cad>
     </gpxtpx:TrackPointExtension>
    </extensions>
   </trkpt>
   <trkpt lat="29.1443270" lon="119.5228700">
    <ele>31.4</ele>
    <time>2022-02-24T12:58:05Z</time>
    <extensions>
     <gpxtpx:TrackPointExtension>
      <gpxtpx:hr>152</gpxtpx:hr>
      <gpxtpx:cad>79</gpxtpx:cad>
     </gpxtpx:TrackPointExtension>
    </extensions>
   </trkpt>
   <trkpt lat="29.1443350" lon="119.5228600">
    <ele>31.0</ele>
    <time>2022-02-24T12:58:06Z</time>
    <extensions>
     <gpxtpx:TrackPointExtension>
      <gpxtpx:hr>152</gpxtpx:hr>
      <gpxtpx:cad>79</gpxtpx:cad>
     </gpxtpx:TrackPointExtension>
    </extensions>
   </trkpt>
   <trkpt lat="29.1443440" lon="119.5228350">
    <ele>30.8</ele>
    <time>2022-02-24T12:58:07Z</time>
    <extensions>
     <gpxtpx:TrackPointExtension>
      <gpxtpx:hr>152</gpxtpx:hr>
      <gpxtpx:cad>79</gpxtpx:cad>
     </gpxtpx:TrackPointExtension>
    </extensions>
   </trkpt>
   <trkpt lat="29.1443540" lon="119.5228100">
    <ele>30.8</ele>
    <time>2022-02-24T12:58:08Z</time>
    <extensions>
     <gpxtpx:TrackPointExtension>
      <gpxtpx:hr>152</gpxtpx:hr>
      <gpxtpx:cad>79</gpxtpx:cad>
     </gpxtpx:TrackPointExtension>
    </extensions>
   </trkpt>
   <trkpt lat="29.1443650" lon="119.5227900">
    <ele>30.7</ele>
    <time>2022-02-24T12:58:09Z</time>
    <extensions>
     <gpxtpx:TrackPointExtension>
      <gpxtpx:hr>152</gpxtpx:hr>
      <gpxtpx:cad>79</gpxtpx:cad>
     </gpxtpx:TrackPointExtension>
    </extensions>
   </trkpt>
   <trkpt lat="29.1443750" lon="119.5227700">
    <ele>30.4</ele>
    <time>2022-02-24T12:58:10Z</time>
    <extensions>
     <gpxtpx:TrackPointExtension>
      <gpxtpx:hr>152</gpxtpx:hr>
      <gpxtpx:cad>82</gpxtpx:cad>
     </gpxtpx:TrackPointExtension>
    </extensions>
   </trkpt>
   <trkpt lat="29.1443820" lon="119.5227500">
    <ele>30.3</ele>
    <time>2022-02-24T12:58:11Z</time>
    <extensions>
     <gpxtpx:TrackPointExtension>
      <gpxtpx:hr>152</gpxtpx:hr>
      <gpxtpx:cad>82</gpxtpx:cad>
     </gpxtpx:TrackPointExtension>
    </extensions>
   </trkpt>
   <trkpt lat="29.1443940" lon="119.5227360">
    <ele>30.3</ele>
    <time>2022-02-24T12:58:12Z</time>
    <extensions>
     <gpxtpx:TrackPointExtension>
      <gpxtpx:hr>152</gpxtpx:hr>
      <gpxtpx:cad>82</gpxtpx:cad>
     </gpxtpx:TrackPointExtension>
    </extensions>
   </trkpt>
   <trkpt lat="29.1444020" lon="119.5227100">
    <ele>30.3</ele>
    <time>2022-02-24T12:58:13Z</time>
    <extensions>
     <gpxtpx:TrackPointExtension>
      <gpxtpx:hr>152</gpxtpx:hr>
      <gpxtpx:cad>82</gpxtpx:cad>
     </gpxtpx:TrackPointExtension>
    </extensions>
   </trkpt>
   <trkpt lat="29.1444070" lon="119.5226900">
    <ele>30.1</ele>
    <time>2022-02-24T12:58:14Z</time>
    <extensions>
     <gpxtpx:TrackPointExtension>
      <gpxtpx:hr>152</gpxtpx:hr>
      <gpxtpx:cad>82</gpxtpx:cad>
     </gpxtpx:TrackPointExtension>
    </extensions>
   </trkpt>
   <trkpt lat="29.1444110" lon="119.5226700">
    <ele>30.1</ele>
    <time>2022-02-24T12:58:15Z</time>
    <extensions>
     <gpxtpx:TrackPointExtension>
      <gpxtpx:hr>152</gpxtpx:hr>
      <gpxtpx:cad>82</gpxtpx:cad>
     </gpxtpx:TrackPointExtension>
    </extensions>
   </trkpt>
   <trkpt lat="29.1444170" lon="119.5226440">
    <ele>30.1</ele>
    <time>2022-02-24T12:58:16Z</time>
    <extensions>
     <gpxtpx:TrackPointExtension>
      <gpxtpx:hr>152</gpxtpx:hr>
      <gpxtpx:cad>82</gpxtpx:cad>
     </gpxtpx:TrackPointExtension>
    </extensions>
   </trkpt>
   <trkpt lat="29.1444190" lon="119.5226200">
    <ele>30.1</ele>
    <time>2022-02-24T12:58:17Z</time>
    <extensions>
     <gpxtpx:TrackPointExtension>
      <gpxtpx:hr>152</gpxtpx:hr>
      <gpxtpx:cad>82</gpxtpx:cad>
     </gpxtpx:TrackPointExtension>
    </extensions>
   </trkpt>
   <trkpt lat="29.1444280" lon="119.5226060">
    <ele>30.1</ele>
    <time>2022-02-24T12:58:18Z</time>
    <extensions>
     <gpxtpx:TrackPointExtension>
      <gpxtpx:hr>152</gpxtpx:hr>
      <gpxtpx:cad>82</gpxtpx:cad>
     </gpxtpx:TrackPointExtension>
    </extensions>
   </trkpt>
   <trkpt lat="29.1444380" lon="119.5225900">
    <ele>30.1</ele>
    <time>2022-02-24T12:58:19Z</time>
    <extensions>
     <gpxtpx:TrackPointExtension>
      <gpxtpx:hr>152</gpxtpx:hr>
      <gpxtpx:cad>82</gpxtpx:cad>
     </gpxtpx:TrackPointExtension>
    </extensions>
   </trkpt>
   <trkpt lat="29.1444450" lon="119.5225700">
    <ele>29.7</ele>
    <time>2022-02-24T12:58:20Z</time>
    <extensions>
     <gpxtpx:TrackPointExtension>
      <gpxtpx:hr>154</gpxtpx:hr>
      <gpxtpx:cad>82</gpxtpx:cad>
     </gpxtpx:TrackPointExtension>
    </extensions>
   </trkpt>
   <trkpt lat="29.1444450" lon="119.5225700">
    <ele>29.7</ele>
    <time>2022-02-24T12:58:20Z</time>
    <extensions>
     <gpxtpx:TrackPointExtension>
      <gpxtpx:hr>154</gpxtpx:hr>
      <gpxtpx:cad>83</gpxtpx:cad>
     </gpxtpx:TrackPointExtension>
    </extensions>
   </trkpt>
   <trkpt lat="29.1444530" lon="119.5225450">
    <ele>29.7</ele>
    <time>2022-02-24T12:58:21Z</time>
    <extensions>
     <gpxtpx:TrackPointExtension>
      <gpxtpx:hr>154</gpxtpx:hr>
      <gpxtpx:cad>83</gpxtpx:cad>
     </gpxtpx:TrackPointExtension>
    </extensions>
   </trkpt>
   <trkpt lat="29.1444570" lon="119.5225200">
    <ele>29.7</ele>
    <time>2022-02-24T12:58:22Z</time>
    <extensions>
     <gpxtpx:TrackPointExtension>
      <gpxtpx:hr>154</gpxtpx:hr>
      <gpxtpx:cad>83</gpxtpx:cad>
     </gpxtpx:TrackPointExtension>
    </extensions>
   </trkpt>
   <trkpt lat="29.1444600" lon="119.5224900">
    <ele>29.7</ele>
    <time>2022-02-24T12:58:23Z</time>
    <extensions>
     <gpxtpx:TrackPointExtension>
      <gpxtpx:hr>154</gpxtpx:hr>
      <gpxtpx:cad>83</gpxtpx:cad>
     </gpxtpx:TrackPointExtension>
    </extensions>
   </trkpt>
   <trkpt lat="29.1444680" lon="119.5224800">
    <ele>29.7</ele>
    <time>2022-02-24T12:58:24Z</time>
    <extensions>
     <gpxtpx:TrackPointExtension>
      <gpxtpx:hr>154</gpxtpx:hr>
      <gpxtpx:cad>83</gpxtpx:cad>
     </gpxtpx:TrackPointExtension>
    </extensions>
   </trkpt>
   <trkpt lat="29.1444740" lon="119.5224500">
    <ele>29.7</ele>
    <time>2022-02-24T12:58:25Z</time>
    <extensions>
     <gpxtpx:TrackPointExtension>
      <gpxtpx:hr>154</gpxtpx:hr>
      <gpxtpx:cad>83</gpxtpx:cad>
     </gpxtpx:TrackPointExtension>
    </extensions>
   </trkpt>
   <trkpt lat="29.1444800" lon="119.5224300">
    <ele>29.2</ele>
    <time>2022-02-24T12:58:26Z</time>
    <extensions>
     <gpxtpx:TrackPointExtension>
      <gpxtpx:hr>154</gpxtpx:hr>
      <gpxtpx:cad>83</gpxtpx:cad>
     </gpxtpx:TrackPointExtension>
    </extensions>
   </trkpt>
   <trkpt lat="29.1444850" lon="119.5224100">
    <ele>29.2</ele>
    <time>2022-02-24T12:58:27Z</time>
    <extensions>
     <gpxtpx:TrackPointExtension>
      <gpxtpx:hr>154</gpxtpx:hr>
      <gpxtpx:cad>83</gpxtpx:cad>
     </gpxtpx:TrackPointExtension>
    </extensions>
   </trkpt>
   <trkpt lat="29.1444900" lon="119.5223850">
    <ele>29.2</ele>
    <time>2022-02-24T12:58:28Z</time>
    <extensions>
     <gpxtpx:TrackPointExtension>
      <gpxtpx:hr>154</gpxtpx:hr>
      <gpxtpx:cad>83</gpxtpx:cad>
     </gpxtpx:TrackPointExtension>
    </extensions>
   </trkpt>
   <trkpt lat="29.1444990" lon="119.5223600">
    <ele>29.5</ele>
    <time>2022-02-24T12:58:29Z</time>
    <extensions>
     <gpxtpx:TrackPointExtension>
      <gpxtpx:hr>154</gpxtpx:hr>
      <gpxtpx:cad>83</gpxtpx:cad>
     </gpxtpx:TrackPointExtension>
    </extensions>
   </trkpt>
   <trkpt lat="29.1445060" lon="119.5223500">
    <ele>29.5</ele>
    <time>2022-02-24T12:58:30Z</time>
    <extensions>
     <gpxtpx:TrackPointExtension>
      <gpxtpx:hr>152</gpxtpx:hr>
      <gpxtpx:cad>83</gpxtpx:cad>
     </gpxtpx:TrackPointExtension>
    </extensions>
   </trkpt>
   <trkpt lat="29.1445060" lon="119.5223500">
    <ele>29.5</ele>
    <time>2022-02-24T12:58:30Z</time>
    <extensions>
     <gpxtpx:TrackPointExtension>
      <gpxtpx:hr>152</gpxtpx:hr>
      <gpxtpx:cad>76</gpxtpx:cad>
     </gpxtpx:TrackPointExtension>
    </extensions>
   </trkpt>
   <trkpt lat="29.1445100" lon="119.5223160">
    <ele>29.7</ele>
    <time>2022-02-24T12:58:31Z</time>
    <extensions>
     <gpxtpx:TrackPointExtension>
      <gpxtpx:hr>152</gpxtpx:hr>
      <gpxtpx:cad>76</gpxtpx:cad>
     </gpxtpx:TrackPointExtension>
    </extensions>
   </trkpt>
   <trkpt lat="29.1445140" lon="119.5223000">
    <ele>29.7</ele>
    <time>2022-02-24T12:58:32Z</time>
    <extensions>
     <gpxtpx:TrackPointExtension>
      <gpxtpx:hr>152</gpxtpx:hr>
      <gpxtpx:cad>76</gpxtpx:cad>
     </gpxtpx:TrackPointExtension>
    </extensions>
   </trkpt>
   <trkpt lat="29.1445160" lon="119.5222800">
    <ele>29.5</ele>
    <time>2022-02-24T12:58:33Z</time>
    <extensions>
     <gpxtpx:TrackPointExtension>
      <gpxtpx:hr>152</gpxtpx:hr>
      <gpxtpx:cad>76</gpxtpx:cad>
     </gpxtpx:TrackPointExtension>
    </extensions>
   </trkpt>
   <trkpt lat="29.1445200" lon="119.5222550">
    <ele>29.5</ele>
    <time>2022-02-24T12:58:34Z</time>
    <extensions>
     <gpxtpx:TrackPointExtension>
      <gpxtpx:hr>152</gpxtpx:hr>
      <gpxtpx:cad>76</gpxtpx:cad>
     </gpxtpx:TrackPointExtension>
    </extensions>
   </trkpt>
   <trkpt lat="29.1445260" lon="119.5222300">
    <ele>29.7</ele>
    <time>2022-02-24T12:58:35Z</time>
    <extensions>
     <gpxtpx:TrackPointExtension>
      <gpxtpx:hr>152</gpxtpx:hr>
      <gpxtpx:cad>76</gpxtpx:cad>
     </gpxtpx:TrackPointExtension>
    </extensions>
   </trkpt>
   <trkpt lat="29.1445300" lon="119.5222000">
    <ele>29.7</ele>
    <time>2022-02-24T12:58:36Z</time>
    <extensions>
     <gpxtpx:TrackPointExtension>
      <gpxtpx:hr>152</gpxtpx:hr>
      <gpxtpx:cad>76</gpxtpx:cad>
     </gpxtpx:TrackPointExtension>
    </extensions>
   </trkpt>
   <trkpt lat="29.1445330" lon="119.5221800">
    <ele>29.7</ele>
    <time>2022-02-24T12:58:37Z</time>
    <extensions>
     <gpxtpx:TrackPointExtension>
      <gpxtpx:hr>152</gpxtpx:hr>
      <gpxtpx:cad>76</gpxtpx:cad>
     </gpxtpx:TrackPointExtension>
    </extensions>
   </trkpt>
   <trkpt lat="29.1445370" lon="119.5221560">
    <ele>29.7</ele>
    <time>2022-02-24T12:58:38Z</time>
    <extensions>
     <gpxtpx:TrackPointExtension>
      <gpxtpx:hr>152</gpxtpx:hr>
      <gpxtpx:cad>76</gpxtpx:cad>
     </gpxtpx:TrackPointExtension>
    </extensions>
   </trkpt>
   <trkpt lat="29.1445430" lon="119.5221400">
    <ele>29.7</ele>
    <time>2022-02-24T12:58:39Z</time>
    <extensions>
     <gpxtpx:TrackPointExtension>
      <gpxtpx:hr>152</gpxtpx:hr>
      <gpxtpx:cad>76</gpxtpx:cad>
     </gpxtpx:TrackPointExtension>
    </extensions>
   </trkpt>
   <trkpt lat="29.1445430" lon="119.5221100">
    <ele>29.7</ele>
    <time>2022-02-24T12:58:40Z</time>
    <extensions>
     <gpxtpx:TrackPointExtension>
      <gpxtpx:hr>152</gpxtpx:hr>
      <gpxtpx:cad>76</gpxtpx:cad>
     </gpxtpx:TrackPointExtension>
    </extensions>
   </trkpt>
   <trkpt lat="29.1445430" lon="119.5221100">
    <ele>29.7</ele>
    <time>2022-02-24T12:58:40Z</time>
    <extensions>
     <gpxtpx:TrackPointExtension>
      <gpxtpx:hr>152</gpxtpx:hr>
      <gpxtpx:cad>82</gpxtpx:cad>
     </gpxtpx:TrackPointExtension>
    </extensions>
   </trkpt>
   <trkpt lat="29.1445450" lon="119.5220800">
    <ele>29.7</ele>
    <time>2022-02-24T12:58:41Z</time>
    <extensions>
     <gpxtpx:TrackPointExtension>
      <gpxtpx:hr>152</gpxtpx:hr>
      <gpxtpx:cad>82</gpxtpx:cad>
     </gpxtpx:TrackPointExtension>
    </extensions>
   </trkpt>
   <trkpt lat="29.1445470" lon="119.5220640">
    <ele>29.6</ele>
    <time>2022-02-24T12:58:42Z</time>
    <extensions>
     <gpxtpx:TrackPointExtension>
      <gpxtpx:hr>152</gpxtpx:hr>
      <gpxtpx:cad>82</gpxtpx:cad>
     </gpxtpx:TrackPointExtension>
    </extensions>
   </trkpt>
   <trkpt lat="29.1445540" lon="119.5220300">
    <ele>29.1</ele>
    <time>2022-02-24T12:58:43Z</time>
    <extensions>
     <gpxtpx:TrackPointExtension>
      <gpxtpx:hr>152</gpxtpx:hr>
      <gpxtpx:cad>86</gpxtpx:cad>
     </gpxtpx:TrackPointExtension>
    </extensions>
   </trkpt>
   <trkpt lat="29.1445640" lon="119.5220100">
    <ele>28.8</ele>
    <time>2022-02-24T12:58:44Z</time>
    <extensions>
     <gpxtpx:TrackPointExtension>
      <gpxtpx:hr>152</gpxtpx:hr>
      <gpxtpx:cad>86</gpxtpx:cad>
     </gpxtpx:TrackPointExtension>
    </extensions>
   </trkpt>
   <trkpt lat="29.1445700" lon="119.5219900">
    <ele>28.8</ele>
    <time>2022-02-24T12:58:45Z</time>
    <extensions>
     <gpxtpx:TrackPointExtension>
      <gpxtpx:hr>152</gpxtpx:hr>
      <gpxtpx:cad>86</gpxtpx:cad>
     </gpxtpx:TrackPointExtension>
    </extensions>
   </trkpt>
   <trkpt lat="29.1445770" lon="119.5219600">
    <ele>28.6</ele>
    <time>2022-02-24T12:58:46Z</time>
    <extensions>
     <gpxtpx:TrackPointExtension>
      <gpxtpx:hr>152</gpxtpx:hr>
      <gpxtpx:cad>86</gpxtpx:cad>
     </gpxtpx:TrackPointExtension>
    </extensions>
   </trkpt>
   <trkpt lat="29.1445870" lon="119.5219400">
    <ele>28.6</ele>
    <time>2022-02-24T12:58:47Z</time>
    <extensions>
     <gpxtpx:TrackPointExtension>
      <gpxtpx:hr>152</gpxtpx:hr>
      <gpxtpx:cad>86</gpxtpx:cad>
     </gpxtpx:TrackPointExtension>
    </extensions>
   </trkpt>
   <trkpt lat="29.1445900" lon="119.5219200">
    <ele>28.3</ele>
    <time>2022-02-24T12:58:48Z</time>
    <extensions>
     <gpxtpx:TrackPointExtension>
      <gpxtpx:hr>152</gpxtpx:hr>
      <gpxtpx:cad>86</gpxtpx:cad>
     </gpxtpx:TrackPointExtension>
    </extensions>
   </trkpt>
   <trkpt lat="29.1446040" lon="119.5219040">
    <ele>28.0</ele>
    <time>2022-02-24T12:58:49Z</time>
    <extensions>
     <gpxtpx:TrackPointExtension>
      <gpxtpx:hr>151</gpxtpx:hr>
      <gpxtpx:cad>86</gpxtpx:cad>
     </gpxtpx:TrackPointExtension>
    </extensions>
   </trkpt>
   <trkpt lat="29.1446200" lon="119.5218800">
    <ele>27.8</ele>
    <time>2022-02-24T12:58:50Z</time>
    <extensions>
     <gpxtpx:TrackPointExtension>
      <gpxtpx:hr>151</gpxtpx:hr>
      <gpxtpx:cad>87</gpxtpx:cad>
     </gpxtpx:TrackPointExtension>
    </extensions>
   </trkpt>
   <trkpt lat="29.1446300" lon="119.5218600">
    <ele>27.5</ele>
    <time>2022-02-24T12:58:51Z</time>
    <extensions>
     <gpxtpx:TrackPointExtension>
      <gpxtpx:hr>151</gpxtpx:hr>
      <gpxtpx:cad>87</gpxtpx:cad>
     </gpxtpx:TrackPointExtension>
    </extensions>
   </trkpt>
   <trkpt lat="29.1446400" lon="119.5218400">
    <ele>27.3</ele>
    <time>2022-02-24T12:58:52Z</time>
    <extensions>
     <gpxtpx:TrackPointExtension>
      <gpxtpx:hr>151</gpxtpx:hr>
      <gpxtpx:cad>87</gpxtpx:cad>
     </gpxtpx:TrackPointExtension>
    </extensions>
   </trkpt>
   <trkpt lat="29.1446480" lon="119.5218200">
    <ele>27.3</ele>
    <time>2022-02-24T12:58:53Z</time>
    <extensions>
     <gpxtpx:TrackPointExtension>
      <gpxtpx:hr>151</gpxtpx:hr>
      <gpxtpx:cad>87</gpxtpx:cad>
     </gpxtpx:TrackPointExtension>
    </extensions>
   </trkpt>
   <trkpt lat="29.1446550" lon="119.5217900">
    <ele>27.0</ele>
    <time>2022-02-24T12:58:54Z</time>
    <extensions>
     <gpxtpx:TrackPointExtension>
      <gpxtpx:hr>151</gpxtpx:hr>
      <gpxtpx:cad>87</gpxtpx:cad>
     </gpxtpx:TrackPointExtension>
    </extensions>
   </trkpt>
   <trkpt lat="29.1446670" lon="119.5217740">
    <ele>26.8</ele>
    <time>2022-02-24T12:58:55Z</time>
    <extensions>
     <gpxtpx:TrackPointExtension>
      <gpxtpx:hr>151</gpxtpx:hr>
      <gpxtpx:cad>87</gpxtpx:cad>
     </gpxtpx:TrackPointExtension>
    </extensions>
   </trkpt>
   <trkpt lat="29.1446720" lon="119.5217500">
    <ele>26.5</ele>
    <time>2022-02-24T12:58:56Z</time>
    <extensions>
     <gpxtpx:TrackPointExtension>
      <gpxtpx:hr>151</gpxtpx:hr>
      <gpxtpx:cad>87</gpxtpx:cad>
     </gpxtpx:TrackPointExtension>
    </extensions>
   </trkpt>
   <trkpt lat="29.1446820" lon="119.5217300">
    <ele>26.5</ele>
    <time>2022-02-24T12:58:57Z</time>
    <extensions>
     <gpxtpx:TrackPointExtension>
      <gpxtpx:hr>151</gpxtpx:hr>
      <gpxtpx:cad>87</gpxtpx:cad>
     </gpxtpx:TrackPointExtension>
    </extensions>
   </trkpt>
   <trkpt lat="29.1446950" lon="119.5217000">
    <ele>26.4</ele>
    <time>2022-02-24T12:58:58Z</time>
    <extensions>
     <gpxtpx:TrackPointExtension>
      <gpxtpx:hr>151</gpxtpx:hr>
      <gpxtpx:cad>87</gpxtpx:cad>
     </gpxtpx:TrackPointExtension>
    </extensions>
   </trkpt>
   <trkpt lat="29.1447050" lon="119.5216750">
    <ele>26.4</ele>
    <time>2022-02-24T12:58:59Z</time>
    <extensions>
     <gpxtpx:TrackPointExtension>
      <gpxtpx:hr>152</gpxtpx:hr>
      <gpxtpx:cad>87</gpxtpx:cad>
     </gpxtpx:TrackPointExtension>
    </extensions>
   </trkpt>
   <trkpt lat="29.1447120" lon="119.5216500">
    <ele>26.4</ele>
    <time>2022-02-24T12:59:00Z</time>
    <extensions>
     <gpxtpx:TrackPointExtension>
      <gpxtpx:hr>152</gpxtpx:hr>
      <gpxtpx:cad>82</gpxtpx:cad>
     </gpxtpx:TrackPointExtension>
    </extensions>
   </trkpt>
   <trkpt lat="29.1447240" lon="119.5216300">
    <ele>26.6</ele>
    <time>2022-02-24T12:59:01Z</time>
    <extensions>
     <gpxtpx:TrackPointExtension>
      <gpxtpx:hr>152</gpxtpx:hr>
      <gpxtpx:cad>82</gpxtpx:cad>
     </gpxtpx:TrackPointExtension>
    </extensions>
   </trkpt>
   <trkpt lat="29.1447300" lon="119.5216100">
    <ele>26.6</ele>
    <time>2022-02-24T12:59:02Z</time>
    <extensions>
     <gpxtpx:TrackPointExtension>
      <gpxtpx:hr>152</gpxtpx:hr>
      <gpxtpx:cad>82</gpxtpx:cad>
     </gpxtpx:TrackPointExtension>
    </extensions>
   </trkpt>
   <trkpt lat="29.1447370" lon="119.5215800">
    <ele>26.8</ele>
    <time>2022-02-24T12:59:03Z</time>
    <extensions>
     <gpxtpx:TrackPointExtension>
      <gpxtpx:hr>152</gpxtpx:hr>
      <gpxtpx:cad>82</gpxtpx:cad>
     </gpxtpx:TrackPointExtension>
    </extensions>
   </trkpt>
   <trkpt lat="29.1447410" lon="119.5215600">
    <ele>26.8</ele>
    <time>2022-02-24T12:59:04Z</time>
    <extensions>
     <gpxtpx:TrackPointExtension>
      <gpxtpx:hr>152</gpxtpx:hr>
      <gpxtpx:cad>82</gpxtpx:cad>
     </gpxtpx:TrackPointExtension>
    </extensions>
   </trkpt>
   <trkpt lat="29.1447470" lon="119.5215300">
    <ele>27.1</ele>
    <time>2022-02-24T12:59:05Z</time>
    <extensions>
     <gpxtpx:TrackPointExtension>
      <gpxtpx:hr>152</gpxtpx:hr>
      <gpxtpx:cad>82</gpxtpx:cad>
     </gpxtpx:TrackPointExtension>
    </extensions>
   </trkpt>
   <trkpt lat="29.1447530" lon="119.5215150">
    <ele>27.1</ele>
    <time>2022-02-24T12:59:06Z</time>
    <extensions>
     <gpxtpx:TrackPointExtension>
      <gpxtpx:hr>152</gpxtpx:hr>
      <gpxtpx:cad>82</gpxtpx:cad>
     </gpxtpx:TrackPointExtension>
    </extensions>
   </trkpt>
   <trkpt lat="29.1447540" lon="119.5214840">
    <ele>27.6</ele>
    <time>2022-02-24T12:59:07Z</time>
    <extensions>
     <gpxtpx:TrackPointExtension>
      <gpxtpx:hr>152</gpxtpx:hr>
      <gpxtpx:cad>82</gpxtpx:cad>
     </gpxtpx:TrackPointExtension>
    </extensions>
   </trkpt>
   <trkpt lat="29.1447580" lon="119.5214540">
    <ele>28.0</ele>
    <time>2022-02-24T12:59:08Z</time>
    <extensions>
     <gpxtpx:TrackPointExtension>
      <gpxtpx:hr>152</gpxtpx:hr>
      <gpxtpx:cad>82</gpxtpx:cad>
     </gpxtpx:TrackPointExtension>
    </extensions>
   </trkpt>
   <trkpt lat="29.1447660" lon="119.5214300">
    <ele>28.0</ele>
    <time>2022-02-24T12:59:09Z</time>
    <extensions>
     <gpxtpx:TrackPointExtension>
      <gpxtpx:hr>152</gpxtpx:hr>
      <gpxtpx:cad>82</gpxtpx:cad>
     </gpxtpx:TrackPointExtension>
    </extensions>
   </trkpt>
   <trkpt lat="29.1447730" lon="119.5214100">
    <ele>28.5</ele>
    <time>2022-02-24T12:59:10Z</time>
    <extensions>
     <gpxtpx:TrackPointExtension>
      <gpxtpx:hr>153</gpxtpx:hr>
      <gpxtpx:cad>82</gpxtpx:cad>
     </gpxtpx:TrackPointExtension>
    </extensions>
   </trkpt>
   <trkpt lat="29.1447730" lon="119.5214100">
    <ele>28.5</ele>
    <time>2022-02-24T12:59:10Z</time>
    <extensions>
     <gpxtpx:TrackPointExtension>
      <gpxtpx:hr>153</gpxtpx:hr>
      <gpxtpx:cad>83</gpxtpx:cad>
     </gpxtpx:TrackPointExtension>
    </extensions>
   </trkpt>
   <trkpt lat="29.1447810" lon="119.5213850">
    <ele>28.3</ele>
    <time>2022-02-24T12:59:11Z</time>
    <extensions>
     <gpxtpx:TrackPointExtension>
      <gpxtpx:hr>153</gpxtpx:hr>
      <gpxtpx:cad>83</gpxtpx:cad>
     </gpxtpx:TrackPointExtension>
    </extensions>
   </trkpt>
   <trkpt lat="29.1447890" lon="119.5213700">
    <ele>28.6</ele>
    <time>2022-02-24T12:59:12Z</time>
    <extensions>
     <gpxtpx:TrackPointExtension>
      <gpxtpx:hr>153</gpxtpx:hr>
      <gpxtpx:cad>83</gpxtpx:cad>
     </gpxtpx:TrackPointExtension>
    </extensions>
   </trkpt>
   <trkpt lat="29.1447900" lon="119.5213400">
    <ele>28.6</ele>
    <time>2022-02-24T12:59:13Z</time>
    <extensions>
     <gpxtpx:TrackPointExtension>
      <gpxtpx:hr>153</gpxtpx:hr>
      <gpxtpx:cad>83</gpxtpx:cad>
     </gpxtpx:TrackPointExtension>
    </extensions>
   </trkpt>
   <trkpt lat="29.1447980" lon="119.5213200">
    <ele>28.9</ele>
    <time>2022-02-24T12:59:14Z</time>
    <extensions>
     <gpxtpx:TrackPointExtension>
      <gpxtpx:hr>153</gpxtpx:hr>
      <gpxtpx:cad>83</gpxtpx:cad>
     </gpxtpx:TrackPointExtension>
    </extensions>
   </trkpt>
   <trkpt lat="29.1448020" lon="119.5213000">
    <ele>28.9</ele>
    <time>2022-02-24T12:59:15Z</time>
    <extensions>
     <gpxtpx:TrackPointExtension>
      <gpxtpx:hr>153</gpxtpx:hr>
      <gpxtpx:cad>83</gpxtpx:cad>
     </gpxtpx:TrackPointExtension>
    </extensions>
   </trkpt>
   <trkpt lat="29.1448060" lon="119.5212800">
    <ele>29.1</ele>
    <time>2022-02-24T12:59:16Z</time>
    <extensions>
     <gpxtpx:TrackPointExtension>
      <gpxtpx:hr>153</gpxtpx:hr>
      <gpxtpx:cad>83</gpxtpx:cad>
     </gpxtpx:TrackPointExtension>
    </extensions>
   </trkpt>
   <trkpt lat="29.1448120" lon="119.5212550">
    <ele>29.1</ele>
    <time>2022-02-24T12:59:17Z</time>
    <extensions>
     <gpxtpx:TrackPointExtension>
      <gpxtpx:hr>153</gpxtpx:hr>
      <gpxtpx:cad>83</gpxtpx:cad>
     </gpxtpx:TrackPointExtension>
    </extensions>
   </trkpt>
   <trkpt lat="29.1448170" lon="119.5212250">
    <ele>29.1</ele>
    <time>2022-02-24T12:59:18Z</time>
    <extensions>
     <gpxtpx:TrackPointExtension>
      <gpxtpx:hr>153</gpxtpx:hr>
      <gpxtpx:cad>83</gpxtpx:cad>
     </gpxtpx:TrackPointExtension>
    </extensions>
   </trkpt>
   <trkpt lat="29.1448230" lon="119.5212000">
    <ele>29.5</ele>
    <time>2022-02-24T12:59:19Z</time>
    <extensions>
     <gpxtpx:TrackPointExtension>
      <gpxtpx:hr>153</gpxtpx:hr>
      <gpxtpx:cad>83</gpxtpx:cad>
     </gpxtpx:TrackPointExtension>
    </extensions>
   </trkpt>
   <trkpt lat="29.1448250" lon="119.5211800">
    <ele>29.5</ele>
    <time>2022-02-24T12:59:20Z</time>
    <extensions>
     <gpxtpx:TrackPointExtension>
      <gpxtpx:hr>153</gpxtpx:hr>
      <gpxtpx:cad>83</gpxtpx:cad>
     </gpxtpx:TrackPointExtension>
    </extensions>
   </trkpt>
   <trkpt lat="29.1448250" lon="119.5211800">
    <ele>29.5</ele>
    <time>2022-02-24T12:59:20Z</time>
    <extensions>
     <gpxtpx:TrackPointExtension>
      <gpxtpx:hr>153</gpxtpx:hr>
      <gpxtpx:cad>85</gpxtpx:cad>
     </gpxtpx:TrackPointExtension>
    </extensions>
   </trkpt>
   <trkpt lat="29.1448300" lon="119.5211600">
    <ele>30.0</ele>
    <time>2022-02-24T12:59:21Z</time>
    <extensions>
     <gpxtpx:TrackPointExtension>
      <gpxtpx:hr>153</gpxtpx:hr>
      <gpxtpx:cad>85</gpxtpx:cad>
     </gpxtpx:TrackPointExtension>
    </extensions>
   </trkpt>
   <trkpt lat="29.1448350" lon="119.5211300">
    <ele>30.0</ele>
    <time>2022-02-24T12:59:22Z</time>
    <extensions>
     <gpxtpx:TrackPointExtension>
      <gpxtpx:hr>153</gpxtpx:hr>
      <gpxtpx:cad>85</gpxtpx:cad>
     </gpxtpx:TrackPointExtension>
    </extensions>
   </trkpt>
   <trkpt lat="29.1448420" lon="119.5211000">
    <ele>30.5</ele>
    <time>2022-02-24T12:59:23Z</time>
    <extensions>
     <gpxtpx:TrackPointExtension>
      <gpxtpx:hr>153</gpxtpx:hr>
      <gpxtpx:cad>85</gpxtpx:cad>
     </gpxtpx:TrackPointExtension>
    </extensions>
   </trkpt>
   <trkpt lat="29.1448460" lon="119.5210700">
    <ele>31.0</ele>
    <time>2022-02-24T12:59:24Z</time>
    <extensions>
     <gpxtpx:TrackPointExtension>
      <gpxtpx:hr>153</gpxtpx:hr>
      <gpxtpx:cad>85</gpxtpx:cad>
     </gpxtpx:TrackPointExtension>
    </extensions>
   </trkpt>
   <trkpt lat="29.1448500" lon="119.5210500">
    <ele>31.0</ele>
    <time>2022-02-24T12:59:25Z</time>
    <extensions>
     <gpxtpx:TrackPointExtension>
      <gpxtpx:hr>153</gpxtpx:hr>
      <gpxtpx:cad>83</gpxtpx:cad>
     </gpxtpx:TrackPointExtension>
    </extensions>
   </trkpt>
   <trkpt lat="29.1448550" lon="119.5210200">
    <ele>31.1</ele>
    <time>2022-02-24T12:59:26Z</time>
    <extensions>
     <gpxtpx:TrackPointExtension>
      <gpxtpx:hr>153</gpxtpx:hr>
      <gpxtpx:cad>83</gpxtpx:cad>
     </gpxtpx:TrackPointExtension>
    </extensions>
   </trkpt>
   <trkpt lat="29.1448630" lon="119.5209960">
    <ele>31.1</ele>
    <time>2022-02-24T12:59:27Z</time>
    <extensions>
     <gpxtpx:TrackPointExtension>
      <gpxtpx:hr>153</gpxtpx:hr>
      <gpxtpx:cad>83</gpxtpx:cad>
     </gpxtpx:TrackPointExtension>
    </extensions>
   </trkpt>
   <trkpt lat="29.1448750" lon="119.5209700">
    <ele>31.1</ele>
    <time>2022-02-24T12:59:28Z</time>
    <extensions>
     <gpxtpx:TrackPointExtension>
      <gpxtpx:hr>153</gpxtpx:hr>
      <gpxtpx:cad>83</gpxtpx:cad>
     </gpxtpx:TrackPointExtension>
    </extensions>
   </trkpt>
   <trkpt lat="29.1448860" lon="119.5209600">
    <ele>31.1</ele>
    <time>2022-02-24T12:59:29Z</time>
    <extensions>
     <gpxtpx:TrackPointExtension>
      <gpxtpx:hr>153</gpxtpx:hr>
      <gpxtpx:cad>83</gpxtpx:cad>
     </gpxtpx:TrackPointExtension>
    </extensions>
   </trkpt>
   <trkpt lat="29.1448920" lon="119.5209300">
    <ele>30.7</ele>
    <time>2022-02-24T12:59:30Z</time>
    <extensions>
     <gpxtpx:TrackPointExtension>
      <gpxtpx:hr>153</gpxtpx:hr>
      <gpxtpx:cad>83</gpxtpx:cad>
     </gpxtpx:TrackPointExtension>
    </extensions>
   </trkpt>
   <trkpt lat="29.1448920" lon="119.5209300">
    <ele>30.7</ele>
    <time>2022-02-24T12:59:30Z</time>
    <extensions>
     <gpxtpx:TrackPointExtension>
      <gpxtpx:hr>153</gpxtpx:hr>
      <gpxtpx:cad>82</gpxtpx:cad>
     </gpxtpx:TrackPointExtension>
    </extensions>
   </trkpt>
   <trkpt lat="29.1449000" lon="119.5209050">
    <ele>30.7</ele>
    <time>2022-02-24T12:59:31Z</time>
    <extensions>
     <gpxtpx:TrackPointExtension>
      <gpxtpx:hr>153</gpxtpx:hr>
      <gpxtpx:cad>82</gpxtpx:cad>
     </gpxtpx:TrackPointExtension>
    </extensions>
   </trkpt>
   <trkpt lat="29.1449070" lon="119.5208740">
    <ele>30.7</ele>
    <time>2022-02-24T12:59:32Z</time>
    <extensions>
     <gpxtpx:TrackPointExtension>
      <gpxtpx:hr>153</gpxtpx:hr>
      <gpxtpx:cad>82</gpxtpx:cad>
     </gpxtpx:TrackPointExtension>
    </extensions>
   </trkpt>
   <trkpt lat="29.1449130" lon="119.5208500">
    <ele>30.7</ele>
    <time>2022-02-24T12:59:33Z</time>
    <extensions>
     <gpxtpx:TrackPointExtension>
      <gpxtpx:hr>153</gpxtpx:hr>
      <gpxtpx:cad>82</gpxtpx:cad>
     </gpxtpx:TrackPointExtension>
    </extensions>
   </trkpt>
   <trkpt lat="29.1449220" lon="119.5208360">
    <ele>30.7</ele>
    <time>2022-02-24T12:59:34Z</time>
    <extensions>
     <gpxtpx:TrackPointExtension>
      <gpxtpx:hr>153</gpxtpx:hr>
      <gpxtpx:cad>82</gpxtpx:cad>
     </gpxtpx:TrackPointExtension>
    </extensions>
   </trkpt>
   <trkpt lat="29.1449360" lon="119.5208100">
    <ele>30.6</ele>
    <time>2022-02-24T12:59:35Z</time>
    <extensions>
     <gpxtpx:TrackPointExtension>
      <gpxtpx:hr>153</gpxtpx:hr>
      <gpxtpx:cad>82</gpxtpx:cad>
     </gpxtpx:TrackPointExtension>
    </extensions>
   </trkpt>
   <trkpt lat="29.1449530" lon="119.5208050">
    <ele>30.6</ele>
    <time>2022-02-24T12:59:36Z</time>
    <extensions>
     <gpxtpx:TrackPointExtension>
      <gpxtpx:hr>153</gpxtpx:hr>
      <gpxtpx:cad>82</gpxtpx:cad>
     </gpxtpx:TrackPointExtension>
    </extensions>
   </trkpt>
   <trkpt lat="29.1449600" lon="119.5207800">
    <ele>30.6</ele>
    <time>2022-02-24T12:59:37Z</time>
    <extensions>
     <gpxtpx:TrackPointExtension>
      <gpxtpx:hr>153</gpxtpx:hr>
      <gpxtpx:cad>82</gpxtpx:cad>
     </gpxtpx:TrackPointExtension>
    </extensions>
   </trkpt>
   <trkpt lat="29.1449760" lon="119.5207600">
    <ele>30.6</ele>
    <time>2022-02-24T12:59:38Z</time>
    <extensions>
     <gpxtpx:TrackPointExtension>
      <gpxtpx:hr>153</gpxtpx:hr>
      <gpxtpx:cad>82</gpxtpx:cad>
     </gpxtpx:TrackPointExtension>
    </extensions>
   </trkpt>
   <trkpt lat="29.1449830" lon="119.5207400">
    <ele>30.6</ele>
    <time>2022-02-24T12:59:39Z</time>
    <extensions>
     <gpxtpx:TrackPointExtension>
      <gpxtpx:hr>153</gpxtpx:hr>
      <gpxtpx:cad>82</gpxtpx:cad>
     </gpxtpx:TrackPointExtension>
    </extensions>
   </trkpt>
   <trkpt lat="29.1449970" lon="119.5207300">
    <ele>31.0</ele>
    <time>2022-02-24T12:59:40Z</time>
    <extensions>
     <gpxtpx:TrackPointExtension>
      <gpxtpx:hr>152</gpxtpx:hr>
      <gpxtpx:cad>82</gpxtpx:cad>
     </gpxtpx:TrackPointExtension>
    </extensions>
   </trkpt>
   <trkpt lat="29.1449970" lon="119.5207300">
    <ele>31.0</ele>
    <time>2022-02-24T12:59:40Z</time>
    <extensions>
     <gpxtpx:TrackPointExtension>
      <gpxtpx:hr>152</gpxtpx:hr>
      <gpxtpx:cad>81</gpxtpx:cad>
     </gpxtpx:TrackPointExtension>
    </extensions>
   </trkpt>
   <trkpt lat="29.1450060" lon="119.5207060">
    <ele>30.7</ele>
    <time>2022-02-24T12:59:41Z</time>
    <extensions>
     <gpxtpx:TrackPointExtension>
      <gpxtpx:hr>152</gpxtpx:hr>
      <gpxtpx:cad>81</gpxtpx:cad>
     </gpxtpx:TrackPointExtension>
    </extensions>
   </trkpt>
   <trkpt lat="29.1450140" lon="119.5206900">
    <ele>31.2</ele>
    <time>2022-02-24T12:59:42Z</time>
    <extensions>
     <gpxtpx:TrackPointExtension>
      <gpxtpx:hr>152</gpxtpx:hr>
      <gpxtpx:cad>81</gpxtpx:cad>
     </gpxtpx:TrackPointExtension>
    </extensions>
   </trkpt>
   <trkpt lat="29.1450250" lon="119.5206760">
    <ele>31.2</ele>
    <time>2022-02-24T12:59:43Z</time>
    <extensions>
     <gpxtpx:TrackPointExtension>
      <gpxtpx:hr>152</gpxtpx:hr>
      <gpxtpx:cad>81</gpxtpx:cad>
     </gpxtpx:TrackPointExtension>
    </extensions>
   </trkpt>
   <trkpt lat="29.1450350" lon="119.5206500">
    <ele>31.2</ele>
    <time>2022-02-24T12:59:44Z</time>
    <extensions>
     <gpxtpx:TrackPointExtension>
      <gpxtpx:hr>152</gpxtpx:hr>
      <gpxtpx:cad>81</gpxtpx:cad>
     </gpxtpx:TrackPointExtension>
    </extensions>
   </trkpt>
   <trkpt lat="29.1450400" lon="119.5206400">
    <ele>31.6</ele>
    <time>2022-02-24T12:59:45Z</time>
    <extensions>
     <gpxtpx:TrackPointExtension>
      <gpxtpx:hr>152</gpxtpx:hr>
      <gpxtpx:cad>81</gpxtpx:cad>
     </gpxtpx:TrackPointExtension>
    </extensions>
   </trkpt>
   <trkpt lat="29.1450480" lon="119.5206100">
    <ele>31.6</ele>
    <time>2022-02-24T12:59:46Z</time>
    <extensions>
     <gpxtpx:TrackPointExtension>
      <gpxtpx:hr>152</gpxtpx:hr>
      <gpxtpx:cad>81</gpxtpx:cad>
     </gpxtpx:TrackPointExtension>
    </extensions>
   </trkpt>
   <trkpt lat="29.1450560" lon="119.5205900">
    <ele>32.1</ele>
    <time>2022-02-24T12:59:47Z</time>
    <extensions>
     <gpxtpx:TrackPointExtension>
      <gpxtpx:hr>152</gpxtpx:hr>
      <gpxtpx:cad>81</gpxtpx:cad>
     </gpxtpx:TrackPointExtension>
    </extensions>
   </trkpt>
   <trkpt lat="29.1450650" lon="119.5205700">
    <ele>32.1</ele>
    <time>2022-02-24T12:59:48Z</time>
    <extensions>
     <gpxtpx:TrackPointExtension>
      <gpxtpx:hr>152</gpxtpx:hr>
      <gpxtpx:cad>81</gpxtpx:cad>
     </gpxtpx:TrackPointExtension>
    </extensions>
   </trkpt>
   <trkpt lat="29.1450710" lon="119.5205460">
    <ele>32.6</ele>
    <time>2022-02-24T12:59:49Z</time>
    <extensions>
     <gpxtpx:TrackPointExtension>
      <gpxtpx:hr>152</gpxtpx:hr>
      <gpxtpx:cad>81</gpxtpx:cad>
     </gpxtpx:TrackPointExtension>
    </extensions>
   </trkpt>
   <trkpt lat="29.1450770" lon="119.5205200">
    <ele>33.1</ele>
    <time>2022-02-24T12:59:50Z</time>
    <extensions>
     <gpxtpx:TrackPointExtension>
      <gpxtpx:hr>153</gpxtpx:hr>
      <gpxtpx:cad>81</gpxtpx:cad>
     </gpxtpx:TrackPointExtension>
    </extensions>
   </trkpt>
   <trkpt lat="29.1450770" lon="119.5205200">
    <ele>33.1</ele>
    <time>2022-02-24T12:59:50Z</time>
    <extensions>
     <gpxtpx:TrackPointExtension>
      <gpxtpx:hr>153</gpxtpx:hr>
      <gpxtpx:cad>84</gpxtpx:cad>
     </gpxtpx:TrackPointExtension>
    </extensions>
   </trkpt>
   <trkpt lat="29.1450820" lon="119.5205000">
    <ele>33.1</ele>
    <time>2022-02-24T12:59:51Z</time>
    <extensions>
     <gpxtpx:TrackPointExtension>
      <gpxtpx:hr>153</gpxtpx:hr>
      <gpxtpx:cad>84</gpxtpx:cad>
     </gpxtpx:TrackPointExtension>
    </extensions>
   </trkpt>
   <trkpt lat="29.1450860" lon="119.5204700">
    <ele>33.3</ele>
    <time>2022-02-24T12:59:52Z</time>
    <extensions>
     <gpxtpx:TrackPointExtension>
      <gpxtpx:hr>153</gpxtpx:hr>
      <gpxtpx:cad>84</gpxtpx:cad>
     </gpxtpx:TrackPointExtension>
    </extensions>
   </trkpt>
   <trkpt lat="29.1450960" lon="119.5204500">
    <ele>33.3</ele>
    <time>2022-02-24T12:59:53Z</time>
    <extensions>
     <gpxtpx:TrackPointExtension>
      <gpxtpx:hr>153</gpxtpx:hr>
      <gpxtpx:cad>84</gpxtpx:cad>
     </gpxtpx:TrackPointExtension>
    </extensions>
   </trkpt>
   <trkpt lat="29.1451030" lon="119.5204240">
    <ele>33.6</ele>
    <time>2022-02-24T12:59:54Z</time>
    <extensions>
     <gpxtpx:TrackPointExtension>
      <gpxtpx:hr>153</gpxtpx:hr>
      <gpxtpx:cad>84</gpxtpx:cad>
     </gpxtpx:TrackPointExtension>
    </extensions>
   </trkpt>
   <trkpt lat="29.1451110" lon="119.5204100">
    <ele>33.6</ele>
    <time>2022-02-24T12:59:55Z</time>
    <extensions>
     <gpxtpx:TrackPointExtension>
      <gpxtpx:hr>153</gpxtpx:hr>
      <gpxtpx:cad>84</gpxtpx:cad>
     </gpxtpx:TrackPointExtension>
    </extensions>
   </trkpt>
   <trkpt lat="29.1451150" lon="119.5203800">
    <ele>33.8</ele>
    <time>2022-02-24T12:59:56Z</time>
    <extensions>
     <gpxtpx:TrackPointExtension>
      <gpxtpx:hr>153</gpxtpx:hr>
      <gpxtpx:cad>84</gpxtpx:cad>
     </gpxtpx:TrackPointExtension>
    </extensions>
   </trkpt>
   <trkpt lat="29.1451240" lon="119.5203600">
    <ele>33.8</ele>
    <time>2022-02-24T12:59:57Z</time>
    <extensions>
     <gpxtpx:TrackPointExtension>
      <gpxtpx:hr>153</gpxtpx:hr>
      <gpxtpx:cad>84</gpxtpx:cad>
     </gpxtpx:TrackPointExtension>
    </extensions>
   </trkpt>
   <trkpt lat="29.1451340" lon="119.5203400">
    <ele>34.0</ele>
    <time>2022-02-24T12:59:58Z</time>
    <extensions>
     <gpxtpx:TrackPointExtension>
      <gpxtpx:hr>153</gpxtpx:hr>
      <gpxtpx:cad>84</gpxtpx:cad>
     </gpxtpx:TrackPointExtension>
    </extensions>
   </trkpt>
   <trkpt lat="29.1451420" lon="119.5203200">
    <ele>34.0</ele>
    <time>2022-02-24T12:59:59Z</time>
    <extensions>
     <gpxtpx:TrackPointExtension>
      <gpxtpx:hr>153</gpxtpx:hr>
      <gpxtpx:cad>84</gpxtpx:cad>
     </gpxtpx:TrackPointExtension>
    </extensions>
   </trkpt>
   <trkpt lat="29.1451550" lon="119.5202940">
    <ele>34.0</ele>
    <time>2022-02-24T13:00:00Z</time>
    <extensions>
     <gpxtpx:TrackPointExtension>
      <gpxtpx:hr>153</gpxtpx:hr>
      <gpxtpx:cad>84</gpxtpx:cad>
     </gpxtpx:TrackPointExtension>
    </extensions>
   </trkpt>
   <trkpt lat="29.1451550" lon="119.5202940">
    <ele>34.0</ele>
    <time>2022-02-24T13:00:00Z</time>
    <extensions>
     <gpxtpx:TrackPointExtension>
      <gpxtpx:hr>153</gpxtpx:hr>
      <gpxtpx:cad>88</gpxtpx:cad>
     </gpxtpx:TrackPointExtension>
    </extensions>
   </trkpt>
   <trkpt lat="29.1451700" lon="119.5202700">
    <ele>34.0</ele>
    <time>2022-02-24T13:00:01Z</time>
    <extensions>
     <gpxtpx:TrackPointExtension>
      <gpxtpx:hr>153</gpxtpx:hr>
      <gpxtpx:cad>88</gpxtpx:cad>
     </gpxtpx:TrackPointExtension>
    </extensions>
   </trkpt>
   <trkpt lat="29.1451840" lon="119.5202560">
    <ele>34.0</ele>
    <time>2022-02-24T13:00:02Z</time>
    <extensions>
     <gpxtpx:TrackPointExtension>
      <gpxtpx:hr>153</gpxtpx:hr>
      <gpxtpx:cad>88</gpxtpx:cad>
     </gpxtpx:TrackPointExtension>
    </extensions>
   </trkpt>
   <trkpt lat="29.1451970" lon="119.5202300">
    <ele>34.0</ele>
    <time>2022-02-24T13:00:03Z</time>
    <extensions>
     <gpxtpx:TrackPointExtension>
      <gpxtpx:hr>153</gpxtpx:hr>
      <gpxtpx:cad>88</gpxtpx:cad>
     </gpxtpx:TrackPointExtension>
    </extensions>
   </trkpt>
   <trkpt lat="29.1452140" lon="119.5202100">
    <ele>34.0</ele>
    <time>2022-02-24T13:00:04Z</time>
    <extensions>
     <gpxtpx:TrackPointExtension>
      <gpxtpx:hr>153</gpxtpx:hr>
      <gpxtpx:cad>88</gpxtpx:cad>
     </gpxtpx:TrackPointExtension>
    </extensions>
   </trkpt>
   <trkpt lat="29.1452240" lon="119.5201900">
    <ele>34.0</ele>
    <time>2022-02-24T13:00:05Z</time>
    <extensions>
     <gpxtpx:TrackPointExtension>
      <gpxtpx:hr>153</gpxtpx:hr>
      <gpxtpx:cad>88</gpxtpx:cad>
     </gpxtpx:TrackPointExtension>
    </extensions>
   </trkpt>
   <trkpt lat="29.1452390" lon="119.5201640">
    <ele>33.8</ele>
    <time>2022-02-24T13:00:06Z</time>
    <extensions>
     <gpxtpx:TrackPointExtension>
      <gpxtpx:hr>153</gpxtpx:hr>
      <gpxtpx:cad>88</gpxtpx:cad>
     </gpxtpx:TrackPointExtension>
    </extensions>
   </trkpt>
   <trkpt lat="29.1452560" lon="119.5201500">
    <ele>33.8</ele>
    <time>2022-02-24T13:00:07Z</time>
    <extensions>
     <gpxtpx:TrackPointExtension>
      <gpxtpx:hr>153</gpxtpx:hr>
      <gpxtpx:cad>88</gpxtpx:cad>
     </gpxtpx:TrackPointExtension>
    </extensions>
   </trkpt>
   <trkpt lat="29.1452670" lon="119.5201200">
    <ele>33.6</ele>
    <time>2022-02-24T13:00:08Z</time>
    <extensions>
     <gpxtpx:TrackPointExtension>
      <gpxtpx:hr>153</gpxtpx:hr>
      <gpxtpx:cad>88</gpxtpx:cad>
     </gpxtpx:TrackPointExtension>
    </extensions>
   </trkpt>
   <trkpt lat="29.1452800" lon="119.5201000">
    <ele>33.6</ele>
    <time>2022-02-24T13:00:09Z</time>
    <extensions>
     <gpxtpx:TrackPointExtension>
      <gpxtpx:hr>153</gpxtpx:hr>
      <gpxtpx:cad>87</gpxtpx:cad>
     </gpxtpx:TrackPointExtension>
    </extensions>
   </trkpt>
   <trkpt lat="29.1452880" lon="119.5200800">
    <ele>33.3</ele>
    <time>2022-02-24T13:00:10Z</time>
    <extensions>
     <gpxtpx:TrackPointExtension>
      <gpxtpx:hr>154</gpxtpx:hr>
      <gpxtpx:cad>87</gpxtpx:cad>
     </gpxtpx:TrackPointExtension>
    </extensions>
   </trkpt>
   <trkpt lat="29.1452980" lon="119.5200600">
    <ele>33.3</ele>
    <time>2022-02-24T13:00:11Z</time>
    <extensions>
     <gpxtpx:TrackPointExtension>
      <gpxtpx:hr>154</gpxtpx:hr>
      <gpxtpx:cad>87</gpxtpx:cad>
     </gpxtpx:TrackPointExtension>
    </extensions>
   </trkpt>
   <trkpt lat="29.1453060" lon="119.5200350">
    <ele>33.1</ele>
    <time>2022-02-24T13:00:12Z</time>
    <extensions>
     <gpxtpx:TrackPointExtension>
      <gpxtpx:hr>154</gpxtpx:hr>
      <gpxtpx:cad>87</gpxtpx:cad>
     </gpxtpx:TrackPointExtension>
    </extensions>
   </trkpt>
   <trkpt lat="29.1453130" lon="119.5200100">
    <ele>33.1</ele>
    <time>2022-02-24T13:00:13Z</time>
    <extensions>
     <gpxtpx:TrackPointExtension>
      <gpxtpx:hr>154</gpxtpx:hr>
      <gpxtpx:cad>87</gpxtpx:cad>
     </gpxtpx:TrackPointExtension>
    </extensions>
   </trkpt>
   <trkpt lat="29.1453250" lon="119.5200000">
    <ele>32.8</ele>
    <time>2022-02-24T13:00:14Z</time>
    <extensions>
     <gpxtpx:TrackPointExtension>
      <gpxtpx:hr>154</gpxtpx:hr>
      <gpxtpx:cad>87</gpxtpx:cad>
     </gpxtpx:TrackPointExtension>
    </extensions>
   </trkpt>
   <trkpt lat="29.1453320" lon="119.5199700">
    <ele>32.8</ele>
    <time>2022-02-24T13:00:15Z</time>
    <extensions>
     <gpxtpx:TrackPointExtension>
      <gpxtpx:hr>154</gpxtpx:hr>
      <gpxtpx:cad>87</gpxtpx:cad>
     </gpxtpx:TrackPointExtension>
    </extensions>
   </trkpt>
   <trkpt lat="29.1453340" lon="119.5199500">
    <ele>32.6</ele>
    <time>2022-02-24T13:00:16Z</time>
    <extensions>
     <gpxtpx:TrackPointExtension>
      <gpxtpx:hr>154</gpxtpx:hr>
      <gpxtpx:cad>87</gpxtpx:cad>
     </gpxtpx:TrackPointExtension>
    </extensions>
   </trkpt>
   <trkpt lat="29.1453270" lon="119.5199360">
    <ele>32.6</ele>
    <time>2022-02-24T13:00:17Z</time>
    <extensions>
     <gpxtpx:TrackPointExtension>
      <gpxtpx:hr>154</gpxtpx:hr>
      <gpxtpx:cad>87</gpxtpx:cad>
     </gpxtpx:TrackPointExtension>
    </extensions>
   </trkpt>
   <trkpt lat="29.1453150" lon="119.5199360">
    <ele>32.6</ele>
    <time>2022-02-24T13:00:18Z</time>
    <extensions>
     <gpxtpx:TrackPointExtension>
      <gpxtpx:hr>154</gpxtpx:hr>
      <gpxtpx:cad>87</gpxtpx:cad>
     </gpxtpx:TrackPointExtension>
    </extensions>
   </trkpt>
   <trkpt lat="29.1453020" lon="119.5199600">
    <ele>32.6</ele>
    <time>2022-02-24T13:00:19Z</time>
    <extensions>
     <gpxtpx:TrackPointExtension>
      <gpxtpx:hr>154</gpxtpx:hr>
      <gpxtpx:cad>78</gpxtpx:cad>
     </gpxtpx:TrackPointExtension>
    </extensions>
   </trkpt>
   <trkpt lat="29.1452850" lon="119.5199800">
    <ele>32.8</ele>
    <time>2022-02-24T13:00:20Z</time>
    <extensions>
     <gpxtpx:TrackPointExtension>
      <gpxtpx:hr>154</gpxtpx:hr>
      <gpxtpx:cad>78</gpxtpx:cad>
     </gpxtpx:TrackPointExtension>
    </extensions>
   </trkpt>
   <trkpt lat="29.1452700" lon="119.5200040">
    <ele>32.8</ele>
    <time>2022-02-24T13:00:21Z</time>
    <extensions>
     <gpxtpx:TrackPointExtension>
      <gpxtpx:hr>157</gpxtpx:hr>
      <gpxtpx:cad>78</gpxtpx:cad>
     </gpxtpx:TrackPointExtension>
    </extensions>
   </trkpt>
   <trkpt lat="29.1452540" lon="119.5200300">
    <ele>33.1</ele>
    <time>2022-02-24T13:00:22Z</time>
    <extensions>
     <gpxtpx:TrackPointExtension>
      <gpxtpx:hr>157</gpxtpx:hr>
      <gpxtpx:cad>78</gpxtpx:cad>
     </gpxtpx:TrackPointExtension>
    </extensions>
   </trkpt>
   <trkpt lat="29.1452470" lon="119.5200500">
    <ele>33.3</ele>
    <time>2022-02-24T13:00:23Z</time>
    <extensions>
     <gpxtpx:TrackPointExtension>
      <gpxtpx:hr>157</gpxtpx:hr>
      <gpxtpx:cad>78</gpxtpx:cad>
     </gpxtpx:TrackPointExtension>
    </extensions>
   </trkpt>
   <trkpt lat="29.1452390" lon="119.5200700">
    <ele>33.3</ele>
    <time>2022-02-24T13:00:24Z</time>
    <extensions>
     <gpxtpx:TrackPointExtension>
      <gpxtpx:hr>157</gpxtpx:hr>
      <gpxtpx:cad>78</gpxtpx:cad>
     </gpxtpx:TrackPointExtension>
    </extensions>
   </trkpt>
   <trkpt lat="29.1452270" lon="119.5200960">
    <ele>33.6</ele>
    <time>2022-02-24T13:00:25Z</time>
    <extensions>
     <gpxtpx:TrackPointExtension>
      <gpxtpx:hr>157</gpxtpx:hr>
      <gpxtpx:cad>78</gpxtpx:cad>
     </gpxtpx:TrackPointExtension>
    </extensions>
   </trkpt>
   <trkpt lat="29.1452140" lon="119.5201300">
    <ele>33.6</ele>
    <time>2022-02-24T13:00:26Z</time>
    <extensions>
     <gpxtpx:TrackPointExtension>
      <gpxtpx:hr>157</gpxtpx:hr>
      <gpxtpx:cad>78</gpxtpx:cad>
     </gpxtpx:TrackPointExtension>
    </extensions>
   </trkpt>
   <trkpt lat="29.1452030" lon="119.5201600">
    <ele>33.8</ele>
    <time>2022-02-24T13:00:27Z</time>
    <extensions>
     <gpxtpx:TrackPointExtension>
      <gpxtpx:hr>157</gpxtpx:hr>
      <gpxtpx:cad>78</gpxtpx:cad>
     </gpxtpx:TrackPointExtension>
    </extensions>
   </trkpt>
   <trkpt lat="29.1451900" lon="119.5201700">
    <ele>33.8</ele>
    <time>2022-02-24T13:00:28Z</time>
    <extensions>
     <gpxtpx:TrackPointExtension>
      <gpxtpx:hr>157</gpxtpx:hr>
      <gpxtpx:cad>78</gpxtpx:cad>
     </gpxtpx:TrackPointExtension>
    </extensions>
   </trkpt>
   <trkpt lat="29.1451780" lon="119.5201950">
    <ele>34.0</ele>
    <time>2022-02-24T13:00:29Z</time>
    <extensions>
     <gpxtpx:TrackPointExtension>
      <gpxtpx:hr>157</gpxtpx:hr>
      <gpxtpx:cad>83</gpxtpx:cad>
     </gpxtpx:TrackPointExtension>
    </extensions>
   </trkpt>
   <trkpt lat="29.1451660" lon="119.5202200">
    <ele>34.0</ele>
    <time>2022-02-24T13:00:30Z</time>
    <extensions>
     <gpxtpx:TrackPointExtension>
      <gpxtpx:hr>158</gpxtpx:hr>
      <gpxtpx:cad>83</gpxtpx:cad>
     </gpxtpx:TrackPointExtension>
    </extensions>
   </trkpt>
   <trkpt lat="29.1451550" lon="119.5202400">
    <ele>34.0</ele>
    <time>2022-02-24T13:00:31Z</time>
    <extensions>
     <gpxtpx:TrackPointExtension>
      <gpxtpx:hr>158</gpxtpx:hr>
      <gpxtpx:cad>83</gpxtpx:cad>
     </gpxtpx:TrackPointExtension>
    </extensions>
   </trkpt>
   <trkpt lat="29.1451420" lon="119.5202560">
    <ele>34.0</ele>
    <time>2022-02-24T13:00:32Z</time>
    <extensions>
     <gpxtpx:TrackPointExtension>
      <gpxtpx:hr>158</gpxtpx:hr>
      <gpxtpx:cad>83</gpxtpx:cad>
     </gpxtpx:TrackPointExtension>
    </extensions>
   </trkpt>
   <trkpt lat="29.1451340" lon="119.5202900">
    <ele>34.0</ele>
    <time>2022-02-24T13:00:33Z</time>
    <extensions>
     <gpxtpx:TrackPointExtension>
      <gpxtpx:hr>158</gpxtpx:hr>
      <gpxtpx:cad>83</gpxtpx:cad>
     </gpxtpx:TrackPointExtension>
    </extensions>
   </trkpt>
   <trkpt lat="29.1451260" lon="119.5203100">
    <ele>34.0</ele>
    <time>2022-02-24T13:00:34Z</time>
    <extensions>
     <gpxtpx:TrackPointExtension>
      <gpxtpx:hr>158</gpxtpx:hr>
      <gpxtpx:cad>83</gpxtpx:cad>
     </gpxtpx:TrackPointExtension>
    </extensions>
   </trkpt>
   <trkpt lat="29.1451190" lon="119.5203400">
    <ele>34.0</ele>
    <time>2022-02-24T13:00:35Z</time>
    <extensions>
     <gpxtpx:TrackPointExtension>
      <gpxtpx:hr>158</gpxtpx:hr>
      <gpxtpx:cad>83</gpxtpx:cad>
     </gpxtpx:TrackPointExtension>
    </extensions>
   </trkpt>
   <trkpt lat="29.1451070" lon="119.5203600">
    <ele>33.8</ele>
    <time>2022-02-24T13:00:36Z</time>
    <extensions>
     <gpxtpx:TrackPointExtension>
      <gpxtpx:hr>158</gpxtpx:hr>
      <gpxtpx:cad>83</gpxtpx:cad>
     </gpxtpx:TrackPointExtension>
    </extensions>
   </trkpt>
   <trkpt lat="29.1451000" lon="119.5203860">
    <ele>33.8</ele>
    <time>2022-02-24T13:00:37Z</time>
    <extensions>
     <gpxtpx:TrackPointExtension>
      <gpxtpx:hr>158</gpxtpx:hr>
      <gpxtpx:cad>83</gpxtpx:cad>
     </gpxtpx:TrackPointExtension>
    </extensions>
   </trkpt>
   <trkpt lat="29.1450860" lon="119.5204100">
    <ele>33.6</ele>
    <time>2022-02-24T13:00:38Z</time>
    <extensions>
     <gpxtpx:TrackPointExtension>
      <gpxtpx:hr>158</gpxtpx:hr>
      <gpxtpx:cad>83</gpxtpx:cad>
     </gpxtpx:TrackPointExtension>
    </extensions>
   </trkpt>
   <trkpt lat="29.1450710" lon="119.5204300">
    <ele>33.6</ele>
    <time>2022-02-24T13:00:39Z</time>
    <extensions>
     <gpxtpx:TrackPointExtension>
      <gpxtpx:hr>158</gpxtpx:hr>
      <gpxtpx:cad>87</gpxtpx:cad>
     </gpxtpx:TrackPointExtension>
    </extensions>
   </trkpt>
   <trkpt lat="29.1450650" lon="119.5204540">
    <ele>33.3</ele>
    <time>2022-02-24T13:00:40Z</time>
    <extensions>
     <gpxtpx:TrackPointExtension>
      <gpxtpx:hr>160</gpxtpx:hr>
      <gpxtpx:cad>87</gpxtpx:cad>
     </gpxtpx:TrackPointExtension>
    </extensions>
   </trkpt>
   <trkpt lat="29.1450600" lon="119.5204700">
    <ele>33.3</ele>
    <time>2022-02-24T13:00:41Z</time>
    <extensions>
     <gpxtpx:TrackPointExtension>
      <gpxtpx:hr>160</gpxtpx:hr>
      <gpxtpx:cad>87</gpxtpx:cad>
     </gpxtpx:TrackPointExtension>
    </extensions>
   </trkpt>
   <trkpt lat="29.1450540" lon="119.5204900">
    <ele>33.1</ele>
    <time>2022-02-24T13:00:42Z</time>
    <extensions>
     <gpxtpx:TrackPointExtension>
      <gpxtpx:hr>160</gpxtpx:hr>
      <gpxtpx:cad>87</gpxtpx:cad>
     </gpxtpx:TrackPointExtension>
    </extensions>
   </trkpt>
   <trkpt lat="29.1450500" lon="119.5205200">
    <ele>33.1</ele>
    <time>2022-02-24T13:00:43Z</time>
    <extensions>
     <gpxtpx:TrackPointExtension>
      <gpxtpx:hr>160</gpxtpx:hr>
      <gpxtpx:cad>87</gpxtpx:cad>
     </gpxtpx:TrackPointExtension>
    </extensions>
   </trkpt>
   <trkpt lat="29.1450400" lon="119.5205400">
    <ele>32.6</ele>
    <time>2022-02-24T13:00:44Z</time>
    <extensions>
     <gpxtpx:TrackPointExtension>
      <gpxtpx:hr>160</gpxtpx:hr>
      <gpxtpx:cad>87</gpxtpx:cad>
     </gpxtpx:TrackPointExtension>
    </extensions>
   </trkpt>
   <trkpt lat="29.1450310" lon="119.5205500">
    <ele>32.6</ele>
    <time>2022-02-24T13:00:45Z</time>
    <extensions>
     <gpxtpx:TrackPointExtension>
      <gpxtpx:hr>160</gpxtpx:hr>
      <gpxtpx:cad>87</gpxtpx:cad>
     </gpxtpx:TrackPointExtension>
    </extensions>
   </trkpt>
   <trkpt lat="29.1450160" lon="119.5205700">
    <ele>32.1</ele>
    <time>2022-02-24T13:00:46Z</time>
    <extensions>
     <gpxtpx:TrackPointExtension>
      <gpxtpx:hr>160</gpxtpx:hr>
      <gpxtpx:cad>87</gpxtpx:cad>
     </gpxtpx:TrackPointExtension>
    </extensions>
   </trkpt>
   <trkpt lat="29.1450020" lon="119.5205900">
    <ele>32.3</ele>
    <time>2022-02-24T13:00:47Z</time>
    <extensions>
     <gpxtpx:TrackPointExtension>
      <gpxtpx:hr>160</gpxtpx:hr>
      <gpxtpx:cad>87</gpxtpx:cad>
     </gpxtpx:TrackPointExtension>
    </extensions>
   </trkpt>
   <trkpt lat="29.1449930" lon="119.5206150">
    <ele>31.8</ele>
    <time>2022-02-24T13:00:48Z</time>
    <extensions>
     <gpxtpx:TrackPointExtension>
      <gpxtpx:hr>160</gpxtpx:hr>
      <gpxtpx:cad>87</gpxtpx:cad>
     </gpxtpx:TrackPointExtension>
    </extensions>
   </trkpt>
   <trkpt lat="29.1449830" lon="119.5206400">
    <ele>31.8</ele>
    <time>2022-02-24T13:00:49Z</time>
    <extensions>
     <gpxtpx:TrackPointExtension>
      <gpxtpx:hr>160</gpxtpx:hr>
      <gpxtpx:cad>84</gpxtpx:cad>
     </gpxtpx:TrackPointExtension>
    </extensions>
   </trkpt>
   <trkpt lat="29.1449740" lon="119.5206600">
    <ele>31.4</ele>
    <time>2022-02-24T13:00:50Z</time>
    <extensions>
     <gpxtpx:TrackPointExtension>
      <gpxtpx:hr>158</gpxtpx:hr>
      <gpxtpx:cad>84</gpxtpx:cad>
     </gpxtpx:TrackPointExtension>
    </extensions>
   </trkpt>
   <trkpt lat="29.1449620" lon="119.5206800">
    <ele>31.7</ele>
    <time>2022-02-24T13:00:51Z</time>
    <extensions>
     <gpxtpx:TrackPointExtension>
      <gpxtpx:hr>158</gpxtpx:hr>
      <gpxtpx:cad>84</gpxtpx:cad>
     </gpxtpx:TrackPointExtension>
    </extensions>
   </trkpt>
   <trkpt lat="29.1449550" lon="119.5207060">
    <ele>31.3</ele>
    <time>2022-02-24T13:00:52Z</time>
    <extensions>
     <gpxtpx:TrackPointExtension>
      <gpxtpx:hr>158</gpxtpx:hr>
      <gpxtpx:cad>84</gpxtpx:cad>
     </gpxtpx:TrackPointExtension>
    </extensions>
   </trkpt>
   <trkpt lat="29.1449470" lon="119.5207200">
    <ele>31.3</ele>
    <time>2022-02-24T13:00:53Z</time>
    <extensions>
     <gpxtpx:TrackPointExtension>
      <gpxtpx:hr>158</gpxtpx:hr>
      <gpxtpx:cad>84</gpxtpx:cad>
     </gpxtpx:TrackPointExtension>
    </extensions>
   </trkpt>
   <trkpt lat="29.1449410" lon="119.5207400">
    <ele>31.0</ele>
    <time>2022-02-24T13:00:54Z</time>
    <extensions>
     <gpxtpx:TrackPointExtension>
      <gpxtpx:hr>158</gpxtpx:hr>
      <gpxtpx:cad>84</gpxtpx:cad>
     </gpxtpx:TrackPointExtension>
    </extensions>
   </trkpt>
   <trkpt lat="29.1449300" lon="119.5207500">
    <ele>31.0</ele>
    <time>2022-02-24T13:00:55Z</time>
    <extensions>
     <gpxtpx:TrackPointExtension>
      <gpxtpx:hr>158</gpxtpx:hr>
      <gpxtpx:cad>84</gpxtpx:cad>
     </gpxtpx:TrackPointExtension>
    </extensions>
   </trkpt>
   <trkpt lat="29.1449170" lon="119.5207700">
    <ele>31.3</ele>
    <time>2022-02-24T13:00:56Z</time>
    <extensions>
     <gpxtpx:TrackPointExtension>
      <gpxtpx:hr>158</gpxtpx:hr>
      <gpxtpx:cad>84</gpxtpx:cad>
     </gpxtpx:TrackPointExtension>
    </extensions>
   </trkpt>
   <trkpt lat="29.1449010" lon="119.5208000">
    <ele>31.0</ele>
    <time>2022-02-24T13:00:57Z</time>
    <extensions>
     <gpxtpx:TrackPointExtension>
      <gpxtpx:hr>158</gpxtpx:hr>
      <gpxtpx:cad>84</gpxtpx:cad>
     </gpxtpx:TrackPointExtension>
    </extensions>
   </trkpt>
   <trkpt lat="29.1448860" lon="119.5208200">
    <ele>31.5</ele>
    <time>2022-02-24T13:00:59Z</time>
    <extensions>
     <gpxtpx:TrackPointExtension>
      <gpxtpx:hr>158</gpxtpx:hr>
      <gpxtpx:cad>84</gpxtpx:cad>
     </gpxtpx:TrackPointExtension>
    </extensions>
   </trkpt>
   <trkpt lat="29.1448760" lon="119.5208400">
    <ele>31.2</ele>
    <time>2022-02-24T13:01:00Z</time>
    <extensions>
     <gpxtpx:TrackPointExtension>
      <gpxtpx:hr>158</gpxtpx:hr>
      <gpxtpx:cad>85</gpxtpx:cad>
     </gpxtpx:TrackPointExtension>
    </extensions>
   </trkpt>
   <trkpt lat="29.1448760" lon="119.5208400">
    <ele>31.2</ele>
    <time>2022-02-24T13:01:00Z</time>
    <extensions>
     <gpxtpx:TrackPointExtension>
      <gpxtpx:hr>158</gpxtpx:hr>
      <gpxtpx:cad>85</gpxtpx:cad>
     </gpxtpx:TrackPointExtension>
    </extensions>
   </trkpt>
   <trkpt lat="29.1448690" lon="119.5208740">
    <ele>31.2</ele>
    <time>2022-02-24T13:01:01Z</time>
    <extensions>
     <gpxtpx:TrackPointExtension>
      <gpxtpx:hr>158</gpxtpx:hr>
      <gpxtpx:cad>85</gpxtpx:cad>
     </gpxtpx:TrackPointExtension>
    </extensions>
   </trkpt>
   <trkpt lat="29.1448600" lon="119.5208900">
    <ele>31.2</ele>
    <time>2022-02-24T13:01:02Z</time>
    <extensions>
     <gpxtpx:TrackPointExtension>
      <gpxtpx:hr>158</gpxtpx:hr>
      <gpxtpx:cad>85</gpxtpx:cad>
     </gpxtpx:TrackPointExtension>
    </extensions>
   </trkpt>
   <trkpt lat="29.1448570" lon="119.5209200">
    <ele>31.1</ele>
    <time>2022-02-24T13:01:03Z</time>
    <extensions>
     <gpxtpx:TrackPointExtension>
      <gpxtpx:hr>158</gpxtpx:hr>
      <gpxtpx:cad>85</gpxtpx:cad>
     </gpxtpx:TrackPointExtension>
    </extensions>
   </trkpt>
   <trkpt lat="29.1448500" lon="119.5209350">
    <ele>31.5</ele>
    <time>2022-02-24T13:01:04Z</time>
    <extensions>
     <gpxtpx:TrackPointExtension>
      <gpxtpx:hr>158</gpxtpx:hr>
      <gpxtpx:cad>85</gpxtpx:cad>
     </gpxtpx:TrackPointExtension>
    </extensions>
   </trkpt>
   <trkpt lat="29.1448440" lon="119.5209400">
    <ele>31.5</ele>
    <time>2022-02-24T13:01:05Z</time>
    <extensions>
     <gpxtpx:TrackPointExtension>
      <gpxtpx:hr>158</gpxtpx:hr>
      <gpxtpx:cad>85</gpxtpx:cad>
     </gpxtpx:TrackPointExtension>
    </extensions>
   </trkpt>
   <trkpt lat="29.1448330" lon="119.5209600">
    <ele>31.4</ele>
    <time>2022-02-24T13:01:06Z</time>
    <extensions>
     <gpxtpx:TrackPointExtension>
      <gpxtpx:hr>158</gpxtpx:hr>
      <gpxtpx:cad>85</gpxtpx:cad>
     </gpxtpx:TrackPointExtension>
    </extensions>
   </trkpt>
   <trkpt lat="29.1448290" lon="119.5209700">
    <ele>31.4</ele>
    <time>2022-02-24T13:01:07Z</time>
    <extensions>
     <gpxtpx:TrackPointExtension>
      <gpxtpx:hr>158</gpxtpx:hr>
      <gpxtpx:cad>85</gpxtpx:cad>
     </gpxtpx:TrackPointExtension>
    </extensions>
   </trkpt>
   <trkpt lat="29.1448250" lon="119.5209960">
    <ele>31.4</ele>
    <time>2022-02-24T13:01:08Z</time>
    <extensions>
     <gpxtpx:TrackPointExtension>
      <gpxtpx:hr>158</gpxtpx:hr>
      <gpxtpx:cad>85</gpxtpx:cad>
     </gpxtpx:TrackPointExtension>
    </extensions>
   </trkpt>
   <trkpt lat="29.1448200" lon="119.5210100">
    <ele>31.4</ele>
    <time>2022-02-24T13:01:09Z</time>
    <extensions>
     <gpxtpx:TrackPointExtension>
      <gpxtpx:hr>158</gpxtpx:hr>
      <gpxtpx:cad>85</gpxtpx:cad>
     </gpxtpx:TrackPointExtension>
    </extensions>
   </trkpt>
   <trkpt lat="29.1448120" lon="119.5210340">
    <ele>31.6</ele>
    <time>2022-02-24T13:01:10Z</time>
    <extensions>
     <gpxtpx:TrackPointExtension>
      <gpxtpx:hr>158</gpxtpx:hr>
      <gpxtpx:cad>86</gpxtpx:cad>
     </gpxtpx:TrackPointExtension>
    </extensions>
   </trkpt>
   <trkpt lat="29.1448120" lon="119.5210340">
    <ele>31.6</ele>
    <time>2022-02-24T13:01:10Z</time>
    <extensions>
     <gpxtpx:TrackPointExtension>
      <gpxtpx:hr>157</gpxtpx:hr>
      <gpxtpx:cad>86</gpxtpx:cad>
     </gpxtpx:TrackPointExtension>
    </extensions>
   </trkpt>
   <trkpt lat="29.1448060" lon="119.5210500">
    <ele>31.2</ele>
    <time>2022-02-24T13:01:11Z</time>
    <extensions>
     <gpxtpx:TrackPointExtension>
      <gpxtpx:hr>157</gpxtpx:hr>
      <gpxtpx:cad>86</gpxtpx:cad>
     </gpxtpx:TrackPointExtension>
    </extensions>
   </trkpt>
   <trkpt lat="29.1447980" lon="119.5210650">
    <ele>31.2</ele>
    <time>2022-02-24T13:01:12Z</time>
    <extensions>
     <gpxtpx:TrackPointExtension>
      <gpxtpx:hr>157</gpxtpx:hr>
      <gpxtpx:cad>86</gpxtpx:cad>
     </gpxtpx:TrackPointExtension>
    </extensions>
   </trkpt>
   <trkpt lat="29.1447900" lon="119.5210900">
    <ele>30.7</ele>
    <time>2022-02-24T13:01:13Z</time>
    <extensions>
     <gpxtpx:TrackPointExtension>
      <gpxtpx:hr>157</gpxtpx:hr>
      <gpxtpx:cad>86</gpxtpx:cad>
     </gpxtpx:TrackPointExtension>
    </extensions>
   </trkpt>
   <trkpt lat="29.1447870" lon="119.5211100">
    <ele>30.7</ele>
    <time>2022-02-24T13:01:14Z</time>
    <extensions>
     <gpxtpx:TrackPointExtension>
      <gpxtpx:hr>157</gpxtpx:hr>
      <gpxtpx:cad>86</gpxtpx:cad>
     </gpxtpx:TrackPointExtension>
    </extensions>
   </trkpt>
   <trkpt lat="29.1447770" lon="119.5211300">
    <ele>30.5</ele>
    <time>2022-02-24T13:01:15Z</time>
    <extensions>
     <gpxtpx:TrackPointExtension>
      <gpxtpx:hr>157</gpxtpx:hr>
      <gpxtpx:cad>86</gpxtpx:cad>
     </gpxtpx:TrackPointExtension>
    </extensions>
   </trkpt>
   <trkpt lat="29.1447720" lon="119.5211600">
    <ele>30.5</ele>
    <time>2022-02-24T13:01:16Z</time>
    <extensions>
     <gpxtpx:TrackPointExtension>
      <gpxtpx:hr>157</gpxtpx:hr>
      <gpxtpx:cad>86</gpxtpx:cad>
     </gpxtpx:TrackPointExtension>
    </extensions>
   </trkpt>
   <trkpt lat="29.1447620" lon="119.5211800">
    <ele>30.0</ele>
    <time>2022-02-24T13:01:17Z</time>
    <extensions>
     <gpxtpx:TrackPointExtension>
      <gpxtpx:hr>157</gpxtpx:hr>
      <gpxtpx:cad>86</gpxtpx:cad>
     </gpxtpx:TrackPointExtension>
    </extensions>
   </trkpt>
   <trkpt lat="29.1447540" lon="119.5212000">
    <ele>30.0</ele>
    <time>2022-02-24T13:01:18Z</time>
    <extensions>
     <gpxtpx:TrackPointExtension>
      <gpxtpx:hr>157</gpxtpx:hr>
      <gpxtpx:cad>86</gpxtpx:cad>
     </gpxtpx:TrackPointExtension>
    </extensions>
   </trkpt>
   <trkpt lat="29.1447450" lon="119.5212250">
    <ele>29.6</ele>
    <time>2022-02-24T13:01:19Z</time>
    <extensions>
     <gpxtpx:TrackPointExtension>
      <gpxtpx:hr>157</gpxtpx:hr>
      <gpxtpx:cad>86</gpxtpx:cad>
     </gpxtpx:TrackPointExtension>
    </extensions>
   </trkpt>
   <trkpt lat="29.1447350" lon="119.5212500">
    <ele>29.8</ele>
    <time>2022-02-24T13:01:20Z</time>
    <extensions>
     <gpxtpx:TrackPointExtension>
      <gpxtpx:hr>157</gpxtpx:hr>
      <gpxtpx:cad>84</gpxtpx:cad>
     </gpxtpx:TrackPointExtension>
    </extensions>
   </trkpt>
   <trkpt lat="29.1447350" lon="119.5212500">
    <ele>29.8</ele>
    <time>2022-02-24T13:01:20Z</time>
    <extensions>
     <gpxtpx:TrackPointExtension>
      <gpxtpx:hr>154</gpxtpx:hr>
      <gpxtpx:cad>84</gpxtpx:cad>
     </gpxtpx:TrackPointExtension>
    </extensions>
   </trkpt>
   <trkpt lat="29.1447280" lon="119.5212700">
    <ele>29.6</ele>
    <time>2022-02-24T13:01:21Z</time>
    <extensions>
     <gpxtpx:TrackPointExtension>
      <gpxtpx:hr>154</gpxtpx:hr>
      <gpxtpx:cad>84</gpxtpx:cad>
     </gpxtpx:TrackPointExtension>
    </extensions>
   </trkpt>
   <trkpt lat="29.1447180" lon="119.5212900">
    <ele>29.6</ele>
    <time>2022-02-24T13:01:22Z</time>
    <extensions>
     <gpxtpx:TrackPointExtension>
      <gpxtpx:hr>154</gpxtpx:hr>
      <gpxtpx:cad>84</gpxtpx:cad>
     </gpxtpx:TrackPointExtension>
    </extensions>
   </trkpt>
   <trkpt lat="29.1447100" lon="119.5213100">
    <ele>29.3</ele>
    <time>2022-02-24T13:01:23Z</time>
    <extensions>
     <gpxtpx:TrackPointExtension>
      <gpxtpx:hr>154</gpxtpx:hr>
      <gpxtpx:cad>84</gpxtpx:cad>
     </gpxtpx:TrackPointExtension>
    </extensions>
   </trkpt>
   <trkpt lat="29.1447070" lon="119.5213240">
    <ele>29.3</ele>
    <time>2022-02-24T13:01:24Z</time>
    <extensions>
     <gpxtpx:TrackPointExtension>
      <gpxtpx:hr>154</gpxtpx:hr>
      <gpxtpx:cad>84</gpxtpx:cad>
     </gpxtpx:TrackPointExtension>
    </extensions>
   </trkpt>
   <trkpt lat="29.1447010" lon="119.5213400">
    <ele>29.1</ele>
    <time>2022-02-24T13:01:25Z</time>
    <extensions>
     <gpxtpx:TrackPointExtension>
      <gpxtpx:hr>154</gpxtpx:hr>
      <gpxtpx:cad>84</gpxtpx:cad>
     </gpxtpx:TrackPointExtension>
    </extensions>
   </trkpt>
   <trkpt lat="29.1446970" lon="119.5213600">
    <ele>29.1</ele>
    <time>2022-02-24T13:01:26Z</time>
    <extensions>
     <gpxtpx:TrackPointExtension>
      <gpxtpx:hr>154</gpxtpx:hr>
      <gpxtpx:cad>84</gpxtpx:cad>
     </gpxtpx:TrackPointExtension>
    </extensions>
   </trkpt>
   <trkpt lat="29.1446900" lon="119.5213800">
    <ele>28.6</ele>
    <time>2022-02-24T13:01:27Z</time>
    <extensions>
     <gpxtpx:TrackPointExtension>
      <gpxtpx:hr>154</gpxtpx:hr>
      <gpxtpx:cad>84</gpxtpx:cad>
     </gpxtpx:TrackPointExtension>
    </extensions>
   </trkpt>
   <trkpt lat="29.1446820" lon="119.5214000">
    <ele>28.6</ele>
    <time>2022-02-24T13:01:28Z</time>
    <extensions>
     <gpxtpx:TrackPointExtension>
      <gpxtpx:hr>154</gpxtpx:hr>
      <gpxtpx:cad>84</gpxtpx:cad>
     </gpxtpx:TrackPointExtension>
    </extensions>
   </trkpt>
   <trkpt lat="29.1446760" lon="119.5214160">
    <ele>28.6</ele>
    <time>2022-02-24T13:01:29Z</time>
    <extensions>
     <gpxtpx:TrackPointExtension>
      <gpxtpx:hr>154</gpxtpx:hr>
      <gpxtpx:cad>84</gpxtpx:cad>
     </gpxtpx:TrackPointExtension>
    </extensions>
   </trkpt>
   <trkpt lat="29.1446720" lon="119.5214400">
    <ele>28.1</ele>
    <time>2022-02-24T13:01:30Z</time>
    <extensions>
     <gpxtpx:TrackPointExtension>
      <gpxtpx:hr>154</gpxtpx:hr>
      <gpxtpx:cad>84</gpxtpx:cad>
     </gpxtpx:TrackPointExtension>
    </extensions>
   </trkpt>
   <trkpt lat="29.1446720" lon="119.5214400">
    <ele>28.1</ele>
    <time>2022-02-24T13:01:30Z</time>
    <extensions>
     <gpxtpx:TrackPointExtension>
      <gpxtpx:hr>154</gpxtpx:hr>
      <gpxtpx:cad>84</gpxtpx:cad>
     </gpxtpx:TrackPointExtension>
    </extensions>
   </trkpt>
   <trkpt lat="29.1446670" lon="119.5214600">
    <ele>28.1</ele>
    <time>2022-02-24T13:01:31Z</time>
    <extensions>
     <gpxtpx:TrackPointExtension>
      <gpxtpx:hr>154</gpxtpx:hr>
      <gpxtpx:cad>84</gpxtpx:cad>
     </gpxtpx:TrackPointExtension>
    </extensions>
   </trkpt>
   <trkpt lat="29.1446630" lon="119.5214800">
    <ele>27.6</ele>
    <time>2022-02-24T13:01:32Z</time>
    <extensions>
     <gpxtpx:TrackPointExtension>
      <gpxtpx:hr>154</gpxtpx:hr>
      <gpxtpx:cad>84</gpxtpx:cad>
     </gpxtpx:TrackPointExtension>
    </extensions>
   </trkpt>
   <trkpt lat="29.1446550" lon="119.5215000">
    <ele>27.6</ele>
    <time>2022-02-24T13:01:33Z</time>
    <extensions>
     <gpxtpx:TrackPointExtension>
      <gpxtpx:hr>154</gpxtpx:hr>
      <gpxtpx:cad>84</gpxtpx:cad>
     </gpxtpx:TrackPointExtension>
    </extensions>
   </trkpt>
   <trkpt lat="29.1446510" lon="119.5215200">
    <ele>27.1</ele>
    <time>2022-02-24T13:01:34Z</time>
    <extensions>
     <gpxtpx:TrackPointExtension>
      <gpxtpx:hr>154</gpxtpx:hr>
      <gpxtpx:cad>84</gpxtpx:cad>
     </gpxtpx:TrackPointExtension>
    </extensions>
   </trkpt>
   <trkpt lat="29.1446480" lon="119.5215450">
    <ele>27.1</ele>
    <time>2022-02-24T13:01:35Z</time>
    <extensions>
     <gpxtpx:TrackPointExtension>
      <gpxtpx:hr>154</gpxtpx:hr>
      <gpxtpx:cad>84</gpxtpx:cad>
     </gpxtpx:TrackPointExtension>
    </extensions>
   </trkpt>
   <trkpt lat="29.1446420" lon="119.5215700">
    <ele>26.9</ele>
    <time>2022-02-24T13:01:36Z</time>
    <extensions>
     <gpxtpx:TrackPointExtension>
      <gpxtpx:hr>154</gpxtpx:hr>
      <gpxtpx:cad>84</gpxtpx:cad>
     </gpxtpx:TrackPointExtension>
    </extensions>
   </trkpt>
   <trkpt lat="29.1446300" lon="119.5215800">
    <ele>26.9</ele>
    <time>2022-02-24T13:01:37Z</time>
    <extensions>
     <gpxtpx:TrackPointExtension>
      <gpxtpx:hr>154</gpxtpx:hr>
      <gpxtpx:cad>84</gpxtpx:cad>
     </gpxtpx:TrackPointExtension>
    </extensions>
   </trkpt>
   <trkpt lat="29.1446190" lon="119.5216000">
    <ele>26.9</ele>
    <time>2022-02-24T13:01:38Z</time>
    <extensions>
     <gpxtpx:TrackPointExtension>
      <gpxtpx:hr>154</gpxtpx:hr>
      <gpxtpx:cad>84</gpxtpx:cad>
     </gpxtpx:TrackPointExtension>
    </extensions>
   </trkpt>
   <trkpt lat="29.1446040" lon="119.5216200">
    <ele>26.9</ele>
    <time>2022-02-24T13:01:39Z</time>
    <extensions>
     <gpxtpx:TrackPointExtension>
      <gpxtpx:hr>154</gpxtpx:hr>
      <gpxtpx:cad>84</gpxtpx:cad>
     </gpxtpx:TrackPointExtension>
    </extensions>
   </trkpt>
   <trkpt lat="29.1445900" lon="119.5216450">
    <ele>27.1</ele>
    <time>2022-02-24T13:01:40Z</time>
    <extensions>
     <gpxtpx:TrackPointExtension>
      <gpxtpx:hr>154</gpxtpx:hr>
      <gpxtpx:cad>84</gpxtpx:cad>
     </gpxtpx:TrackPointExtension>
    </extensions>
   </trkpt>
   <trkpt lat="29.1445900" lon="119.5216450">
    <ele>27.1</ele>
    <time>2022-02-24T13:01:40Z</time>
    <extensions>
     <gpxtpx:TrackPointExtension>
      <gpxtpx:hr>151</gpxtpx:hr>
      <gpxtpx:cad>84</gpxtpx:cad>
     </gpxtpx:TrackPointExtension>
    </extensions>
   </trkpt>
   <trkpt lat="29.1445730" lon="119.5216700">
    <ele>27.1</ele>
    <time>2022-02-24T13:01:41Z</time>
    <extensions>
     <gpxtpx:TrackPointExtension>
      <gpxtpx:hr>151</gpxtpx:hr>
      <gpxtpx:cad>84</gpxtpx:cad>
     </gpxtpx:TrackPointExtension>
    </extensions>
   </trkpt>
   <trkpt lat="29.1445670" lon="119.5216900">
    <ele>27.1</ele>
    <time>2022-02-24T13:01:42Z</time>
    <extensions>
     <gpxtpx:TrackPointExtension>
      <gpxtpx:hr>151</gpxtpx:hr>
      <gpxtpx:cad>84</gpxtpx:cad>
     </gpxtpx:TrackPointExtension>
    </extensions>
   </trkpt>
   <trkpt lat="29.1445620" lon="119.5217100">
    <ele>27.1</ele>
    <time>2022-02-24T13:01:43Z</time>
    <extensions>
     <gpxtpx:TrackPointExtension>
      <gpxtpx:hr>151</gpxtpx:hr>
      <gpxtpx:cad>84</gpxtpx:cad>
     </gpxtpx:TrackPointExtension>
    </extensions>
   </trkpt>
   <trkpt lat="29.1445560" lon="119.5217360">
    <ele>27.3</ele>
    <time>2022-02-24T13:01:44Z</time>
    <extensions>
     <gpxtpx:TrackPointExtension>
      <gpxtpx:hr>151</gpxtpx:hr>
      <gpxtpx:cad>84</gpxtpx:cad>
     </gpxtpx:TrackPointExtension>
    </extensions>
   </trkpt>
   <trkpt lat="29.1445520" lon="119.5217600">
    <ele>27.6</ele>
    <time>2022-02-24T13:01:45Z</time>
    <extensions>
     <gpxtpx:TrackPointExtension>
      <gpxtpx:hr>151</gpxtpx:hr>
      <gpxtpx:cad>84</gpxtpx:cad>
     </gpxtpx:TrackPointExtension>
    </extensions>
   </trkpt>
   <trkpt lat="29.1445500" lon="119.5217800">
    <ele>27.9</ele>
    <time>2022-02-24T13:01:46Z</time>
    <extensions>
     <gpxtpx:TrackPointExtension>
      <gpxtpx:hr>151</gpxtpx:hr>
      <gpxtpx:cad>84</gpxtpx:cad>
     </gpxtpx:TrackPointExtension>
    </extensions>
   </trkpt>
   <trkpt lat="29.1445450" lon="119.5218050">
    <ele>27.9</ele>
    <time>2022-02-24T13:01:47Z</time>
    <extensions>
     <gpxtpx:TrackPointExtension>
      <gpxtpx:hr>151</gpxtpx:hr>
      <gpxtpx:cad>84</gpxtpx:cad>
     </gpxtpx:TrackPointExtension>
    </extensions>
   </trkpt>
   <trkpt lat="29.1445400" lon="119.5218300">
    <ele>28.2</ele>
    <time>2022-02-24T13:01:48Z</time>
    <extensions>
     <gpxtpx:TrackPointExtension>
      <gpxtpx:hr>151</gpxtpx:hr>
      <gpxtpx:cad>84</gpxtpx:cad>
     </gpxtpx:TrackPointExtension>
    </extensions>
   </trkpt>
   <trkpt lat="29.1445350" lon="119.5218500">
    <ele>28.2</ele>
    <time>2022-02-24T13:01:49Z</time>
    <extensions>
     <gpxtpx:TrackPointExtension>
      <gpxtpx:hr>151</gpxtpx:hr>
      <gpxtpx:cad>84</gpxtpx:cad>
     </gpxtpx:TrackPointExtension>
    </extensions>
   </trkpt>
   <trkpt lat="29.1445310" lon="119.5218700">
    <ele>28.6</ele>
    <time>2022-02-24T13:01:50Z</time>
    <extensions>
     <gpxtpx:TrackPointExtension>
      <gpxtpx:hr>151</gpxtpx:hr>
      <gpxtpx:cad>83</gpxtpx:cad>
     </gpxtpx:TrackPointExtension>
    </extensions>
   </trkpt>
   <trkpt lat="29.1445310" lon="119.5218700">
    <ele>28.6</ele>
    <time>2022-02-24T13:01:50Z</time>
    <extensions>
     <gpxtpx:TrackPointExtension>
      <gpxtpx:hr>152</gpxtpx:hr>
      <gpxtpx:cad>83</gpxtpx:cad>
     </gpxtpx:TrackPointExtension>
    </extensions>
   </trkpt>
   <trkpt lat="29.1445260" lon="119.5219000">
    <ele>28.8</ele>
    <time>2022-02-24T13:01:51Z</time>
    <extensions>
     <gpxtpx:TrackPointExtension>
      <gpxtpx:hr>152</gpxtpx:hr>
      <gpxtpx:cad>83</gpxtpx:cad>
     </gpxtpx:TrackPointExtension>
    </extensions>
   </trkpt>
   <trkpt lat="29.1445160" lon="119.5219200">
    <ele>28.8</ele>
    <time>2022-02-24T13:01:52Z</time>
    <extensions>
     <gpxtpx:TrackPointExtension>
      <gpxtpx:hr>152</gpxtpx:hr>
      <gpxtpx:cad>83</gpxtpx:cad>
     </gpxtpx:TrackPointExtension>
    </extensions>
   </trkpt>
   <trkpt lat="29.1445100" lon="119.5219350">
    <ele>29.3</ele>
    <time>2022-02-24T13:01:53Z</time>
    <extensions>
     <gpxtpx:TrackPointExtension>
      <gpxtpx:hr>152</gpxtpx:hr>
      <gpxtpx:cad>83</gpxtpx:cad>
     </gpxtpx:TrackPointExtension>
    </extensions>
   </trkpt>
   <trkpt lat="29.1445000" lon="119.5219600">
    <ele>29.6</ele>
    <time>2022-02-24T13:01:54Z</time>
    <extensions>
     <gpxtpx:TrackPointExtension>
      <gpxtpx:hr>152</gpxtpx:hr>
      <gpxtpx:cad>83</gpxtpx:cad>
     </gpxtpx:TrackPointExtension>
    </extensions>
   </trkpt>
   <trkpt lat="29.1444900" lon="119.5219800">
    <ele>29.6</ele>
    <time>2022-02-24T13:01:55Z</time>
    <extensions>
     <gpxtpx:TrackPointExtension>
      <gpxtpx:hr>152</gpxtpx:hr>
      <gpxtpx:cad>83</gpxtpx:cad>
     </gpxtpx:TrackPointExtension>
    </extensions>
   </trkpt>
   <trkpt lat="29.1444820" lon="119.5219960">
    <ele>29.8</ele>
    <time>2022-02-24T13:01:56Z</time>
    <extensions>
     <gpxtpx:TrackPointExtension>
      <gpxtpx:hr>152</gpxtpx:hr>
      <gpxtpx:cad>83</gpxtpx:cad>
     </gpxtpx:TrackPointExtension>
    </extensions>
   </trkpt>
   <trkpt lat="29.1444660" lon="119.5220200">
    <ele>30.3</ele>
    <time>2022-02-24T13:01:57Z</time>
    <extensions>
     <gpxtpx:TrackPointExtension>
      <gpxtpx:hr>152</gpxtpx:hr>
      <gpxtpx:cad>83</gpxtpx:cad>
     </gpxtpx:TrackPointExtension>
    </extensions>
   </trkpt>
   <trkpt lat="29.1444570" lon="119.5220300">
    <ele>30.6</ele>
    <time>2022-02-24T13:01:58Z</time>
    <extensions>
     <gpxtpx:TrackPointExtension>
      <gpxtpx:hr>152</gpxtpx:hr>
      <gpxtpx:cad>83</gpxtpx:cad>
     </gpxtpx:TrackPointExtension>
    </extensions>
   </trkpt>
   <trkpt lat="29.1444500" lon="119.5220600">
    <ele>30.6</ele>
    <time>2022-02-24T13:01:59Z</time>
    <extensions>
     <gpxtpx:TrackPointExtension>
      <gpxtpx:hr>152</gpxtpx:hr>
      <gpxtpx:cad>83</gpxtpx:cad>
     </gpxtpx:TrackPointExtension>
    </extensions>
   </trkpt>
   <trkpt lat="29.1444420" lon="119.5220700">
    <ele>30.7</ele>
    <time>2022-02-24T13:02:00Z</time>
    <extensions>
     <gpxtpx:TrackPointExtension>
      <gpxtpx:hr>152</gpxtpx:hr>
      <gpxtpx:cad>77</gpxtpx:cad>
     </gpxtpx:TrackPointExtension>
    </extensions>
   </trkpt>
   <trkpt lat="29.1444420" lon="119.5220700">
    <ele>30.7</ele>
    <time>2022-02-24T13:02:00Z</time>
    <extensions>
     <gpxtpx:TrackPointExtension>
      <gpxtpx:hr>153</gpxtpx:hr>
      <gpxtpx:cad>77</gpxtpx:cad>
     </gpxtpx:TrackPointExtension>
    </extensions>
   </trkpt>
   <trkpt lat="29.1444320" lon="119.5220950">
    <ele>31.1</ele>
    <time>2022-02-24T13:02:01Z</time>
    <extensions>
     <gpxtpx:TrackPointExtension>
      <gpxtpx:hr>153</gpxtpx:hr>
      <gpxtpx:cad>77</gpxtpx:cad>
     </gpxtpx:TrackPointExtension>
    </extensions>
   </trkpt>
   <trkpt lat="29.1444280" lon="119.5221200">
    <ele>31.1</ele>
    <time>2022-02-24T13:02:02Z</time>
    <extensions>
     <gpxtpx:TrackPointExtension>
      <gpxtpx:hr>153</gpxtpx:hr>
      <gpxtpx:cad>77</gpxtpx:cad>
     </gpxtpx:TrackPointExtension>
    </extensions>
   </trkpt>
   <trkpt lat="29.1444280" lon="119.5221300">
    <ele>31.1</ele>
    <time>2022-02-24T13:02:03Z</time>
    <extensions>
     <gpxtpx:TrackPointExtension>
      <gpxtpx:hr>153</gpxtpx:hr>
      <gpxtpx:cad>77</gpxtpx:cad>
     </gpxtpx:TrackPointExtension>
    </extensions>
   </trkpt>
   <trkpt lat="29.1444260" lon="119.5221560">
    <ele>31.1</ele>
    <time>2022-02-24T13:02:04Z</time>
    <extensions>
     <gpxtpx:TrackPointExtension>
      <gpxtpx:hr>153</gpxtpx:hr>
      <gpxtpx:cad>77</gpxtpx:cad>
     </gpxtpx:TrackPointExtension>
    </extensions>
   </trkpt>
   <trkpt lat="29.1444230" lon="119.5221800">
    <ele>31.1</ele>
    <time>2022-02-24T13:02:05Z</time>
    <extensions>
     <gpxtpx:TrackPointExtension>
      <gpxtpx:hr>153</gpxtpx:hr>
      <gpxtpx:cad>77</gpxtpx:cad>
     </gpxtpx:TrackPointExtension>
    </extensions>
   </trkpt>
   <trkpt lat="29.1444150" lon="119.5222100">
    <ele>31.1</ele>
    <time>2022-02-24T13:02:06Z</time>
    <extensions>
     <gpxtpx:TrackPointExtension>
      <gpxtpx:hr>153</gpxtpx:hr>
      <gpxtpx:cad>77</gpxtpx:cad>
     </gpxtpx:TrackPointExtension>
    </extensions>
   </trkpt>
   <trkpt lat="29.1444100" lon="119.5222300">
    <ele>31.1</ele>
    <time>2022-02-24T13:02:07Z</time>
    <extensions>
     <gpxtpx:TrackPointExtension>
      <gpxtpx:hr>153</gpxtpx:hr>
      <gpxtpx:cad>77</gpxtpx:cad>
     </gpxtpx:TrackPointExtension>
    </extensions>
   </trkpt>
   <trkpt lat="29.1444030" lon="119.5222550">
    <ele>30.9</ele>
    <time>2022-02-24T13:02:08Z</time>
    <extensions>
     <gpxtpx:TrackPointExtension>
      <gpxtpx:hr>153</gpxtpx:hr>
      <gpxtpx:cad>77</gpxtpx:cad>
     </gpxtpx:TrackPointExtension>
    </extensions>
   </trkpt>
   <trkpt lat="29.1444000" lon="119.5222800">
    <ele>31.2</ele>
    <time>2022-02-24T13:02:09Z</time>
    <extensions>
     <gpxtpx:TrackPointExtension>
      <gpxtpx:hr>153</gpxtpx:hr>
      <gpxtpx:cad>77</gpxtpx:cad>
     </gpxtpx:TrackPointExtension>
    </extensions>
   </trkpt>
   <trkpt lat="29.1443940" lon="119.5223100">
    <ele>30.9</ele>
    <time>2022-02-24T13:02:10Z</time>
    <extensions>
     <gpxtpx:TrackPointExtension>
      <gpxtpx:hr>153</gpxtpx:hr>
      <gpxtpx:cad>85</gpxtpx:cad>
     </gpxtpx:TrackPointExtension>
    </extensions>
   </trkpt>
   <trkpt lat="29.1443940" lon="119.5223100">
    <ele>30.9</ele>
    <time>2022-02-24T13:02:10Z</time>
    <extensions>
     <gpxtpx:TrackPointExtension>
      <gpxtpx:hr>155</gpxtpx:hr>
      <gpxtpx:cad>85</gpxtpx:cad>
     </gpxtpx:TrackPointExtension>
    </extensions>
   </trkpt>
   <trkpt lat="29.1443900" lon="119.5223300">
    <ele>30.7</ele>
    <time>2022-02-24T13:02:11Z</time>
    <extensions>
     <gpxtpx:TrackPointExtension>
      <gpxtpx:hr>155</gpxtpx:hr>
      <gpxtpx:cad>85</gpxtpx:cad>
     </gpxtpx:TrackPointExtension>
    </extensions>
   </trkpt>
   <trkpt lat="29.1443860" lon="119.5223540">
    <ele>30.7</ele>
    <time>2022-02-24T13:02:12Z</time>
    <extensions>
     <gpxtpx:TrackPointExtension>
      <gpxtpx:hr>155</gpxtpx:hr>
      <gpxtpx:cad>85</gpxtpx:cad>
     </gpxtpx:TrackPointExtension>
    </extensions>
   </trkpt>
   <trkpt lat="29.1443820" lon="119.5223850">
    <ele>30.4</ele>
    <time>2022-02-24T13:02:13Z</time>
    <extensions>
     <gpxtpx:TrackPointExtension>
      <gpxtpx:hr>155</gpxtpx:hr>
      <gpxtpx:cad>85</gpxtpx:cad>
     </gpxtpx:TrackPointExtension>
    </extensions>
   </trkpt>
   <trkpt lat="29.1443820" lon="119.5224150">
    <ele>30.3</ele>
    <time>2022-02-24T13:02:14Z</time>
    <extensions>
     <gpxtpx:TrackPointExtension>
      <gpxtpx:hr>155</gpxtpx:hr>
      <gpxtpx:cad>85</gpxtpx:cad>
     </gpxtpx:TrackPointExtension>
    </extensions>
   </trkpt>
   <trkpt lat="29.1443790" lon="119.5224460">
    <ele>30.3</ele>
    <time>2022-02-24T13:02:15Z</time>
    <extensions>
     <gpxtpx:TrackPointExtension>
      <gpxtpx:hr>155</gpxtpx:hr>
      <gpxtpx:cad>85</gpxtpx:cad>
     </gpxtpx:TrackPointExtension>
    </extensions>
   </trkpt>
   <trkpt lat="29.1443750" lon="119.5224800">
    <ele>30.3</ele>
    <time>2022-02-24T13:02:16Z</time>
    <extensions>
     <gpxtpx:TrackPointExtension>
      <gpxtpx:hr>155</gpxtpx:hr>
      <gpxtpx:cad>85</gpxtpx:cad>
     </gpxtpx:TrackPointExtension>
    </extensions>
   </trkpt>
   <trkpt lat="29.1443710" lon="119.5225000">
    <ele>30.3</ele>
    <time>2022-02-24T13:02:17Z</time>
    <extensions>
     <gpxtpx:TrackPointExtension>
      <gpxtpx:hr>155</gpxtpx:hr>
      <gpxtpx:cad>85</gpxtpx:cad>
     </gpxtpx:TrackPointExtension>
    </extensions>
   </trkpt>
   <trkpt lat="29.1443700" lon="119.5225300">
    <ele>30.3</ele>
    <time>2022-02-24T13:02:18Z</time>
    <extensions>
     <gpxtpx:TrackPointExtension>
      <gpxtpx:hr>155</gpxtpx:hr>
      <gpxtpx:cad>85</gpxtpx:cad>
     </gpxtpx:TrackPointExtension>
    </extensions>
   </trkpt>
   <trkpt lat="29.1443650" lon="119.5225500">
    <ele>30.6</ele>
    <time>2022-02-24T13:02:19Z</time>
    <extensions>
     <gpxtpx:TrackPointExtension>
      <gpxtpx:hr>155</gpxtpx:hr>
      <gpxtpx:cad>85</gpxtpx:cad>
     </gpxtpx:TrackPointExtension>
    </extensions>
   </trkpt>
   <trkpt lat="29.1443600" lon="119.5225750">
    <ele>30.6</ele>
    <time>2022-02-24T13:02:20Z</time>
    <extensions>
     <gpxtpx:TrackPointExtension>
      <gpxtpx:hr>155</gpxtpx:hr>
      <gpxtpx:cad>83</gpxtpx:cad>
     </gpxtpx:TrackPointExtension>
    </extensions>
   </trkpt>
   <trkpt lat="29.1443600" lon="119.5225750">
    <ele>30.6</ele>
    <time>2022-02-24T13:02:20Z</time>
    <extensions>
     <gpxtpx:TrackPointExtension>
      <gpxtpx:hr>158</gpxtpx:hr>
      <gpxtpx:cad>83</gpxtpx:cad>
     </gpxtpx:TrackPointExtension>
    </extensions>
   </trkpt>
   <trkpt lat="29.1443520" lon="119.5226000">
    <ele>30.6</ele>
    <time>2022-02-24T13:02:21Z</time>
    <extensions>
     <gpxtpx:TrackPointExtension>
      <gpxtpx:hr>158</gpxtpx:hr>
      <gpxtpx:cad>84</gpxtpx:cad>
     </gpxtpx:TrackPointExtension>
    </extensions>
   </trkpt>
   <trkpt lat="29.1443460" lon="119.5226300">
    <ele>30.6</ele>
    <time>2022-02-24T13:02:22Z</time>
    <extensions>
     <gpxtpx:TrackPointExtension>
      <gpxtpx:hr>158</gpxtpx:hr>
      <gpxtpx:cad>84</gpxtpx:cad>
     </gpxtpx:TrackPointExtension>
    </extensions>
   </trkpt>
   <trkpt lat="29.1443420" lon="119.5226440">
    <ele>30.6</ele>
    <time>2022-02-24T13:02:23Z</time>
    <extensions>
     <gpxtpx:TrackPointExtension>
      <gpxtpx:hr>158</gpxtpx:hr>
      <gpxtpx:cad>84</gpxtpx:cad>
     </gpxtpx:TrackPointExtension>
    </extensions>
   </trkpt>
   <trkpt lat="29.1443370" lon="119.5226700">
    <ele>30.6</ele>
    <time>2022-02-24T13:02:24Z</time>
    <extensions>
     <gpxtpx:TrackPointExtension>
      <gpxtpx:hr>158</gpxtpx:hr>
      <gpxtpx:cad>84</gpxtpx:cad>
     </gpxtpx:TrackPointExtension>
    </extensions>
   </trkpt>
   <trkpt lat="29.1443330" lon="119.5226900">
    <ele>30.6</ele>
    <time>2022-02-24T13:02:25Z</time>
    <extensions>
     <gpxtpx:TrackPointExtension>
      <gpxtpx:hr>158</gpxtpx:hr>
      <gpxtpx:cad>84</gpxtpx:cad>
     </gpxtpx:TrackPointExtension>
    </extensions>
   </trkpt>
   <trkpt lat="29.1443300" lon="119.5227100">
    <ele>30.6</ele>
    <time>2022-02-24T13:02:26Z</time>
    <extensions>
     <gpxtpx:TrackPointExtension>
      <gpxtpx:hr>158</gpxtpx:hr>
      <gpxtpx:cad>84</gpxtpx:cad>
     </gpxtpx:TrackPointExtension>
    </extensions>
   </trkpt>
   <trkpt lat="29.1443270" lon="119.5227360">
    <ele>30.8</ele>
    <time>2022-02-24T13:02:27Z</time>
    <extensions>
     <gpxtpx:TrackPointExtension>
      <gpxtpx:hr>158</gpxtpx:hr>
      <gpxtpx:cad>84</gpxtpx:cad>
     </gpxtpx:TrackPointExtension>
    </extensions>
   </trkpt>
   <trkpt lat="29.1443250" lon="119.5227500">
    <ele>30.8</ele>
    <time>2022-02-24T13:02:28Z</time>
    <extensions>
     <gpxtpx:TrackPointExtension>
      <gpxtpx:hr>158</gpxtpx:hr>
      <gpxtpx:cad>84</gpxtpx:cad>
     </gpxtpx:TrackPointExtension>
    </extensions>
   </trkpt>
   <trkpt lat="29.1443210" lon="119.5227700">
    <ele>31.0</ele>
    <time>2022-02-24T13:02:29Z</time>
    <extensions>
     <gpxtpx:TrackPointExtension>
      <gpxtpx:hr>158</gpxtpx:hr>
      <gpxtpx:cad>84</gpxtpx:cad>
     </gpxtpx:TrackPointExtension>
    </extensions>
   </trkpt>
   <trkpt lat="29.1443120" lon="119.5228000">
    <ele>31.2</ele>
    <time>2022-02-24T13:02:30Z</time>
    <extensions>
     <gpxtpx:TrackPointExtension>
      <gpxtpx:hr>158</gpxtpx:hr>
      <gpxtpx:cad>85</gpxtpx:cad>
     </gpxtpx:TrackPointExtension>
    </extensions>
   </trkpt>
   <trkpt lat="29.1443120" lon="119.5228000">
    <ele>31.2</ele>
    <time>2022-02-24T13:02:30Z</time>
    <extensions>
     <gpxtpx:TrackPointExtension>
      <gpxtpx:hr>157</gpxtpx:hr>
      <gpxtpx:cad>85</gpxtpx:cad>
     </gpxtpx:TrackPointExtension>
    </extensions>
   </trkpt>
   <trkpt lat="29.1443060" lon="119.5228100">
    <ele>31.2</ele>
    <time>2022-02-24T13:02:31Z</time>
    <extensions>
     <gpxtpx:TrackPointExtension>
      <gpxtpx:hr>157</gpxtpx:hr>
      <gpxtpx:cad>85</gpxtpx:cad>
     </gpxtpx:TrackPointExtension>
    </extensions>
   </trkpt>
   <trkpt lat="29.1442990" lon="119.5228350">
    <ele>31.2</ele>
    <time>2022-02-24T13:02:32Z</time>
    <extensions>
     <gpxtpx:TrackPointExtension>
      <gpxtpx:hr>157</gpxtpx:hr>
      <gpxtpx:cad>85</gpxtpx:cad>
     </gpxtpx:TrackPointExtension>
    </extensions>
   </trkpt>
   <trkpt lat="29.1442950" lon="119.5228600">
    <ele>31.4</ele>
    <time>2022-02-24T13:02:33Z</time>
    <extensions>
     <gpxtpx:TrackPointExtension>
      <gpxtpx:hr>157</gpxtpx:hr>
      <gpxtpx:cad>85</gpxtpx:cad>
     </gpxtpx:TrackPointExtension>
    </extensions>
   </trkpt>
   <trkpt lat="29.1442930" lon="119.5228800">
    <ele>31.4</ele>
    <time>2022-02-24T13:02:34Z</time>
    <extensions>
     <gpxtpx:TrackPointExtension>
      <gpxtpx:hr>157</gpxtpx:hr>
      <gpxtpx:cad>85</gpxtpx:cad>
     </gpxtpx:TrackPointExtension>
    </extensions>
   </trkpt>
   <trkpt lat="29.1442870" lon="119.5228960">
    <ele>32.0</ele>
    <time>2022-02-24T13:02:35Z</time>
    <extensions>
     <gpxtpx:TrackPointExtension>
      <gpxtpx:hr>157</gpxtpx:hr>
      <gpxtpx:cad>85</gpxtpx:cad>
     </gpxtpx:TrackPointExtension>
    </extensions>
   </trkpt>
   <trkpt lat="29.1442810" lon="119.5229100">
    <ele>32.0</ele>
    <time>2022-02-24T13:02:36Z</time>
    <extensions>
     <gpxtpx:TrackPointExtension>
      <gpxtpx:hr>157</gpxtpx:hr>
      <gpxtpx:cad>85</gpxtpx:cad>
     </gpxtpx:TrackPointExtension>
    </extensions>
   </trkpt>
   <trkpt lat="29.1442700" lon="119.5229340">
    <ele>32.2</ele>
    <time>2022-02-24T13:02:37Z</time>
    <extensions>
     <gpxtpx:TrackPointExtension>
      <gpxtpx:hr>157</gpxtpx:hr>
      <gpxtpx:cad>85</gpxtpx:cad>
     </gpxtpx:TrackPointExtension>
    </extensions>
   </trkpt>
   <trkpt lat="29.1442640" lon="119.5229640">
    <ele>32.2</ele>
    <time>2022-02-24T13:02:38Z</time>
    <extensions>
     <gpxtpx:TrackPointExtension>
      <gpxtpx:hr>157</gpxtpx:hr>
      <gpxtpx:cad>85</gpxtpx:cad>
     </gpxtpx:TrackPointExtension>
    </extensions>
   </trkpt>
   <trkpt lat="29.1442580" lon="119.5229950">
    <ele>32.5</ele>
    <time>2022-02-24T13:02:39Z</time>
    <extensions>
     <gpxtpx:TrackPointExtension>
      <gpxtpx:hr>157</gpxtpx:hr>
      <gpxtpx:cad>85</gpxtpx:cad>
     </gpxtpx:TrackPointExtension>
    </extensions>
   </trkpt>
   <trkpt lat="29.1442550" lon="119.5230100">
    <ele>32.5</ele>
    <time>2022-02-24T13:02:40Z</time>
    <extensions>
     <gpxtpx:TrackPointExtension>
      <gpxtpx:hr>157</gpxtpx:hr>
      <gpxtpx:cad>83</gpxtpx:cad>
     </gpxtpx:TrackPointExtension>
    </extensions>
   </trkpt>
   <trkpt lat="29.1442550" lon="119.5230100">
    <ele>32.5</ele>
    <time>2022-02-24T13:02:40Z</time>
    <extensions>
     <gpxtpx:TrackPointExtension>
      <gpxtpx:hr>156</gpxtpx:hr>
      <gpxtpx:cad>83</gpxtpx:cad>
     </gpxtpx:TrackPointExtension>
    </extensions>
   </trkpt>
   <trkpt lat="29.1442530" lon="119.5230300">
    <ele>32.7</ele>
    <time>2022-02-24T13:02:41Z</time>
    <extensions>
     <gpxtpx:TrackPointExtension>
      <gpxtpx:hr>156</gpxtpx:hr>
      <gpxtpx:cad>83</gpxtpx:cad>
     </gpxtpx:TrackPointExtension>
    </extensions>
   </trkpt>
   <trkpt lat="29.1442470" lon="119.5230500">
    <ele>32.8</ele>
    <time>2022-02-24T13:02:42Z</time>
    <extensions>
     <gpxtpx:TrackPointExtension>
      <gpxtpx:hr>156</gpxtpx:hr>
      <gpxtpx:cad>83</gpxtpx:cad>
     </gpxtpx:TrackPointExtension>
    </extensions>
   </trkpt>
   <trkpt lat="29.1442400" lon="119.5230600">
    <ele>32.9</ele>
    <time>2022-02-24T13:02:43Z</time>
    <extensions>
     <gpxtpx:TrackPointExtension>
      <gpxtpx:hr>156</gpxtpx:hr>
      <gpxtpx:cad>83</gpxtpx:cad>
     </gpxtpx:TrackPointExtension>
    </extensions>
   </trkpt>
   <trkpt lat="29.1442320" lon="119.5230900">
    <ele>32.9</ele>
    <time>2022-02-24T13:02:44Z</time>
    <extensions>
     <gpxtpx:TrackPointExtension>
      <gpxtpx:hr>156</gpxtpx:hr>
      <gpxtpx:cad>83</gpxtpx:cad>
     </gpxtpx:TrackPointExtension>
    </extensions>
   </trkpt>
   <trkpt lat="29.1442220" lon="119.5231000">
    <ele>33.0</ele>
    <time>2022-02-24T13:02:45Z</time>
    <extensions>
     <gpxtpx:TrackPointExtension>
      <gpxtpx:hr>156</gpxtpx:hr>
      <gpxtpx:cad>83</gpxtpx:cad>
     </gpxtpx:TrackPointExtension>
    </extensions>
   </trkpt>
   <trkpt lat="29.1442180" lon="119.5231300">
    <ele>33.0</ele>
    <time>2022-02-24T13:02:46Z</time>
    <extensions>
     <gpxtpx:TrackPointExtension>
      <gpxtpx:hr>156</gpxtpx:hr>
      <gpxtpx:cad>83</gpxtpx:cad>
     </gpxtpx:TrackPointExtension>
    </extensions>
   </trkpt>
   <trkpt lat="29.1442130" lon="119.5231550">
    <ele>33.0</ele>
    <time>2022-02-24T13:02:47Z</time>
    <extensions>
     <gpxtpx:TrackPointExtension>
      <gpxtpx:hr>156</gpxtpx:hr>
      <gpxtpx:cad>83</gpxtpx:cad>
     </gpxtpx:TrackPointExtension>
    </extensions>
   </trkpt>
   <trkpt lat="29.1442070" lon="119.5231800">
    <ele>33.0</ele>
    <time>2022-02-24T13:02:48Z</time>
    <extensions>
     <gpxtpx:TrackPointExtension>
      <gpxtpx:hr>156</gpxtpx:hr>
      <gpxtpx:cad>83</gpxtpx:cad>
     </gpxtpx:TrackPointExtension>
    </extensions>
   </trkpt>
   <trkpt lat="29.1442000" lon="119.5232000">
    <ele>33.0</ele>
    <time>2022-02-24T13:02:49Z</time>
    <extensions>
     <gpxtpx:TrackPointExtension>
      <gpxtpx:hr>156</gpxtpx:hr>
      <gpxtpx:cad>83</gpxtpx:cad>
     </gpxtpx:TrackPointExtension>
    </extensions>
   </trkpt>
   <trkpt lat="29.1442000" lon="119.5232240">
    <ele>33.0</ele>
    <time>2022-02-24T13:02:50Z</time>
    <extensions>
     <gpxtpx:TrackPointExtension>
      <gpxtpx:hr>156</gpxtpx:hr>
      <gpxtpx:cad>85</gpxtpx:cad>
     </gpxtpx:TrackPointExtension>
    </extensions>
   </trkpt>
   <trkpt lat="29.1442000" lon="119.5232240">
    <ele>33.0</ele>
    <time>2022-02-24T13:02:50Z</time>
    <extensions>
     <gpxtpx:TrackPointExtension>
      <gpxtpx:hr>157</gpxtpx:hr>
      <gpxtpx:cad>85</gpxtpx:cad>
     </gpxtpx:TrackPointExtension>
    </extensions>
   </trkpt>
   <trkpt lat="29.1441960" lon="119.5232400">
    <ele>33.0</ele>
    <time>2022-02-24T13:02:51Z</time>
    <extensions>
     <gpxtpx:TrackPointExtension>
      <gpxtpx:hr>157</gpxtpx:hr>
      <gpxtpx:cad>85</gpxtpx:cad>
     </gpxtpx:TrackPointExtension>
    </extensions>
   </trkpt>
   <trkpt lat="29.1441900" lon="119.5232600">
    <ele>33.0</ele>
    <time>2022-02-24T13:02:52Z</time>
    <extensions>
     <gpxtpx:TrackPointExtension>
      <gpxtpx:hr>157</gpxtpx:hr>
      <gpxtpx:cad>85</gpxtpx:cad>
     </gpxtpx:TrackPointExtension>
    </extensions>
   </trkpt>
   <trkpt lat="29.1441880" lon="119.5232850">
    <ele>32.8</ele>
    <time>2022-02-24T13:02:53Z</time>
    <extensions>
     <gpxtpx:TrackPointExtension>
      <gpxtpx:hr>157</gpxtpx:hr>
      <gpxtpx:cad>85</gpxtpx:cad>
     </gpxtpx:TrackPointExtension>
    </extensions>
   </trkpt>
   <trkpt lat="29.1441840" lon="119.5233100">
    <ele>32.8</ele>
    <time>2022-02-24T13:02:54Z</time>
    <extensions>
     <gpxtpx:TrackPointExtension>
      <gpxtpx:hr>157</gpxtpx:hr>
      <gpxtpx:cad>85</gpxtpx:cad>
     </gpxtpx:TrackPointExtension>
    </extensions>
   </trkpt>
   <trkpt lat="29.1441800" lon="119.5233300">
    <ele>32.6</ele>
    <time>2022-02-24T13:02:55Z</time>
    <extensions>
     <gpxtpx:TrackPointExtension>
      <gpxtpx:hr>157</gpxtpx:hr>
      <gpxtpx:cad>85</gpxtpx:cad>
     </gpxtpx:TrackPointExtension>
    </extensions>
   </trkpt>
   <trkpt lat="29.1441760" lon="119.5233500">
    <ele>32.6</ele>
    <time>2022-02-24T13:02:56Z</time>
    <extensions>
     <gpxtpx:TrackPointExtension>
      <gpxtpx:hr>157</gpxtpx:hr>
      <gpxtpx:cad>85</gpxtpx:cad>
     </gpxtpx:TrackPointExtension>
    </extensions>
   </trkpt>
   <trkpt lat="29.1441670" lon="119.5233700">
    <ele>32.3</ele>
    <time>2022-02-24T13:02:57Z</time>
    <extensions>
     <gpxtpx:TrackPointExtension>
      <gpxtpx:hr>157</gpxtpx:hr>
      <gpxtpx:cad>85</gpxtpx:cad>
     </gpxtpx:TrackPointExtension>
    </extensions>
   </trkpt>
   <trkpt lat="29.1441630" lon="119.5234000">
    <ele>32.1</ele>
    <time>2022-02-24T13:02:58Z</time>
    <extensions>
     <gpxtpx:TrackPointExtension>
      <gpxtpx:hr>157</gpxtpx:hr>
      <gpxtpx:cad>85</gpxtpx:cad>
     </gpxtpx:TrackPointExtension>
    </extensions>
   </trkpt>
   <trkpt lat="29.1441570" lon="119.5234200">
    <ele>32.1</ele>
    <time>2022-02-24T13:02:59Z</time>
    <extensions>
     <gpxtpx:TrackPointExtension>
      <gpxtpx:hr>157</gpxtpx:hr>
      <gpxtpx:cad>85</gpxtpx:cad>
     </gpxtpx:TrackPointExtension>
    </extensions>
   </trkpt>
   <trkpt lat="29.1441500" lon="119.5234400">
    <ele>31.8</ele>
    <time>2022-02-24T13:03:00Z</time>
    <extensions>
     <gpxtpx:TrackPointExtension>
      <gpxtpx:hr>157</gpxtpx:hr>
      <gpxtpx:cad>86</gpxtpx:cad>
     </gpxtpx:TrackPointExtension>
    </extensions>
   </trkpt>
   <trkpt lat="29.1441500" lon="119.5234400">
    <ele>31.8</ele>
    <time>2022-02-24T13:03:00Z</time>
    <extensions>
     <gpxtpx:TrackPointExtension>
      <gpxtpx:hr>157</gpxtpx:hr>
      <gpxtpx:cad>86</gpxtpx:cad>
     </gpxtpx:TrackPointExtension>
    </extensions>
   </trkpt>
   <trkpt lat="29.1441460" lon="119.5234500">
    <ele>31.8</ele>
    <time>2022-02-24T13:03:01Z</time>
    <extensions>
     <gpxtpx:TrackPointExtension>
      <gpxtpx:hr>157</gpxtpx:hr>
      <gpxtpx:cad>86</gpxtpx:cad>
     </gpxtpx:TrackPointExtension>
    </extensions>
   </trkpt>
   <trkpt lat="29.1441460" lon="119.5234800">
    <ele>31.8</ele>
    <time>2022-02-24T13:03:02Z</time>
    <extensions>
     <gpxtpx:TrackPointExtension>
      <gpxtpx:hr>157</gpxtpx:hr>
      <gpxtpx:cad>86</gpxtpx:cad>
     </gpxtpx:TrackPointExtension>
    </extensions>
   </trkpt>
   <trkpt lat="29.1441420" lon="119.5235060">
    <ele>31.6</ele>
    <time>2022-02-24T13:03:03Z</time>
    <extensions>
     <gpxtpx:TrackPointExtension>
      <gpxtpx:hr>157</gpxtpx:hr>
      <gpxtpx:cad>86</gpxtpx:cad>
     </gpxtpx:TrackPointExtension>
    </extensions>
   </trkpt>
   <trkpt lat="29.1441360" lon="119.5235200">
    <ele>31.7</ele>
    <time>2022-02-24T13:03:04Z</time>
    <extensions>
     <gpxtpx:TrackPointExtension>
      <gpxtpx:hr>157</gpxtpx:hr>
      <gpxtpx:cad>86</gpxtpx:cad>
     </gpxtpx:TrackPointExtension>
    </extensions>
   </trkpt>
   <trkpt lat="29.1441330" lon="119.5235500">
    <ele>31.4</ele>
    <time>2022-02-24T13:03:05Z</time>
    <extensions>
     <gpxtpx:TrackPointExtension>
      <gpxtpx:hr>157</gpxtpx:hr>
      <gpxtpx:cad>86</gpxtpx:cad>
     </gpxtpx:TrackPointExtension>
    </extensions>
   </trkpt>
   <trkpt lat="29.1441330" lon="119.5235750">
    <ele>31.2</ele>
    <time>2022-02-24T13:03:06Z</time>
    <extensions>
     <gpxtpx:TrackPointExtension>
      <gpxtpx:hr>157</gpxtpx:hr>
      <gpxtpx:cad>86</gpxtpx:cad>
     </gpxtpx:TrackPointExtension>
    </extensions>
   </trkpt>
   <trkpt lat="29.1441290" lon="119.5236000">
    <ele>31.2</ele>
    <time>2022-02-24T13:03:07Z</time>
    <extensions>
     <gpxtpx:TrackPointExtension>
      <gpxtpx:hr>157</gpxtpx:hr>
      <gpxtpx:cad>85</gpxtpx:cad>
     </gpxtpx:TrackPointExtension>
    </extensions>
   </trkpt>
   <trkpt lat="29.1441200" lon="119.5236300">
    <ele>30.9</ele>
    <time>2022-02-24T13:03:08Z</time>
    <extensions>
     <gpxtpx:TrackPointExtension>
      <gpxtpx:hr>157</gpxtpx:hr>
      <gpxtpx:cad>85</gpxtpx:cad>
     </gpxtpx:TrackPointExtension>
    </extensions>
   </trkpt>
   <trkpt lat="29.1441080" lon="119.5236500">
    <ele>30.9</ele>
    <time>2022-02-24T13:03:09Z</time>
    <extensions>
     <gpxtpx:TrackPointExtension>
      <gpxtpx:hr>157</gpxtpx:hr>
      <gpxtpx:cad>85</gpxtpx:cad>
     </gpxtpx:TrackPointExtension>
    </extensions>
   </trkpt>
   <trkpt lat="29.1441000" lon="119.5236740">
    <ele>30.9</ele>
    <time>2022-02-24T13:03:10Z</time>
    <extensions>
     <gpxtpx:TrackPointExtension>
      <gpxtpx:hr>157</gpxtpx:hr>
      <gpxtpx:cad>85</gpxtpx:cad>
     </gpxtpx:TrackPointExtension>
    </extensions>
   </trkpt>
   <trkpt lat="29.1441000" lon="119.5236740">
    <ele>30.9</ele>
    <time>2022-02-24T13:03:10Z</time>
    <extensions>
     <gpxtpx:TrackPointExtension>
      <gpxtpx:hr>157</gpxtpx:hr>
      <gpxtpx:cad>83</gpxtpx:cad>
     </gpxtpx:TrackPointExtension>
    </extensions>
   </trkpt>
   <trkpt lat="29.1440960" lon="119.5237000">
    <ele>30.7</ele>
    <time>2022-02-24T13:03:11Z</time>
    <extensions>
     <gpxtpx:TrackPointExtension>
      <gpxtpx:hr>157</gpxtpx:hr>
      <gpxtpx:cad>83</gpxtpx:cad>
     </gpxtpx:TrackPointExtension>
    </extensions>
   </trkpt>
   <trkpt lat="29.1440930" lon="119.5237300">
    <ele>30.7</ele>
    <time>2022-02-24T13:03:12Z</time>
    <extensions>
     <gpxtpx:TrackPointExtension>
      <gpxtpx:hr>157</gpxtpx:hr>
      <gpxtpx:cad>83</gpxtpx:cad>
     </gpxtpx:TrackPointExtension>
    </extensions>
   </trkpt>
   <trkpt lat="29.1440890" lon="119.5237400">
    <ele>30.4</ele>
    <time>2022-02-24T13:03:13Z</time>
    <extensions>
     <gpxtpx:TrackPointExtension>
      <gpxtpx:hr>157</gpxtpx:hr>
      <gpxtpx:cad>83</gpxtpx:cad>
     </gpxtpx:TrackPointExtension>
    </extensions>
   </trkpt>
   <trkpt lat="29.1440870" lon="119.5237660">
    <ele>30.4</ele>
    <time>2022-02-24T13:03:14Z</time>
    <extensions>
     <gpxtpx:TrackPointExtension>
      <gpxtpx:hr>157</gpxtpx:hr>
      <gpxtpx:cad>83</gpxtpx:cad>
     </gpxtpx:TrackPointExtension>
    </extensions>
   </trkpt>
   <trkpt lat="29.1440830" lon="119.5237800">
    <ele>30.4</ele>
    <time>2022-02-24T13:03:15Z</time>
    <extensions>
     <gpxtpx:TrackPointExtension>
      <gpxtpx:hr>157</gpxtpx:hr>
      <gpxtpx:cad>83</gpxtpx:cad>
     </gpxtpx:TrackPointExtension>
    </extensions>
   </trkpt>
   <trkpt lat="29.1440830" lon="119.5238000">
    <ele>30.3</ele>
    <time>2022-02-24T13:03:16Z</time>
    <extensions>
     <gpxtpx:TrackPointExtension>
      <gpxtpx:hr>157</gpxtpx:hr>
      <gpxtpx:cad>83</gpxtpx:cad>
     </gpxtpx:TrackPointExtension>
    </extensions>
   </trkpt>
   <trkpt lat="29.1440770" lon="119.5238300">
    <ele>30.3</ele>
    <time>2022-02-24T13:03:17Z</time>
    <extensions>
     <gpxtpx:TrackPointExtension>
      <gpxtpx:hr>157</gpxtpx:hr>
      <gpxtpx:cad>83</gpxtpx:cad>
     </gpxtpx:TrackPointExtension>
    </extensions>
   </trkpt>
   <trkpt lat="29.1440730" lon="119.5238400">
    <ele>30.3</ele>
    <time>2022-02-24T13:03:18Z</time>
    <extensions>
     <gpxtpx:TrackPointExtension>
      <gpxtpx:hr>157</gpxtpx:hr>
      <gpxtpx:cad>83</gpxtpx:cad>
     </gpxtpx:TrackPointExtension>
    </extensions>
   </trkpt>
   <trkpt lat="29.1440680" lon="119.5238650">
    <ele>30.3</ele>
    <time>2022-02-24T13:03:19Z</time>
    <extensions>
     <gpxtpx:TrackPointExtension>
      <gpxtpx:hr>157</gpxtpx:hr>
      <gpxtpx:cad>83</gpxtpx:cad>
     </gpxtpx:TrackPointExtension>
    </extensions>
   </trkpt>
   <trkpt lat="29.1440660" lon="119.5238800">
    <ele>30.3</ele>
    <time>2022-02-24T13:03:20Z</time>
    <extensions>
     <gpxtpx:TrackPointExtension>
      <gpxtpx:hr>155</gpxtpx:hr>
      <gpxtpx:cad>83</gpxtpx:cad>
     </gpxtpx:TrackPointExtension>
    </extensions>
   </trkpt>
   <trkpt lat="29.1440660" lon="119.5238800">
    <ele>30.3</ele>
    <time>2022-02-24T13:03:20Z</time>
    <extensions>
     <gpxtpx:TrackPointExtension>
      <gpxtpx:hr>155</gpxtpx:hr>
      <gpxtpx:cad>81</gpxtpx:cad>
     </gpxtpx:TrackPointExtension>
    </extensions>
   </trkpt>
   <trkpt lat="29.1440640" lon="119.5239100">
    <ele>30.6</ele>
    <time>2022-02-24T13:03:21Z</time>
    <extensions>
     <gpxtpx:TrackPointExtension>
      <gpxtpx:hr>155</gpxtpx:hr>
      <gpxtpx:cad>81</gpxtpx:cad>
     </gpxtpx:TrackPointExtension>
    </extensions>
   </trkpt>
   <trkpt lat="29.1440540" lon="119.5239300">
    <ele>30.6</ele>
    <time>2022-02-24T13:03:22Z</time>
    <extensions>
     <gpxtpx:TrackPointExtension>
      <gpxtpx:hr>155</gpxtpx:hr>
      <gpxtpx:cad>81</gpxtpx:cad>
     </gpxtpx:TrackPointExtension>
    </extensions>
   </trkpt>
   <trkpt lat="29.1440500" lon="119.5239600">
    <ele>30.7</ele>
    <time>2022-02-24T13:03:23Z</time>
    <extensions>
     <gpxtpx:TrackPointExtension>
      <gpxtpx:hr>155</gpxtpx:hr>
      <gpxtpx:cad>81</gpxtpx:cad>
     </gpxtpx:TrackPointExtension>
    </extensions>
   </trkpt>
   <trkpt lat="29.1440410" lon="119.5239800">
    <ele>30.7</ele>
    <time>2022-02-24T13:03:24Z</time>
    <extensions>
     <gpxtpx:TrackPointExtension>
      <gpxtpx:hr>155</gpxtpx:hr>
      <gpxtpx:cad>81</gpxtpx:cad>
     </gpxtpx:TrackPointExtension>
    </extensions>
   </trkpt>
   <trkpt lat="29.1440300" lon="119.5240000">
    <ele>31.0</ele>
    <time>2022-02-24T13:03:25Z</time>
    <extensions>
     <gpxtpx:TrackPointExtension>
      <gpxtpx:hr>155</gpxtpx:hr>
      <gpxtpx:cad>81</gpxtpx:cad>
     </gpxtpx:TrackPointExtension>
    </extensions>
   </trkpt>
   <trkpt lat="29.1440200" lon="119.5240200">
    <ele>31.2</ele>
    <time>2022-02-24T13:03:26Z</time>
    <extensions>
     <gpxtpx:TrackPointExtension>
      <gpxtpx:hr>155</gpxtpx:hr>
      <gpxtpx:cad>81</gpxtpx:cad>
     </gpxtpx:TrackPointExtension>
    </extensions>
   </trkpt>
   <trkpt lat="29.1440090" lon="119.5240300">
    <ele>31.2</ele>
    <time>2022-02-24T13:03:27Z</time>
    <extensions>
     <gpxtpx:TrackPointExtension>
      <gpxtpx:hr>155</gpxtpx:hr>
      <gpxtpx:cad>81</gpxtpx:cad>
     </gpxtpx:TrackPointExtension>
    </extensions>
   </trkpt>
   <trkpt lat="29.1440050" lon="119.5240550">
    <ele>31.5</ele>
    <time>2022-02-24T13:03:28Z</time>
    <extensions>
     <gpxtpx:TrackPointExtension>
      <gpxtpx:hr>155</gpxtpx:hr>
      <gpxtpx:cad>81</gpxtpx:cad>
     </gpxtpx:TrackPointExtension>
    </extensions>
   </trkpt>
   <trkpt lat="29.1439970" lon="119.5240800">
    <ele>31.5</ele>
    <time>2022-02-24T13:03:29Z</time>
    <extensions>
     <gpxtpx:TrackPointExtension>
      <gpxtpx:hr>155</gpxtpx:hr>
      <gpxtpx:cad>81</gpxtpx:cad>
     </gpxtpx:TrackPointExtension>
    </extensions>
   </trkpt>
   <trkpt lat="29.1439880" lon="119.5240900">
    <ele>31.9</ele>
    <time>2022-02-24T13:03:30Z</time>
    <extensions>
     <gpxtpx:TrackPointExtension>
      <gpxtpx:hr>153</gpxtpx:hr>
      <gpxtpx:cad>81</gpxtpx:cad>
     </gpxtpx:TrackPointExtension>
    </extensions>
   </trkpt>
   <trkpt lat="29.1439880" lon="119.5240900">
    <ele>31.9</ele>
    <time>2022-02-24T13:03:30Z</time>
    <extensions>
     <gpxtpx:TrackPointExtension>
      <gpxtpx:hr>153</gpxtpx:hr>
      <gpxtpx:cad>83</gpxtpx:cad>
     </gpxtpx:TrackPointExtension>
    </extensions>
   </trkpt>
   <trkpt lat="29.1439840" lon="119.5241400">
    <ele>32.0</ele>
    <time>2022-02-24T13:03:31Z</time>
    <extensions>
     <gpxtpx:TrackPointExtension>
      <gpxtpx:hr>153</gpxtpx:hr>
      <gpxtpx:cad>83</gpxtpx:cad>
     </gpxtpx:TrackPointExtension>
    </extensions>
   </trkpt>
   <trkpt lat="29.1439800" lon="119.5241600">
    <ele>32.0</ele>
    <time>2022-02-24T13:03:32Z</time>
    <extensions>
     <gpxtpx:TrackPointExtension>
      <gpxtpx:hr>153</gpxtpx:hr>
      <gpxtpx:cad>83</gpxtpx:cad>
     </gpxtpx:TrackPointExtension>
    </extensions>
   </trkpt>
   <trkpt lat="29.1439760" lon="119.5241850">
    <ele>32.0</ele>
    <time>2022-02-24T13:03:33Z</time>
    <extensions>
     <gpxtpx:TrackPointExtension>
      <gpxtpx:hr>153</gpxtpx:hr>
      <gpxtpx:cad>83</gpxtpx:cad>
     </gpxtpx:TrackPointExtension>
    </extensions>
   </trkpt>
   <trkpt lat="29.1439740" lon="119.5242100">
    <ele>32.0</ele>
    <time>2022-02-24T13:03:34Z</time>
    <extensions>
     <gpxtpx:TrackPointExtension>
      <gpxtpx:hr>153</gpxtpx:hr>
      <gpxtpx:cad>83</gpxtpx:cad>
     </gpxtpx:TrackPointExtension>
    </extensions>
   </trkpt>
   <trkpt lat="29.1439740" lon="119.5242300">
    <ele>32.0</ele>
    <time>2022-02-24T13:03:35Z</time>
    <extensions>
     <gpxtpx:TrackPointExtension>
      <gpxtpx:hr>153</gpxtpx:hr>
      <gpxtpx:cad>83</gpxtpx:cad>
     </gpxtpx:TrackPointExtension>
    </extensions>
   </trkpt>
   <trkpt lat="29.1439720" lon="119.5242540">
    <ele>32.0</ele>
    <time>2022-02-24T13:03:36Z</time>
    <extensions>
     <gpxtpx:TrackPointExtension>
      <gpxtpx:hr>153</gpxtpx:hr>
      <gpxtpx:cad>83</gpxtpx:cad>
     </gpxtpx:TrackPointExtension>
    </extensions>
   </trkpt>
   <trkpt lat="29.1439650" lon="119.5242800">
    <ele>32.0</ele>
    <time>2022-02-24T13:03:37Z</time>
    <extensions>
     <gpxtpx:TrackPointExtension>
      <gpxtpx:hr>153</gpxtpx:hr>
      <gpxtpx:cad>83</gpxtpx:cad>
     </gpxtpx:TrackPointExtension>
    </extensions>
   </trkpt>
   <trkpt lat="29.1439630" lon="119.5242900">
    <ele>32.0</ele>
    <time>2022-02-24T13:03:38Z</time>
    <extensions>
     <gpxtpx:TrackPointExtension>
      <gpxtpx:hr>153</gpxtpx:hr>
      <gpxtpx:cad>83</gpxtpx:cad>
     </gpxtpx:TrackPointExtension>
    </extensions>
   </trkpt>
   <trkpt lat="29.1439570" lon="119.5243150">
    <ele>31.9</ele>
    <time>2022-02-24T13:03:39Z</time>
    <extensions>
     <gpxtpx:TrackPointExtension>
      <gpxtpx:hr>153</gpxtpx:hr>
      <gpxtpx:cad>83</gpxtpx:cad>
     </gpxtpx:TrackPointExtension>
    </extensions>
   </trkpt>
   <trkpt lat="29.1439510" lon="119.5243400">
    <ele>31.9</ele>
    <time>2022-02-24T13:03:40Z</time>
    <extensions>
     <gpxtpx:TrackPointExtension>
      <gpxtpx:hr>152</gpxtpx:hr>
      <gpxtpx:cad>83</gpxtpx:cad>
     </gpxtpx:TrackPointExtension>
    </extensions>
   </trkpt>
   <trkpt lat="29.1439510" lon="119.5243400">
    <ele>31.9</ele>
    <time>2022-02-24T13:03:40Z</time>
    <extensions>
     <gpxtpx:TrackPointExtension>
      <gpxtpx:hr>152</gpxtpx:hr>
      <gpxtpx:cad>88</gpxtpx:cad>
     </gpxtpx:TrackPointExtension>
    </extensions>
   </trkpt>
   <trkpt lat="29.1439460" lon="119.5243600">
    <ele>31.7</ele>
    <time>2022-02-24T13:03:41Z</time>
    <extensions>
     <gpxtpx:TrackPointExtension>
      <gpxtpx:hr>152</gpxtpx:hr>
      <gpxtpx:cad>88</gpxtpx:cad>
     </gpxtpx:TrackPointExtension>
    </extensions>
   </trkpt>
   <trkpt lat="29.1439320" lon="119.5243900">
    <ele>31.6</ele>
    <time>2022-02-24T13:03:42Z</time>
    <extensions>
     <gpxtpx:TrackPointExtension>
      <gpxtpx:hr>152</gpxtpx:hr>
      <gpxtpx:cad>88</gpxtpx:cad>
     </gpxtpx:TrackPointExtension>
    </extensions>
   </trkpt>
   <trkpt lat="29.1439230" lon="119.5244140">
    <ele>31.6</ele>
    <time>2022-02-24T13:03:43Z</time>
    <extensions>
     <gpxtpx:TrackPointExtension>
      <gpxtpx:hr>152</gpxtpx:hr>
      <gpxtpx:cad>88</gpxtpx:cad>
     </gpxtpx:TrackPointExtension>
    </extensions>
   </trkpt>
   <trkpt lat="29.1439150" lon="119.5244300">
    <ele>31.6</ele>
    <time>2022-02-24T13:03:44Z</time>
    <extensions>
     <gpxtpx:TrackPointExtension>
      <gpxtpx:hr>152</gpxtpx:hr>
      <gpxtpx:cad>88</gpxtpx:cad>
     </gpxtpx:TrackPointExtension>
    </extensions>
   </trkpt>
   <trkpt lat="29.1439080" lon="119.5244500">
    <ele>31.6</ele>
    <time>2022-02-24T13:03:45Z</time>
    <extensions>
     <gpxtpx:TrackPointExtension>
      <gpxtpx:hr>152</gpxtpx:hr>
      <gpxtpx:cad>88</gpxtpx:cad>
     </gpxtpx:TrackPointExtension>
    </extensions>
   </trkpt>
   <trkpt lat="29.1438980" lon="119.5244750">
    <ele>31.6</ele>
    <time>2022-02-24T13:03:46Z</time>
    <extensions>
     <gpxtpx:TrackPointExtension>
      <gpxtpx:hr>152</gpxtpx:hr>
      <gpxtpx:cad>88</gpxtpx:cad>
     </gpxtpx:TrackPointExtension>
    </extensions>
   </trkpt>
   <trkpt lat="29.1439020" lon="119.5245000">
    <ele>31.6</ele>
    <time>2022-02-24T13:03:47Z</time>
    <extensions>
     <gpxtpx:TrackPointExtension>
      <gpxtpx:hr>152</gpxtpx:hr>
      <gpxtpx:cad>88</gpxtpx:cad>
     </gpxtpx:TrackPointExtension>
    </extensions>
   </trkpt>
   <trkpt lat="29.1438960" lon="119.5245200">
    <ele>31.6</ele>
    <time>2022-02-24T13:03:48Z</time>
    <extensions>
     <gpxtpx:TrackPointExtension>
      <gpxtpx:hr>152</gpxtpx:hr>
      <gpxtpx:cad>88</gpxtpx:cad>
     </gpxtpx:TrackPointExtension>
    </extensions>
   </trkpt>
   <trkpt lat="29.1438870" lon="119.5245400">
    <ele>31.6</ele>
    <time>2022-02-24T13:03:49Z</time>
    <extensions>
     <gpxtpx:TrackPointExtension>
      <gpxtpx:hr>152</gpxtpx:hr>
      <gpxtpx:cad>88</gpxtpx:cad>
     </gpxtpx:TrackPointExtension>
    </extensions>
   </trkpt>
   <trkpt lat="29.1438870" lon="119.5245740">
    <ele>31.6</ele>
    <time>2022-02-24T13:03:50Z</time>
    <extensions>
     <gpxtpx:TrackPointExtension>
      <gpxtpx:hr>152</gpxtpx:hr>
      <gpxtpx:cad>88</gpxtpx:cad>
     </gpxtpx:TrackPointExtension>
    </extensions>
   </trkpt>
   <trkpt lat="29.1438870" lon="119.5246050">
    <ele>31.6</ele>
    <time>2022-02-24T13:03:51Z</time>
    <extensions>
     <gpxtpx:TrackPointExtension>
      <gpxtpx:hr>150</gpxtpx:hr>
      <gpxtpx:cad>88</gpxtpx:cad>
     </gpxtpx:TrackPointExtension>
    </extensions>
   </trkpt>
   <trkpt lat="29.1438920" lon="119.5246350">
    <ele>31.6</ele>
    <time>2022-02-24T13:03:52Z</time>
    <extensions>
     <gpxtpx:TrackPointExtension>
      <gpxtpx:hr>150</gpxtpx:hr>
      <gpxtpx:cad>88</gpxtpx:cad>
     </gpxtpx:TrackPointExtension>
    </extensions>
   </trkpt>
   <trkpt lat="29.1438920" lon="119.5246600">
    <ele>31.4</ele>
    <time>2022-02-24T13:03:53Z</time>
    <extensions>
     <gpxtpx:TrackPointExtension>
      <gpxtpx:hr>150</gpxtpx:hr>
      <gpxtpx:cad>88</gpxtpx:cad>
     </gpxtpx:TrackPointExtension>
    </extensions>
   </trkpt>
   <trkpt lat="29.1438880" lon="119.5246900">
    <ele>31.2</ele>
    <time>2022-02-24T13:03:54Z</time>
    <extensions>
     <gpxtpx:TrackPointExtension>
      <gpxtpx:hr>150</gpxtpx:hr>
      <gpxtpx:cad>88</gpxtpx:cad>
     </gpxtpx:TrackPointExtension>
    </extensions>
   </trkpt>
   <trkpt lat="29.1438850" lon="119.5247200">
    <ele>31.2</ele>
    <time>2022-02-24T13:03:55Z</time>
    <extensions>
     <gpxtpx:TrackPointExtension>
      <gpxtpx:hr>150</gpxtpx:hr>
      <gpxtpx:cad>88</gpxtpx:cad>
     </gpxtpx:TrackPointExtension>
    </extensions>
   </trkpt>
   <trkpt lat="29.1438850" lon="119.5247400">
    <ele>30.9</ele>
    <time>2022-02-24T13:03:56Z</time>
    <extensions>
     <gpxtpx:TrackPointExtension>
      <gpxtpx:hr>150</gpxtpx:hr>
      <gpxtpx:cad>88</gpxtpx:cad>
     </gpxtpx:TrackPointExtension>
    </extensions>
   </trkpt>
   <trkpt lat="29.1438850" lon="119.5247700">
    <ele>30.7</ele>
    <time>2022-02-24T13:03:57Z</time>
    <extensions>
     <gpxtpx:TrackPointExtension>
      <gpxtpx:hr>150</gpxtpx:hr>
      <gpxtpx:cad>88</gpxtpx:cad>
     </gpxtpx:TrackPointExtension>
    </extensions>
   </trkpt>
   <trkpt lat="29.1438830" lon="119.5247960">
    <ele>30.7</ele>
    <time>2022-02-24T13:03:58Z</time>
    <extensions>
     <gpxtpx:TrackPointExtension>
      <gpxtpx:hr>150</gpxtpx:hr>
      <gpxtpx:cad>88</gpxtpx:cad>
     </gpxtpx:TrackPointExtension>
    </extensions>
   </trkpt>
   <trkpt lat="29.1438790" lon="119.5248260">
    <ele>30.5</ele>
    <time>2022-02-24T13:03:59Z</time>
    <extensions>
     <gpxtpx:TrackPointExtension>
      <gpxtpx:hr>150</gpxtpx:hr>
      <gpxtpx:cad>88</gpxtpx:cad>
     </gpxtpx:TrackPointExtension>
    </extensions>
   </trkpt>
   <trkpt lat="29.1438700" lon="119.5248400">
    <ele>30.7</ele>
    <time>2022-02-24T13:04:00Z</time>
    <extensions>
     <gpxtpx:TrackPointExtension>
      <gpxtpx:hr>150</gpxtpx:hr>
      <gpxtpx:cad>80</gpxtpx:cad>
     </gpxtpx:TrackPointExtension>
    </extensions>
   </trkpt>
   <trkpt lat="29.1438700" lon="119.5248400">
    <ele>30.7</ele>
    <time>2022-02-24T13:04:00Z</time>
    <extensions>
     <gpxtpx:TrackPointExtension>
      <gpxtpx:hr>152</gpxtpx:hr>
      <gpxtpx:cad>80</gpxtpx:cad>
     </gpxtpx:TrackPointExtension>
    </extensions>
   </trkpt>
   <trkpt lat="29.1438620" lon="119.5248640">
    <ele>30.5</ele>
    <time>2022-02-24T13:04:01Z</time>
    <extensions>
     <gpxtpx:TrackPointExtension>
      <gpxtpx:hr>152</gpxtpx:hr>
      <gpxtpx:cad>80</gpxtpx:cad>
     </gpxtpx:TrackPointExtension>
    </extensions>
   </trkpt>
   <trkpt lat="29.1438560" lon="119.5248800">
    <ele>30.5</ele>
    <time>2022-02-24T13:04:02Z</time>
    <extensions>
     <gpxtpx:TrackPointExtension>
      <gpxtpx:hr>152</gpxtpx:hr>
      <gpxtpx:cad>80</gpxtpx:cad>
     </gpxtpx:TrackPointExtension>
    </extensions>
   </trkpt>
   <trkpt lat="29.1438480" lon="119.5249000">
    <ele>30.3</ele>
    <time>2022-02-24T13:04:03Z</time>
    <extensions>
     <gpxtpx:TrackPointExtension>
      <gpxtpx:hr>152</gpxtpx:hr>
      <gpxtpx:cad>80</gpxtpx:cad>
     </gpxtpx:TrackPointExtension>
    </extensions>
   </trkpt>
   <trkpt lat="29.1438430" lon="119.5249250">
    <ele>30.3</ele>
    <time>2022-02-24T13:04:04Z</time>
    <extensions>
     <gpxtpx:TrackPointExtension>
      <gpxtpx:hr>152</gpxtpx:hr>
      <gpxtpx:cad>80</gpxtpx:cad>
     </gpxtpx:TrackPointExtension>
    </extensions>
   </trkpt>
   <trkpt lat="29.1438370" lon="119.5249500">
    <ele>30.2</ele>
    <time>2022-02-24T13:04:05Z</time>
    <extensions>
     <gpxtpx:TrackPointExtension>
      <gpxtpx:hr>152</gpxtpx:hr>
      <gpxtpx:cad>80</gpxtpx:cad>
     </gpxtpx:TrackPointExtension>
    </extensions>
   </trkpt>
   <trkpt lat="29.1438330" lon="119.5249700">
    <ele>30.2</ele>
    <time>2022-02-24T13:04:06Z</time>
    <extensions>
     <gpxtpx:TrackPointExtension>
      <gpxtpx:hr>152</gpxtpx:hr>
      <gpxtpx:cad>80</gpxtpx:cad>
     </gpxtpx:TrackPointExtension>
    </extensions>
   </trkpt>
   <trkpt lat="29.1438270" lon="119.5249940">
    <ele>30.1</ele>
    <time>2022-02-24T13:04:07Z</time>
    <extensions>
     <gpxtpx:TrackPointExtension>
      <gpxtpx:hr>152</gpxtpx:hr>
      <gpxtpx:cad>80</gpxtpx:cad>
     </gpxtpx:TrackPointExtension>
    </extensions>
   </trkpt>
   <trkpt lat="29.1438260" lon="119.5250100">
    <ele>30.1</ele>
    <time>2022-02-24T13:04:08Z</time>
    <extensions>
     <gpxtpx:TrackPointExtension>
      <gpxtpx:hr>152</gpxtpx:hr>
      <gpxtpx:cad>80</gpxtpx:cad>
     </gpxtpx:TrackPointExtension>
    </extensions>
   </trkpt>
   <trkpt lat="29.1438200" lon="119.5250300">
    <ele>30.1</ele>
    <time>2022-02-24T13:04:09Z</time>
    <extensions>
     <gpxtpx:TrackPointExtension>
      <gpxtpx:hr>152</gpxtpx:hr>
      <gpxtpx:cad>80</gpxtpx:cad>
     </gpxtpx:TrackPointExtension>
    </extensions>
   </trkpt>
   <trkpt lat="29.1438120" lon="119.5250550">
    <ele>30.1</ele>
    <time>2022-02-24T13:04:10Z</time>
    <extensions>
     <gpxtpx:TrackPointExtension>
      <gpxtpx:hr>154</gpxtpx:hr>
      <gpxtpx:cad>80</gpxtpx:cad>
     </gpxtpx:TrackPointExtension>
    </extensions>
   </trkpt>
   <trkpt lat="29.1438120" lon="119.5250550">
    <ele>30.1</ele>
    <time>2022-02-24T13:04:10Z</time>
    <extensions>
     <gpxtpx:TrackPointExtension>
      <gpxtpx:hr>154</gpxtpx:hr>
      <gpxtpx:cad>85</gpxtpx:cad>
     </gpxtpx:TrackPointExtension>
    </extensions>
   </trkpt>
   <trkpt lat="29.1438080" lon="119.5250800">
    <ele>30.1</ele>
    <time>2022-02-24T13:04:11Z</time>
    <extensions>
     <gpxtpx:TrackPointExtension>
      <gpxtpx:hr>154</gpxtpx:hr>
      <gpxtpx:cad>85</gpxtpx:cad>
     </gpxtpx:TrackPointExtension>
    </extensions>
   </trkpt>
   <trkpt lat="29.1438030" lon="119.5251100">
    <ele>30.3</ele>
    <time>2022-02-24T13:04:12Z</time>
    <extensions>
     <gpxtpx:TrackPointExtension>
      <gpxtpx:hr>154</gpxtpx:hr>
      <gpxtpx:cad>85</gpxtpx:cad>
     </gpxtpx:TrackPointExtension>
    </extensions>
   </trkpt>
   <trkpt lat="29.1438000" lon="119.5251300">
    <ele>30.3</ele>
    <time>2022-02-24T13:04:13Z</time>
    <extensions>
     <gpxtpx:TrackPointExtension>
      <gpxtpx:hr>154</gpxtpx:hr>
      <gpxtpx:cad>85</gpxtpx:cad>
     </gpxtpx:TrackPointExtension>
    </extensions>
   </trkpt>
   <trkpt lat="29.1438000" lon="119.5251600">
    <ele>30.3</ele>
    <time>2022-02-24T13:04:14Z</time>
    <extensions>
     <gpxtpx:TrackPointExtension>
      <gpxtpx:hr>154</gpxtpx:hr>
      <gpxtpx:cad>85</gpxtpx:cad>
     </gpxtpx:TrackPointExtension>
    </extensions>
   </trkpt>
   <trkpt lat="29.1438000" lon="119.5251900">
    <ele>30.3</ele>
    <time>2022-02-24T13:04:15Z</time>
    <extensions>
     <gpxtpx:TrackPointExtension>
      <gpxtpx:hr>154</gpxtpx:hr>
      <gpxtpx:cad>85</gpxtpx:cad>
     </gpxtpx:TrackPointExtension>
    </extensions>
   </trkpt>
   <trkpt lat="29.1437930" lon="119.5252150">
    <ele>30.2</ele>
    <time>2022-02-24T13:04:16Z</time>
    <extensions>
     <gpxtpx:TrackPointExtension>
      <gpxtpx:hr>154</gpxtpx:hr>
      <gpxtpx:cad>85</gpxtpx:cad>
     </gpxtpx:TrackPointExtension>
    </extensions>
   </trkpt>
   <trkpt lat="29.1437850" lon="119.5252300">
    <ele>30.2</ele>
    <time>2022-02-24T13:04:17Z</time>
    <extensions>
     <gpxtpx:TrackPointExtension>
      <gpxtpx:hr>154</gpxtpx:hr>
      <gpxtpx:cad>85</gpxtpx:cad>
     </gpxtpx:TrackPointExtension>
    </extensions>
   </trkpt>
   <trkpt lat="29.1437760" lon="119.5252500">
    <ele>30.1</ele>
    <time>2022-02-24T13:04:18Z</time>
    <extensions>
     <gpxtpx:TrackPointExtension>
      <gpxtpx:hr>154</gpxtpx:hr>
      <gpxtpx:cad>85</gpxtpx:cad>
     </gpxtpx:TrackPointExtension>
    </extensions>
   </trkpt>
   <trkpt lat="29.1437680" lon="119.5252700">
    <ele>30.1</ele>
    <time>2022-02-24T13:04:19Z</time>
    <extensions>
     <gpxtpx:TrackPointExtension>
      <gpxtpx:hr>154</gpxtpx:hr>
      <gpxtpx:cad>85</gpxtpx:cad>
     </gpxtpx:TrackPointExtension>
    </extensions>
   </trkpt>
   <trkpt lat="29.1437680" lon="119.5252900">
    <ele>30.0</ele>
    <time>2022-02-24T13:04:20Z</time>
    <extensions>
     <gpxtpx:TrackPointExtension>
      <gpxtpx:hr>154</gpxtpx:hr>
      <gpxtpx:cad>88</gpxtpx:cad>
     </gpxtpx:TrackPointExtension>
    </extensions>
   </trkpt>
   <trkpt lat="29.1437680" lon="119.5252900">
    <ele>30.0</ele>
    <time>2022-02-24T13:04:20Z</time>
    <extensions>
     <gpxtpx:TrackPointExtension>
      <gpxtpx:hr>156</gpxtpx:hr>
      <gpxtpx:cad>88</gpxtpx:cad>
     </gpxtpx:TrackPointExtension>
    </extensions>
   </trkpt>
   <trkpt lat="29.1437630" lon="119.5253100">
    <ele>30.1</ele>
    <time>2022-02-24T13:04:21Z</time>
    <extensions>
     <gpxtpx:TrackPointExtension>
      <gpxtpx:hr>156</gpxtpx:hr>
      <gpxtpx:cad>88</gpxtpx:cad>
     </gpxtpx:TrackPointExtension>
    </extensions>
   </trkpt>
   <trkpt lat="29.1437600" lon="119.5253200">
    <ele>30.1</ele>
    <time>2022-02-24T13:04:22Z</time>
    <extensions>
     <gpxtpx:TrackPointExtension>
      <gpxtpx:hr>156</gpxtpx:hr>
      <gpxtpx:cad>88</gpxtpx:cad>
     </gpxtpx:TrackPointExtension>
    </extensions>
   </trkpt>
   <trkpt lat="29.1437590" lon="119.5253450">
    <ele>30.0</ele>
    <time>2022-02-24T13:04:23Z</time>
    <extensions>
     <gpxtpx:TrackPointExtension>
      <gpxtpx:hr>156</gpxtpx:hr>
      <gpxtpx:cad>88</gpxtpx:cad>
     </gpxtpx:TrackPointExtension>
    </extensions>
   </trkpt>
   <trkpt lat="29.1437550" lon="119.5253700">
    <ele>30.0</ele>
    <time>2022-02-24T13:04:24Z</time>
    <extensions>
     <gpxtpx:TrackPointExtension>
      <gpxtpx:hr>156</gpxtpx:hr>
      <gpxtpx:cad>88</gpxtpx:cad>
     </gpxtpx:TrackPointExtension>
    </extensions>
   </trkpt>
   <trkpt lat="29.1437440" lon="119.5253800">
    <ele>30.0</ele>
    <time>2022-02-24T13:04:25Z</time>
    <extensions>
     <gpxtpx:TrackPointExtension>
      <gpxtpx:hr>156</gpxtpx:hr>
      <gpxtpx:cad>88</gpxtpx:cad>
     </gpxtpx:TrackPointExtension>
    </extensions>
   </trkpt>
   <trkpt lat="29.1437400" lon="119.5254060">
    <ele>30.0</ele>
    <time>2022-02-24T13:04:26Z</time>
    <extensions>
     <gpxtpx:TrackPointExtension>
      <gpxtpx:hr>156</gpxtpx:hr>
      <gpxtpx:cad>88</gpxtpx:cad>
     </gpxtpx:TrackPointExtension>
    </extensions>
   </trkpt>
   <trkpt lat="29.1437340" lon="119.5254300">
    <ele>30.0</ele>
    <time>2022-02-24T13:04:27Z</time>
    <extensions>
     <gpxtpx:TrackPointExtension>
      <gpxtpx:hr>156</gpxtpx:hr>
      <gpxtpx:cad>88</gpxtpx:cad>
     </gpxtpx:TrackPointExtension>
    </extensions>
   </trkpt>
   <trkpt lat="29.1437300" lon="119.5254600">
    <ele>30.0</ele>
    <time>2022-02-24T13:04:28Z</time>
    <extensions>
     <gpxtpx:TrackPointExtension>
      <gpxtpx:hr>156</gpxtpx:hr>
      <gpxtpx:cad>88</gpxtpx:cad>
     </gpxtpx:TrackPointExtension>
    </extensions>
   </trkpt>
   <trkpt lat="29.1437260" lon="119.5254800">
    <ele>30.0</ele>
    <time>2022-02-24T13:04:29Z</time>
    <extensions>
     <gpxtpx:TrackPointExtension>
      <gpxtpx:hr>156</gpxtpx:hr>
      <gpxtpx:cad>88</gpxtpx:cad>
     </gpxtpx:TrackPointExtension>
    </extensions>
   </trkpt>
   <trkpt lat="29.1437200" lon="119.5255100">
    <ele>30.0</ele>
    <time>2022-02-24T13:04:30Z</time>
    <extensions>
     <gpxtpx:TrackPointExtension>
      <gpxtpx:hr>156</gpxtpx:hr>
      <gpxtpx:cad>88</gpxtpx:cad>
     </gpxtpx:TrackPointExtension>
    </extensions>
   </trkpt>
   <trkpt lat="29.1437200" lon="119.5255100">
    <ele>30.0</ele>
    <time>2022-02-24T13:04:30Z</time>
    <extensions>
     <gpxtpx:TrackPointExtension>
      <gpxtpx:hr>156</gpxtpx:hr>
      <gpxtpx:cad>88</gpxtpx:cad>
     </gpxtpx:TrackPointExtension>
    </extensions>
   </trkpt>
   <trkpt lat="29.1437170" lon="119.5255360">
    <ele>30.0</ele>
    <time>2022-02-24T13:04:31Z</time>
    <extensions>
     <gpxtpx:TrackPointExtension>
      <gpxtpx:hr>156</gpxtpx:hr>
      <gpxtpx:cad>88</gpxtpx:cad>
     </gpxtpx:TrackPointExtension>
    </extensions>
   </trkpt>
   <trkpt lat="29.1437130" lon="119.5255660">
    <ele>30.0</ele>
    <time>2022-02-24T13:04:32Z</time>
    <extensions>
     <gpxtpx:TrackPointExtension>
      <gpxtpx:hr>156</gpxtpx:hr>
      <gpxtpx:cad>88</gpxtpx:cad>
     </gpxtpx:TrackPointExtension>
    </extensions>
   </trkpt>
   <trkpt lat="29.1437100" lon="119.5255900">
    <ele>30.0</ele>
    <time>2022-02-24T13:04:33Z</time>
    <extensions>
     <gpxtpx:TrackPointExtension>
      <gpxtpx:hr>156</gpxtpx:hr>
      <gpxtpx:cad>88</gpxtpx:cad>
     </gpxtpx:TrackPointExtension>
    </extensions>
   </trkpt>
   <trkpt lat="29.1437100" lon="119.5256100">
    <ele>30.0</ele>
    <time>2022-02-24T13:04:34Z</time>
    <extensions>
     <gpxtpx:TrackPointExtension>
      <gpxtpx:hr>156</gpxtpx:hr>
      <gpxtpx:cad>88</gpxtpx:cad>
     </gpxtpx:TrackPointExtension>
    </extensions>
   </trkpt>
   <trkpt lat="29.1437050" lon="119.5256400">
    <ele>30.0</ele>
    <time>2022-02-24T13:04:35Z</time>
    <extensions>
     <gpxtpx:TrackPointExtension>
      <gpxtpx:hr>156</gpxtpx:hr>
      <gpxtpx:cad>88</gpxtpx:cad>
     </gpxtpx:TrackPointExtension>
    </extensions>
   </trkpt>
   <trkpt lat="29.1437030" lon="119.5256650">
    <ele>30.0</ele>
    <time>2022-02-24T13:04:36Z</time>
    <extensions>
     <gpxtpx:TrackPointExtension>
      <gpxtpx:hr>156</gpxtpx:hr>
      <gpxtpx:cad>88</gpxtpx:cad>
     </gpxtpx:TrackPointExtension>
    </extensions>
   </trkpt>
   <trkpt lat="29.1437020" lon="119.5256960">
    <ele>30.1</ele>
    <time>2022-02-24T13:04:37Z</time>
    <extensions>
     <gpxtpx:TrackPointExtension>
      <gpxtpx:hr>156</gpxtpx:hr>
      <gpxtpx:cad>88</gpxtpx:cad>
     </gpxtpx:TrackPointExtension>
    </extensions>
   </trkpt>
   <trkpt lat="29.1436940" lon="119.5257200">
    <ele>30.4</ele>
    <time>2022-02-24T13:04:38Z</time>
    <extensions>
     <gpxtpx:TrackPointExtension>
      <gpxtpx:hr>156</gpxtpx:hr>
      <gpxtpx:cad>88</gpxtpx:cad>
     </gpxtpx:TrackPointExtension>
    </extensions>
   </trkpt>
   <trkpt lat="29.1436900" lon="119.5257400">
    <ele>30.4</ele>
    <time>2022-02-24T13:04:39Z</time>
    <extensions>
     <gpxtpx:TrackPointExtension>
      <gpxtpx:hr>156</gpxtpx:hr>
      <gpxtpx:cad>88</gpxtpx:cad>
     </gpxtpx:TrackPointExtension>
    </extensions>
   </trkpt>
   <trkpt lat="29.1436880" lon="119.5257640">
    <ele>30.6</ele>
    <time>2022-02-24T13:04:40Z</time>
    <extensions>
     <gpxtpx:TrackPointExtension>
      <gpxtpx:hr>156</gpxtpx:hr>
      <gpxtpx:cad>91</gpxtpx:cad>
     </gpxtpx:TrackPointExtension>
    </extensions>
   </trkpt>
   <trkpt lat="29.1436880" lon="119.5257640">
    <ele>30.6</ele>
    <time>2022-02-24T13:04:40Z</time>
    <extensions>
     <gpxtpx:TrackPointExtension>
      <gpxtpx:hr>157</gpxtpx:hr>
      <gpxtpx:cad>91</gpxtpx:cad>
     </gpxtpx:TrackPointExtension>
    </extensions>
   </trkpt>
   <trkpt lat="29.1436790" lon="119.5257900">
    <ele>30.6</ele>
    <time>2022-02-24T13:04:41Z</time>
    <extensions>
     <gpxtpx:TrackPointExtension>
      <gpxtpx:hr>157</gpxtpx:hr>
      <gpxtpx:cad>91</gpxtpx:cad>
     </gpxtpx:TrackPointExtension>
    </extensions>
   </trkpt>
   <trkpt lat="29.1436750" lon="119.5258100">
    <ele>30.9</ele>
    <time>2022-02-24T13:04:42Z</time>
    <extensions>
     <gpxtpx:TrackPointExtension>
      <gpxtpx:hr>157</gpxtpx:hr>
      <gpxtpx:cad>91</gpxtpx:cad>
     </gpxtpx:TrackPointExtension>
    </extensions>
   </trkpt>
   <trkpt lat="29.1436730" lon="119.5258260">
    <ele>30.9</ele>
    <time>2022-02-24T13:04:43Z</time>
    <extensions>
     <gpxtpx:TrackPointExtension>
      <gpxtpx:hr>157</gpxtpx:hr>
      <gpxtpx:cad>91</gpxtpx:cad>
     </gpxtpx:TrackPointExtension>
    </extensions>
   </trkpt>
   <trkpt lat="29.1436700" lon="119.5258500">
    <ele>31.0</ele>
    <time>2022-02-24T13:04:44Z</time>
    <extensions>
     <gpxtpx:TrackPointExtension>
      <gpxtpx:hr>157</gpxtpx:hr>
      <gpxtpx:cad>91</gpxtpx:cad>
     </gpxtpx:TrackPointExtension>
    </extensions>
   </trkpt>
   <trkpt lat="29.1436600" lon="119.5258700">
    <ele>31.0</ele>
    <time>2022-02-24T13:04:45Z</time>
    <extensions>
     <gpxtpx:TrackPointExtension>
      <gpxtpx:hr>157</gpxtpx:hr>
      <gpxtpx:cad>91</gpxtpx:cad>
     </gpxtpx:TrackPointExtension>
    </extensions>
   </trkpt>
   <trkpt lat="29.1436520" lon="119.5258940">
    <ele>31.0</ele>
    <time>2022-02-24T13:04:46Z</time>
    <extensions>
     <gpxtpx:TrackPointExtension>
      <gpxtpx:hr>157</gpxtpx:hr>
      <gpxtpx:cad>91</gpxtpx:cad>
     </gpxtpx:TrackPointExtension>
    </extensions>
   </trkpt>
   <trkpt lat="29.1436440" lon="119.5259200">
    <ele>31.0</ele>
    <time>2022-02-24T13:04:47Z</time>
    <extensions>
     <gpxtpx:TrackPointExtension>
      <gpxtpx:hr>157</gpxtpx:hr>
      <gpxtpx:cad>91</gpxtpx:cad>
     </gpxtpx:TrackPointExtension>
    </extensions>
   </trkpt>
   <trkpt lat="29.1436390" lon="119.5259500">
    <ele>31.0</ele>
    <time>2022-02-24T13:04:48Z</time>
    <extensions>
     <gpxtpx:TrackPointExtension>
      <gpxtpx:hr>157</gpxtpx:hr>
      <gpxtpx:cad>91</gpxtpx:cad>
     </gpxtpx:TrackPointExtension>
    </extensions>
   </trkpt>
   <trkpt lat="29.1436310" lon="119.5259600">
    <ele>31.0</ele>
    <time>2022-02-24T13:04:49Z</time>
    <extensions>
     <gpxtpx:TrackPointExtension>
      <gpxtpx:hr>157</gpxtpx:hr>
      <gpxtpx:cad>91</gpxtpx:cad>
     </gpxtpx:TrackPointExtension>
    </extensions>
   </trkpt>
   <trkpt lat="29.1436270" lon="119.5259860">
    <ele>31.0</ele>
    <time>2022-02-24T13:04:50Z</time>
    <extensions>
     <gpxtpx:TrackPointExtension>
      <gpxtpx:hr>157</gpxtpx:hr>
      <gpxtpx:cad>86</gpxtpx:cad>
     </gpxtpx:TrackPointExtension>
    </extensions>
   </trkpt>
   <trkpt lat="29.1436270" lon="119.5259860">
    <ele>31.0</ele>
    <time>2022-02-24T13:04:50Z</time>
    <extensions>
     <gpxtpx:TrackPointExtension>
      <gpxtpx:hr>158</gpxtpx:hr>
      <gpxtpx:cad>86</gpxtpx:cad>
     </gpxtpx:TrackPointExtension>
    </extensions>
   </trkpt>
   <trkpt lat="29.1436250" lon="119.5260100">
    <ele>31.0</ele>
    <time>2022-02-24T13:04:51Z</time>
    <extensions>
     <gpxtpx:TrackPointExtension>
      <gpxtpx:hr>158</gpxtpx:hr>
      <gpxtpx:cad>86</gpxtpx:cad>
     </gpxtpx:TrackPointExtension>
    </extensions>
   </trkpt>
   <trkpt lat="29.1436180" lon="119.5260300">
    <ele>31.0</ele>
    <time>2022-02-24T13:04:52Z</time>
    <extensions>
     <gpxtpx:TrackPointExtension>
      <gpxtpx:hr>158</gpxtpx:hr>
      <gpxtpx:cad>86</gpxtpx:cad>
     </gpxtpx:TrackPointExtension>
    </extensions>
   </trkpt>
   <trkpt lat="29.1436080" lon="119.5260540">
    <ele>31.0</ele>
    <time>2022-02-24T13:04:53Z</time>
    <extensions>
     <gpxtpx:TrackPointExtension>
      <gpxtpx:hr>158</gpxtpx:hr>
      <gpxtpx:cad>86</gpxtpx:cad>
     </gpxtpx:TrackPointExtension>
    </extensions>
   </trkpt>
   <trkpt lat="29.1435990" lon="119.5260700">
    <ele>31.0</ele>
    <time>2022-02-24T13:04:54Z</time>
    <extensions>
     <gpxtpx:TrackPointExtension>
      <gpxtpx:hr>158</gpxtpx:hr>
      <gpxtpx:cad>86</gpxtpx:cad>
     </gpxtpx:TrackPointExtension>
    </extensions>
   </trkpt>
   <trkpt lat="29.1435930" lon="119.5260900">
    <ele>31.0</ele>
    <time>2022-02-24T13:04:55Z</time>
    <extensions>
     <gpxtpx:TrackPointExtension>
      <gpxtpx:hr>158</gpxtpx:hr>
      <gpxtpx:cad>86</gpxtpx:cad>
     </gpxtpx:TrackPointExtension>
    </extensions>
   </trkpt>
   <trkpt lat="29.1435850" lon="119.5261100">
    <ele>31.0</ele>
    <time>2022-02-24T13:04:56Z</time>
    <extensions>
     <gpxtpx:TrackPointExtension>
      <gpxtpx:hr>158</gpxtpx:hr>
      <gpxtpx:cad>86</gpxtpx:cad>
     </gpxtpx:TrackPointExtension>
    </extensions>
   </trkpt>
   <trkpt lat="29.1435780" lon="119.5261300">
    <ele>31.0</ele>
    <time>2022-02-24T13:04:57Z</time>
    <extensions>
     <gpxtpx:TrackPointExtension>
      <gpxtpx:hr>158</gpxtpx:hr>
      <gpxtpx:cad>86</gpxtpx:cad>
     </gpxtpx:TrackPointExtension>
    </extensions>
   </trkpt>
   <trkpt lat="29.1435740" lon="119.5261500">
    <ele>31.0</ele>
    <time>2022-02-24T13:04:58Z</time>
    <extensions>
     <gpxtpx:TrackPointExtension>
      <gpxtpx:hr>158</gpxtpx:hr>
      <gpxtpx:cad>86</gpxtpx:cad>
     </gpxtpx:TrackPointExtension>
    </extensions>
   </trkpt>
   <trkpt lat="29.1435660" lon="119.5261700">
    <ele>31.0</ele>
    <time>2022-02-24T13:04:59Z</time>
    <extensions>
     <gpxtpx:TrackPointExtension>
      <gpxtpx:hr>158</gpxtpx:hr>
      <gpxtpx:cad>86</gpxtpx:cad>
     </gpxtpx:TrackPointExtension>
    </extensions>
   </trkpt>
   <trkpt lat="29.1435600" lon="119.5261900">
    <ele>31.0</ele>
    <time>2022-02-24T13:05:00Z</time>
    <extensions>
     <gpxtpx:TrackPointExtension>
      <gpxtpx:hr>158</gpxtpx:hr>
      <gpxtpx:cad>81</gpxtpx:cad>
     </gpxtpx:TrackPointExtension>
    </extensions>
   </trkpt>
   <trkpt lat="29.1435600" lon="119.5261900">
    <ele>31.0</ele>
    <time>2022-02-24T13:05:00Z</time>
    <extensions>
     <gpxtpx:TrackPointExtension>
      <gpxtpx:hr>158</gpxtpx:hr>
      <gpxtpx:cad>81</gpxtpx:cad>
     </gpxtpx:TrackPointExtension>
    </extensions>
   </trkpt>
   <trkpt lat="29.1435570" lon="119.5262150">
    <ele>31.0</ele>
    <time>2022-02-24T13:05:01Z</time>
    <extensions>
     <gpxtpx:TrackPointExtension>
      <gpxtpx:hr>158</gpxtpx:hr>
      <gpxtpx:cad>81</gpxtpx:cad>
     </gpxtpx:TrackPointExtension>
    </extensions>
   </trkpt>
   <trkpt lat="29.1435530" lon="119.5262400">
    <ele>31.0</ele>
    <time>2022-02-24T13:05:02Z</time>
    <extensions>
     <gpxtpx:TrackPointExtension>
      <gpxtpx:hr>158</gpxtpx:hr>
      <gpxtpx:cad>81</gpxtpx:cad>
     </gpxtpx:TrackPointExtension>
    </extensions>
   </trkpt>
   <trkpt lat="29.1435500" lon="119.5262700">
    <ele>31.0</ele>
    <time>2022-02-24T13:05:03Z</time>
    <extensions>
     <gpxtpx:TrackPointExtension>
      <gpxtpx:hr>158</gpxtpx:hr>
      <gpxtpx:cad>81</gpxtpx:cad>
     </gpxtpx:TrackPointExtension>
    </extensions>
   </trkpt>
   <trkpt lat="29.1435470" lon="119.5263000">
    <ele>31.0</ele>
    <time>2022-02-24T13:05:04Z</time>
    <extensions>
     <gpxtpx:TrackPointExtension>
      <gpxtpx:hr>158</gpxtpx:hr>
      <gpxtpx:cad>81</gpxtpx:cad>
     </gpxtpx:TrackPointExtension>
    </extensions>
   </trkpt>
   <trkpt lat="29.1435400" lon="119.5263200">
    <ele>31.0</ele>
    <time>2022-02-24T13:05:05Z</time>
    <extensions>
     <gpxtpx:TrackPointExtension>
      <gpxtpx:hr>158</gpxtpx:hr>
      <gpxtpx:cad>81</gpxtpx:cad>
     </gpxtpx:TrackPointExtension>
    </extensions>
   </trkpt>
   <trkpt lat="29.1435360" lon="119.5263500">
    <ele>31.0</ele>
    <time>2022-02-24T13:05:06Z</time>
    <extensions>
     <gpxtpx:TrackPointExtension>
      <gpxtpx:hr>158</gpxtpx:hr>
      <gpxtpx:cad>81</gpxtpx:cad>
     </gpxtpx:TrackPointExtension>
    </extensions>
   </trkpt>
   <trkpt lat="29.1435300" lon="119.5263750">
    <ele>31.0</ele>
    <time>2022-02-24T13:05:07Z</time>
    <extensions>
     <gpxtpx:TrackPointExtension>
      <gpxtpx:hr>158</gpxtpx:hr>
      <gpxtpx:cad>81</gpxtpx:cad>
     </gpxtpx:TrackPointExtension>
    </extensions>
   </trkpt>
   <trkpt lat="29.1435280" lon="119.5263900">
    <ele>31.0</ele>
    <time>2022-02-24T13:05:08Z</time>
    <extensions>
     <gpxtpx:TrackPointExtension>
      <gpxtpx:hr>158</gpxtpx:hr>
      <gpxtpx:cad>81</gpxtpx:cad>
     </gpxtpx:TrackPointExtension>
    </extensions>
   </trkpt>
   <trkpt lat="29.1435260" lon="119.5264100">
    <ele>31.0</ele>
    <time>2022-02-24T13:05:09Z</time>
    <extensions>
     <gpxtpx:TrackPointExtension>
      <gpxtpx:hr>158</gpxtpx:hr>
      <gpxtpx:cad>81</gpxtpx:cad>
     </gpxtpx:TrackPointExtension>
    </extensions>
   </trkpt>
   <trkpt lat="29.1435200" lon="119.5264360">
    <ele>31.0</ele>
    <time>2022-02-24T13:05:10Z</time>
    <extensions>
     <gpxtpx:TrackPointExtension>
      <gpxtpx:hr>158</gpxtpx:hr>
      <gpxtpx:cad>86</gpxtpx:cad>
     </gpxtpx:TrackPointExtension>
    </extensions>
   </trkpt>
   <trkpt lat="29.1435200" lon="119.5264360">
    <ele>31.0</ele>
    <time>2022-02-24T13:05:10Z</time>
    <extensions>
     <gpxtpx:TrackPointExtension>
      <gpxtpx:hr>156</gpxtpx:hr>
      <gpxtpx:cad>86</gpxtpx:cad>
     </gpxtpx:TrackPointExtension>
    </extensions>
   </trkpt>
   <trkpt lat="29.1435130" lon="119.5264600">
    <ele>31.0</ele>
    <time>2022-02-24T13:05:11Z</time>
    <extensions>
     <gpxtpx:TrackPointExtension>
      <gpxtpx:hr>156</gpxtpx:hr>
      <gpxtpx:cad>86</gpxtpx:cad>
     </gpxtpx:TrackPointExtension>
    </extensions>
   </trkpt>
   <trkpt lat="29.1435090" lon="119.5264900">
    <ele>31.0</ele>
    <time>2022-02-24T13:05:12Z</time>
    <extensions>
     <gpxtpx:TrackPointExtension>
      <gpxtpx:hr>156</gpxtpx:hr>
      <gpxtpx:cad>86</gpxtpx:cad>
     </gpxtpx:TrackPointExtension>
    </extensions>
   </trkpt>
   <trkpt lat="29.1435030" lon="119.5265050">
    <ele>31.0</ele>
    <time>2022-02-24T13:05:13Z</time>
    <extensions>
     <gpxtpx:TrackPointExtension>
      <gpxtpx:hr>156</gpxtpx:hr>
      <gpxtpx:cad>86</gpxtpx:cad>
     </gpxtpx:TrackPointExtension>
    </extensions>
   </trkpt>
   <trkpt lat="29.1434960" lon="119.5265200">
    <ele>31.0</ele>
    <time>2022-02-24T13:05:14Z</time>
    <extensions>
     <gpxtpx:TrackPointExtension>
      <gpxtpx:hr>156</gpxtpx:hr>
      <gpxtpx:cad>86</gpxtpx:cad>
     </gpxtpx:TrackPointExtension>
    </extensions>
   </trkpt>
   <trkpt lat="29.1434900" lon="119.5265400">
    <ele>31.0</ele>
    <time>2022-02-24T13:05:15Z</time>
    <extensions>
     <gpxtpx:TrackPointExtension>
      <gpxtpx:hr>156</gpxtpx:hr>
      <gpxtpx:cad>86</gpxtpx:cad>
     </gpxtpx:TrackPointExtension>
    </extensions>
   </trkpt>
   <trkpt lat="29.1434820" lon="119.5265660">
    <ele>31.0</ele>
    <time>2022-02-24T13:05:16Z</time>
    <extensions>
     <gpxtpx:TrackPointExtension>
      <gpxtpx:hr>156</gpxtpx:hr>
      <gpxtpx:cad>87</gpxtpx:cad>
     </gpxtpx:TrackPointExtension>
    </extensions>
   </trkpt>
   <trkpt lat="29.1434780" lon="119.5265900">
    <ele>31.0</ele>
    <time>2022-02-24T13:05:17Z</time>
    <extensions>
     <gpxtpx:TrackPointExtension>
      <gpxtpx:hr>156</gpxtpx:hr>
      <gpxtpx:cad>87</gpxtpx:cad>
     </gpxtpx:TrackPointExtension>
    </extensions>
   </trkpt>
   <trkpt lat="29.1434750" lon="119.5266100">
    <ele>31.0</ele>
    <time>2022-02-24T13:05:18Z</time>
    <extensions>
     <gpxtpx:TrackPointExtension>
      <gpxtpx:hr>156</gpxtpx:hr>
      <gpxtpx:cad>87</gpxtpx:cad>
     </gpxtpx:TrackPointExtension>
    </extensions>
   </trkpt>
   <trkpt lat="29.1434700" lon="119.5266400">
    <ele>31.0</ele>
    <time>2022-02-24T13:05:19Z</time>
    <extensions>
     <gpxtpx:TrackPointExtension>
      <gpxtpx:hr>156</gpxtpx:hr>
      <gpxtpx:cad>87</gpxtpx:cad>
     </gpxtpx:TrackPointExtension>
    </extensions>
   </trkpt>
   <trkpt lat="29.1434670" lon="119.5266650">
    <ele>31.0</ele>
    <time>2022-02-24T13:05:20Z</time>
    <extensions>
     <gpxtpx:TrackPointExtension>
      <gpxtpx:hr>156</gpxtpx:hr>
      <gpxtpx:cad>86</gpxtpx:cad>
     </gpxtpx:TrackPointExtension>
    </extensions>
   </trkpt>
   <trkpt lat="29.1434670" lon="119.5266650">
    <ele>31.0</ele>
    <time>2022-02-24T13:05:20Z</time>
    <extensions>
     <gpxtpx:TrackPointExtension>
      <gpxtpx:hr>156</gpxtpx:hr>
      <gpxtpx:cad>86</gpxtpx:cad>
     </gpxtpx:TrackPointExtension>
    </extensions>
   </trkpt>
   <trkpt lat="29.1434650" lon="119.5266900">
    <ele>31.0</ele>
    <time>2022-02-24T13:05:21Z</time>
    <extensions>
     <gpxtpx:TrackPointExtension>
      <gpxtpx:hr>156</gpxtpx:hr>
      <gpxtpx:cad>86</gpxtpx:cad>
     </gpxtpx:TrackPointExtension>
    </extensions>
   </trkpt>
   <trkpt lat="29.1434600" lon="119.5267100">
    <ele>31.0</ele>
    <time>2022-02-24T13:05:22Z</time>
    <extensions>
     <gpxtpx:TrackPointExtension>
      <gpxtpx:hr>156</gpxtpx:hr>
      <gpxtpx:cad>86</gpxtpx:cad>
     </gpxtpx:TrackPointExtension>
    </extensions>
   </trkpt>
   <trkpt lat="29.1434520" lon="119.5267300">
    <ele>31.0</ele>
    <time>2022-02-24T13:05:23Z</time>
    <extensions>
     <gpxtpx:TrackPointExtension>
      <gpxtpx:hr>156</gpxtpx:hr>
      <gpxtpx:cad>86</gpxtpx:cad>
     </gpxtpx:TrackPointExtension>
    </extensions>
   </trkpt>
   <trkpt lat="29.1434480" lon="119.5267600">
    <ele>31.0</ele>
    <time>2022-02-24T13:05:24Z</time>
    <extensions>
     <gpxtpx:TrackPointExtension>
      <gpxtpx:hr>156</gpxtpx:hr>
      <gpxtpx:cad>86</gpxtpx:cad>
     </gpxtpx:TrackPointExtension>
    </extensions>
   </trkpt>
   <trkpt lat="29.1434560" lon="119.5267900">
    <ele>31.0</ele>
    <time>2022-02-24T13:05:25Z</time>
    <extensions>
     <gpxtpx:TrackPointExtension>
      <gpxtpx:hr>156</gpxtpx:hr>
      <gpxtpx:cad>86</gpxtpx:cad>
     </gpxtpx:TrackPointExtension>
    </extensions>
   </trkpt>
   <trkpt lat="29.1434520" lon="119.5268100">
    <ele>31.0</ele>
    <time>2022-02-24T13:05:26Z</time>
    <extensions>
     <gpxtpx:TrackPointExtension>
      <gpxtpx:hr>156</gpxtpx:hr>
      <gpxtpx:cad>86</gpxtpx:cad>
     </gpxtpx:TrackPointExtension>
    </extensions>
   </trkpt>
   <trkpt lat="29.1434420" lon="119.5268300">
    <ele>31.0</ele>
    <time>2022-02-24T13:05:27Z</time>
    <extensions>
     <gpxtpx:TrackPointExtension>
      <gpxtpx:hr>156</gpxtpx:hr>
      <gpxtpx:cad>86</gpxtpx:cad>
     </gpxtpx:TrackPointExtension>
    </extensions>
   </trkpt>
   <trkpt lat="29.1434360" lon="119.5268550">
    <ele>31.0</ele>
    <time>2022-02-24T13:05:28Z</time>
    <extensions>
     <gpxtpx:TrackPointExtension>
      <gpxtpx:hr>156</gpxtpx:hr>
      <gpxtpx:cad>86</gpxtpx:cad>
     </gpxtpx:TrackPointExtension>
    </extensions>
   </trkpt>
   <trkpt lat="29.1434300" lon="119.5268800">
    <ele>31.0</ele>
    <time>2022-02-24T13:05:29Z</time>
    <extensions>
     <gpxtpx:TrackPointExtension>
      <gpxtpx:hr>156</gpxtpx:hr>
      <gpxtpx:cad>86</gpxtpx:cad>
     </gpxtpx:TrackPointExtension>
    </extensions>
   </trkpt>
   <trkpt lat="29.1434230" lon="119.5268900">
    <ele>31.0</ele>
    <time>2022-02-24T13:05:30Z</time>
    <extensions>
     <gpxtpx:TrackPointExtension>
      <gpxtpx:hr>155</gpxtpx:hr>
      <gpxtpx:cad>86</gpxtpx:cad>
     </gpxtpx:TrackPointExtension>
    </extensions>
   </trkpt>
   <trkpt lat="29.1434230" lon="119.5268900">
    <ele>31.0</ele>
    <time>2022-02-24T13:05:30Z</time>
    <extensions>
     <gpxtpx:TrackPointExtension>
      <gpxtpx:hr>155</gpxtpx:hr>
      <gpxtpx:cad>82</gpxtpx:cad>
     </gpxtpx:TrackPointExtension>
    </extensions>
   </trkpt>
   <trkpt lat="29.1434140" lon="119.5269200">
    <ele>31.0</ele>
    <time>2022-02-24T13:05:31Z</time>
    <extensions>
     <gpxtpx:TrackPointExtension>
      <gpxtpx:hr>155</gpxtpx:hr>
      <gpxtpx:cad>82</gpxtpx:cad>
     </gpxtpx:TrackPointExtension>
    </extensions>
   </trkpt>
   <trkpt lat="29.1434020" lon="119.5269300">
    <ele>31.0</ele>
    <time>2022-02-24T13:05:32Z</time>
    <extensions>
     <gpxtpx:TrackPointExtension>
      <gpxtpx:hr>155</gpxtpx:hr>
      <gpxtpx:cad>82</gpxtpx:cad>
     </gpxtpx:TrackPointExtension>
    </extensions>
   </trkpt>
   <trkpt lat="29.1433940" lon="119.5269550">
    <ele>31.0</ele>
    <time>2022-02-24T13:05:33Z</time>
    <extensions>
     <gpxtpx:TrackPointExtension>
      <gpxtpx:hr>155</gpxtpx:hr>
      <gpxtpx:cad>82</gpxtpx:cad>
     </gpxtpx:TrackPointExtension>
    </extensions>
   </trkpt>
   <trkpt lat="29.1433890" lon="119.5269800">
    <ele>31.0</ele>
    <time>2022-02-24T13:05:34Z</time>
    <extensions>
     <gpxtpx:TrackPointExtension>
      <gpxtpx:hr>155</gpxtpx:hr>
      <gpxtpx:cad>82</gpxtpx:cad>
     </gpxtpx:TrackPointExtension>
    </extensions>
   </trkpt>
   <trkpt lat="29.1433830" lon="119.5270100">
    <ele>31.1</ele>
    <time>2022-02-24T13:05:35Z</time>
    <extensions>
     <gpxtpx:TrackPointExtension>
      <gpxtpx:hr>155</gpxtpx:hr>
      <gpxtpx:cad>82</gpxtpx:cad>
     </gpxtpx:TrackPointExtension>
    </extensions>
   </trkpt>
   <trkpt lat="29.1433770" lon="119.5270400">
    <ele>31.1</ele>
    <time>2022-02-24T13:05:36Z</time>
    <extensions>
     <gpxtpx:TrackPointExtension>
      <gpxtpx:hr>155</gpxtpx:hr>
      <gpxtpx:cad>82</gpxtpx:cad>
     </gpxtpx:TrackPointExtension>
    </extensions>
   </trkpt>
   <trkpt lat="29.1433750" lon="119.5270600">
    <ele>31.2</ele>
    <time>2022-02-24T13:05:37Z</time>
    <extensions>
     <gpxtpx:TrackPointExtension>
      <gpxtpx:hr>155</gpxtpx:hr>
      <gpxtpx:cad>82</gpxtpx:cad>
     </gpxtpx:TrackPointExtension>
    </extensions>
   </trkpt>
   <trkpt lat="29.1433720" lon="119.5270800">
    <ele>31.2</ele>
    <time>2022-02-24T13:05:38Z</time>
    <extensions>
     <gpxtpx:TrackPointExtension>
      <gpxtpx:hr>155</gpxtpx:hr>
      <gpxtpx:cad>82</gpxtpx:cad>
     </gpxtpx:TrackPointExtension>
    </extensions>
   </trkpt>
   <trkpt lat="29.1433660" lon="119.5271000">
    <ele>31.4</ele>
    <time>2022-02-24T13:05:39Z</time>
    <extensions>
     <gpxtpx:TrackPointExtension>
      <gpxtpx:hr>155</gpxtpx:hr>
      <gpxtpx:cad>82</gpxtpx:cad>
     </gpxtpx:TrackPointExtension>
    </extensions>
   </trkpt>
   <trkpt lat="29.1433660" lon="119.5271200">
    <ele>31.4</ele>
    <time>2022-02-24T13:05:40Z</time>
    <extensions>
     <gpxtpx:TrackPointExtension>
      <gpxtpx:hr>156</gpxtpx:hr>
      <gpxtpx:cad>82</gpxtpx:cad>
     </gpxtpx:TrackPointExtension>
    </extensions>
   </trkpt>
   <trkpt lat="29.1433660" lon="119.5271200">
    <ele>31.4</ele>
    <time>2022-02-24T13:05:40Z</time>
    <extensions>
     <gpxtpx:TrackPointExtension>
      <gpxtpx:hr>156</gpxtpx:hr>
      <gpxtpx:cad>88</gpxtpx:cad>
     </gpxtpx:TrackPointExtension>
    </extensions>
   </trkpt>
   <trkpt lat="29.1433600" lon="119.5271450">
    <ele>31.6</ele>
    <time>2022-02-24T13:05:41Z</time>
    <extensions>
     <gpxtpx:TrackPointExtension>
      <gpxtpx:hr>156</gpxtpx:hr>
      <gpxtpx:cad>88</gpxtpx:cad>
     </gpxtpx:TrackPointExtension>
    </extensions>
   </trkpt>
   <trkpt lat="29.1433530" lon="119.5271600">
    <ele>31.7</ele>
    <time>2022-02-24T13:05:42Z</time>
    <extensions>
     <gpxtpx:TrackPointExtension>
      <gpxtpx:hr>156</gpxtpx:hr>
      <gpxtpx:cad>88</gpxtpx:cad>
     </gpxtpx:TrackPointExtension>
    </extensions>
   </trkpt>
   <trkpt lat="29.1433470" lon="119.5271800">
    <ele>31.9</ele>
    <time>2022-02-24T13:05:43Z</time>
    <extensions>
     <gpxtpx:TrackPointExtension>
      <gpxtpx:hr>156</gpxtpx:hr>
      <gpxtpx:cad>88</gpxtpx:cad>
     </gpxtpx:TrackPointExtension>
    </extensions>
   </trkpt>
   <trkpt lat="29.1433400" lon="119.5272100">
    <ele>31.9</ele>
    <time>2022-02-24T13:05:44Z</time>
    <extensions>
     <gpxtpx:TrackPointExtension>
      <gpxtpx:hr>156</gpxtpx:hr>
      <gpxtpx:cad>88</gpxtpx:cad>
     </gpxtpx:TrackPointExtension>
    </extensions>
   </trkpt>
   <trkpt lat="29.1433350" lon="119.5272400">
    <ele>32.0</ele>
    <time>2022-02-24T13:05:45Z</time>
    <extensions>
     <gpxtpx:TrackPointExtension>
      <gpxtpx:hr>156</gpxtpx:hr>
      <gpxtpx:cad>88</gpxtpx:cad>
     </gpxtpx:TrackPointExtension>
    </extensions>
   </trkpt>
   <trkpt lat="29.1433260" lon="119.5272600">
    <ele>32.0</ele>
    <time>2022-02-24T13:05:46Z</time>
    <extensions>
     <gpxtpx:TrackPointExtension>
      <gpxtpx:hr>156</gpxtpx:hr>
      <gpxtpx:cad>88</gpxtpx:cad>
     </gpxtpx:TrackPointExtension>
    </extensions>
   </trkpt>
   <trkpt lat="29.1433200" lon="119.5272800">
    <ele>32.0</ele>
    <time>2022-02-24T13:05:47Z</time>
    <extensions>
     <gpxtpx:TrackPointExtension>
      <gpxtpx:hr>156</gpxtpx:hr>
      <gpxtpx:cad>88</gpxtpx:cad>
     </gpxtpx:TrackPointExtension>
    </extensions>
   </trkpt>
   <trkpt lat="29.1433120" lon="119.5273060">
    <ele>32.0</ele>
    <time>2022-02-24T13:05:48Z</time>
    <extensions>
     <gpxtpx:TrackPointExtension>
      <gpxtpx:hr>156</gpxtpx:hr>
      <gpxtpx:cad>88</gpxtpx:cad>
     </gpxtpx:TrackPointExtension>
    </extensions>
   </trkpt>
   <trkpt lat="29.1433070" lon="119.5273300">
    <ele>32.0</ele>
    <time>2022-02-24T13:05:49Z</time>
    <extensions>
     <gpxtpx:TrackPointExtension>
      <gpxtpx:hr>156</gpxtpx:hr>
      <gpxtpx:cad>88</gpxtpx:cad>
     </gpxtpx:TrackPointExtension>
    </extensions>
   </trkpt>
   <trkpt lat="29.1433070" lon="119.5273500">
    <ele>32.0</ele>
    <time>2022-02-24T13:05:50Z</time>
    <extensions>
     <gpxtpx:TrackPointExtension>
      <gpxtpx:hr>156</gpxtpx:hr>
      <gpxtpx:cad>88</gpxtpx:cad>
     </gpxtpx:TrackPointExtension>
    </extensions>
   </trkpt>
   <trkpt lat="29.1433070" lon="119.5273500">
    <ele>32.0</ele>
    <time>2022-02-24T13:05:50Z</time>
    <extensions>
     <gpxtpx:TrackPointExtension>
      <gpxtpx:hr>156</gpxtpx:hr>
      <gpxtpx:cad>86</gpxtpx:cad>
     </gpxtpx:TrackPointExtension>
    </extensions>
   </trkpt>
   <trkpt lat="29.1433050" lon="119.5273800">
    <ele>32.0</ele>
    <time>2022-02-24T13:05:51Z</time>
    <extensions>
     <gpxtpx:TrackPointExtension>
      <gpxtpx:hr>156</gpxtpx:hr>
      <gpxtpx:cad>86</gpxtpx:cad>
     </gpxtpx:TrackPointExtension>
    </extensions>
   </trkpt>
   <trkpt lat="29.1432950" lon="119.5274000">
    <ele>32.0</ele>
    <time>2022-02-24T13:05:52Z</time>
    <extensions>
     <gpxtpx:TrackPointExtension>
      <gpxtpx:hr>156</gpxtpx:hr>
      <gpxtpx:cad>86</gpxtpx:cad>
     </gpxtpx:TrackPointExtension>
    </extensions>
   </trkpt>
   <trkpt lat="29.1432900" lon="119.5274200">
    <ele>32.0</ele>
    <time>2022-02-24T13:05:53Z</time>
    <extensions>
     <gpxtpx:TrackPointExtension>
      <gpxtpx:hr>156</gpxtpx:hr>
      <gpxtpx:cad>86</gpxtpx:cad>
     </gpxtpx:TrackPointExtension>
    </extensions>
   </trkpt>
   <trkpt lat="29.1432860" lon="119.5274400">
    <ele>32.0</ele>
    <time>2022-02-24T13:05:54Z</time>
    <extensions>
     <gpxtpx:TrackPointExtension>
      <gpxtpx:hr>156</gpxtpx:hr>
      <gpxtpx:cad>86</gpxtpx:cad>
     </gpxtpx:TrackPointExtension>
    </extensions>
   </trkpt>
   <trkpt lat="29.1432820" lon="119.5274700">
    <ele>32.0</ele>
    <time>2022-02-24T13:05:55Z</time>
    <extensions>
     <gpxtpx:TrackPointExtension>
      <gpxtpx:hr>156</gpxtpx:hr>
      <gpxtpx:cad>86</gpxtpx:cad>
     </gpxtpx:TrackPointExtension>
    </extensions>
   </trkpt>
   <trkpt lat="29.1432840" lon="119.5274900">
    <ele>32.0</ele>
    <time>2022-02-24T13:05:56Z</time>
    <extensions>
     <gpxtpx:TrackPointExtension>
      <gpxtpx:hr>156</gpxtpx:hr>
      <gpxtpx:cad>86</gpxtpx:cad>
     </gpxtpx:TrackPointExtension>
    </extensions>
   </trkpt>
   <trkpt lat="29.1432820" lon="119.5275100">
    <ele>32.0</ele>
    <time>2022-02-24T13:05:57Z</time>
    <extensions>
     <gpxtpx:TrackPointExtension>
      <gpxtpx:hr>156</gpxtpx:hr>
      <gpxtpx:cad>86</gpxtpx:cad>
     </gpxtpx:TrackPointExtension>
    </extensions>
   </trkpt>
   <trkpt lat="29.1432780" lon="119.5275340">
    <ele>32.0</ele>
    <time>2022-02-24T13:05:58Z</time>
    <extensions>
     <gpxtpx:TrackPointExtension>
      <gpxtpx:hr>156</gpxtpx:hr>
      <gpxtpx:cad>86</gpxtpx:cad>
     </gpxtpx:TrackPointExtension>
    </extensions>
   </trkpt>
   <trkpt lat="29.1432740" lon="119.5275600">
    <ele>32.0</ele>
    <time>2022-02-24T13:05:59Z</time>
    <extensions>
     <gpxtpx:TrackPointExtension>
      <gpxtpx:hr>156</gpxtpx:hr>
      <gpxtpx:cad>86</gpxtpx:cad>
     </gpxtpx:TrackPointExtension>
    </extensions>
   </trkpt>
   <trkpt lat="29.1432720" lon="119.5275800">
    <ele>32.0</ele>
    <time>2022-02-24T13:06:00Z</time>
    <extensions>
     <gpxtpx:TrackPointExtension>
      <gpxtpx:hr>157</gpxtpx:hr>
      <gpxtpx:cad>86</gpxtpx:cad>
     </gpxtpx:TrackPointExtension>
    </extensions>
   </trkpt>
   <trkpt lat="29.1432720" lon="119.5275800">
    <ele>32.0</ele>
    <time>2022-02-24T13:06:00Z</time>
    <extensions>
     <gpxtpx:TrackPointExtension>
      <gpxtpx:hr>157</gpxtpx:hr>
      <gpxtpx:cad>85</gpxtpx:cad>
     </gpxtpx:TrackPointExtension>
    </extensions>
   </trkpt>
   <trkpt lat="29.1432630" lon="119.5276100">
    <ele>32.0</ele>
    <time>2022-02-24T13:06:01Z</time>
    <extensions>
     <gpxtpx:TrackPointExtension>
      <gpxtpx:hr>157</gpxtpx:hr>
      <gpxtpx:cad>85</gpxtpx:cad>
     </gpxtpx:TrackPointExtension>
    </extensions>
   </trkpt>
   <trkpt lat="29.1432530" lon="119.5276300">
    <ele>32.0</ele>
    <time>2022-02-24T13:06:02Z</time>
    <extensions>
     <gpxtpx:TrackPointExtension>
      <gpxtpx:hr>157</gpxtpx:hr>
      <gpxtpx:cad>85</gpxtpx:cad>
     </gpxtpx:TrackPointExtension>
    </extensions>
   </trkpt>
   <trkpt lat="29.1432460" lon="119.5276600">
    <ele>32.0</ele>
    <time>2022-02-24T13:06:03Z</time>
    <extensions>
     <gpxtpx:TrackPointExtension>
      <gpxtpx:hr>157</gpxtpx:hr>
      <gpxtpx:cad>85</gpxtpx:cad>
     </gpxtpx:TrackPointExtension>
    </extensions>
   </trkpt>
   <trkpt lat="29.1432440" lon="119.5276800">
    <ele>32.0</ele>
    <time>2022-02-24T13:06:04Z</time>
    <extensions>
     <gpxtpx:TrackPointExtension>
      <gpxtpx:hr>157</gpxtpx:hr>
      <gpxtpx:cad>85</gpxtpx:cad>
     </gpxtpx:TrackPointExtension>
    </extensions>
   </trkpt>
   <trkpt lat="29.1432400" lon="119.5277000">
    <ele>32.0</ele>
    <time>2022-02-24T13:06:05Z</time>
    <extensions>
     <gpxtpx:TrackPointExtension>
      <gpxtpx:hr>157</gpxtpx:hr>
      <gpxtpx:cad>85</gpxtpx:cad>
     </gpxtpx:TrackPointExtension>
    </extensions>
   </trkpt>
   <trkpt lat="29.1432380" lon="119.5277250">
    <ele>32.0</ele>
    <time>2022-02-24T13:06:06Z</time>
    <extensions>
     <gpxtpx:TrackPointExtension>
      <gpxtpx:hr>157</gpxtpx:hr>
      <gpxtpx:cad>85</gpxtpx:cad>
     </gpxtpx:TrackPointExtension>
    </extensions>
   </trkpt>
   <trkpt lat="29.1432340" lon="119.5277500">
    <ele>32.0</ele>
    <time>2022-02-24T13:06:07Z</time>
    <extensions>
     <gpxtpx:TrackPointExtension>
      <gpxtpx:hr>157</gpxtpx:hr>
      <gpxtpx:cad>85</gpxtpx:cad>
     </gpxtpx:TrackPointExtension>
    </extensions>
   </trkpt>
   <trkpt lat="29.1432300" lon="119.5277700">
    <ele>32.0</ele>
    <time>2022-02-24T13:06:08Z</time>
    <extensions>
     <gpxtpx:TrackPointExtension>
      <gpxtpx:hr>157</gpxtpx:hr>
      <gpxtpx:cad>85</gpxtpx:cad>
     </gpxtpx:TrackPointExtension>
    </extensions>
   </trkpt>
   <trkpt lat="29.1432230" lon="119.5277900">
    <ele>32.0</ele>
    <time>2022-02-24T13:06:09Z</time>
    <extensions>
     <gpxtpx:TrackPointExtension>
      <gpxtpx:hr>157</gpxtpx:hr>
      <gpxtpx:cad>85</gpxtpx:cad>
     </gpxtpx:TrackPointExtension>
    </extensions>
   </trkpt>
   <trkpt lat="29.1432150" lon="119.5278000">
    <ele>32.0</ele>
    <time>2022-02-24T13:06:10Z</time>
    <extensions>
     <gpxtpx:TrackPointExtension>
      <gpxtpx:hr>157</gpxtpx:hr>
      <gpxtpx:cad>81</gpxtpx:cad>
     </gpxtpx:TrackPointExtension>
    </extensions>
   </trkpt>
   <trkpt lat="29.1432100" lon="119.5278240">
    <ele>32.0</ele>
    <time>2022-02-24T13:06:11Z</time>
    <extensions>
     <gpxtpx:TrackPointExtension>
      <gpxtpx:hr>158</gpxtpx:hr>
      <gpxtpx:cad>81</gpxtpx:cad>
     </gpxtpx:TrackPointExtension>
    </extensions>
   </trkpt>
   <trkpt lat="29.1432040" lon="119.5278500">
    <ele>32.0</ele>
    <time>2022-02-24T13:06:12Z</time>
    <extensions>
     <gpxtpx:TrackPointExtension>
      <gpxtpx:hr>158</gpxtpx:hr>
      <gpxtpx:cad>81</gpxtpx:cad>
     </gpxtpx:TrackPointExtension>
    </extensions>
   </trkpt>
   <trkpt lat="29.1431980" lon="119.5278700">
    <ele>32.0</ele>
    <time>2022-02-24T13:06:13Z</time>
    <extensions>
     <gpxtpx:TrackPointExtension>
      <gpxtpx:hr>158</gpxtpx:hr>
      <gpxtpx:cad>81</gpxtpx:cad>
     </gpxtpx:TrackPointExtension>
    </extensions>
   </trkpt>
   <trkpt lat="29.1431940" lon="119.5278900">
    <ele>32.0</ele>
    <time>2022-02-24T13:06:14Z</time>
    <extensions>
     <gpxtpx:TrackPointExtension>
      <gpxtpx:hr>158</gpxtpx:hr>
      <gpxtpx:cad>81</gpxtpx:cad>
     </gpxtpx:TrackPointExtension>
    </extensions>
   </trkpt>
   <trkpt lat="29.1431920" lon="119.5279160">
    <ele>32.0</ele>
    <time>2022-02-24T13:06:15Z</time>
    <extensions>
     <gpxtpx:TrackPointExtension>
      <gpxtpx:hr>158</gpxtpx:hr>
      <gpxtpx:cad>81</gpxtpx:cad>
     </gpxtpx:TrackPointExtension>
    </extensions>
   </trkpt>
   <trkpt lat="29.1431880" lon="119.5279400">
    <ele>32.0</ele>
    <time>2022-02-24T13:06:16Z</time>
    <extensions>
     <gpxtpx:TrackPointExtension>
      <gpxtpx:hr>158</gpxtpx:hr>
      <gpxtpx:cad>81</gpxtpx:cad>
     </gpxtpx:TrackPointExtension>
    </extensions>
   </trkpt>
   <trkpt lat="29.1431870" lon="119.5279540">
    <ele>32.0</ele>
    <time>2022-02-24T13:06:17Z</time>
    <extensions>
     <gpxtpx:TrackPointExtension>
      <gpxtpx:hr>158</gpxtpx:hr>
      <gpxtpx:cad>81</gpxtpx:cad>
     </gpxtpx:TrackPointExtension>
    </extensions>
   </trkpt>
   <trkpt lat="29.1431870" lon="119.5279800">
    <ele>32.0</ele>
    <time>2022-02-24T13:06:18Z</time>
    <extensions>
     <gpxtpx:TrackPointExtension>
      <gpxtpx:hr>158</gpxtpx:hr>
      <gpxtpx:cad>81</gpxtpx:cad>
     </gpxtpx:TrackPointExtension>
    </extensions>
   </trkpt>
   <trkpt lat="29.1431860" lon="119.5280070">
    <ele>32.0</ele>
    <time>2022-02-24T13:06:19Z</time>
    <extensions>
     <gpxtpx:TrackPointExtension>
      <gpxtpx:hr>158</gpxtpx:hr>
      <gpxtpx:cad>81</gpxtpx:cad>
     </gpxtpx:TrackPointExtension>
    </extensions>
   </trkpt>
   <trkpt lat="29.1431860" lon="119.5280130">
    <ele>32.0</ele>
    <time>2022-02-24T13:06:20Z</time>
    <extensions>
     <gpxtpx:TrackPointExtension>
      <gpxtpx:hr>156</gpxtpx:hr>
      <gpxtpx:cad>81</gpxtpx:cad>
     </gpxtpx:TrackPointExtension>
    </extensions>
   </trkpt>
   <trkpt lat="29.1431850" lon="119.5280200">
    <ele>32.0</ele>
    <time>2022-02-24T13:06:20Z</time>
    <extensions>
     <gpxtpx:TrackPointExtension>
      <gpxtpx:hr>156</gpxtpx:hr>
      <gpxtpx:cad>86</gpxtpx:cad>
     </gpxtpx:TrackPointExtension>
    </extensions>
   </trkpt>
   <trkpt lat="29.1431800" lon="119.5280460">
    <ele>32.0</ele>
    <time>2022-02-24T13:06:21Z</time>
    <extensions>
     <gpxtpx:TrackPointExtension>
      <gpxtpx:hr>156</gpxtpx:hr>
      <gpxtpx:cad>86</gpxtpx:cad>
     </gpxtpx:TrackPointExtension>
    </extensions>
   </trkpt>
   <trkpt lat="29.1431790" lon="119.5280700">
    <ele>32.0</ele>
    <time>2022-02-24T13:06:22Z</time>
    <extensions>
     <gpxtpx:TrackPointExtension>
      <gpxtpx:hr>156</gpxtpx:hr>
      <gpxtpx:cad>86</gpxtpx:cad>
     </gpxtpx:TrackPointExtension>
    </extensions>
   </trkpt>
   <trkpt lat="29.1431770" lon="119.5280900">
    <ele>32.0</ele>
    <time>2022-02-24T13:06:23Z</time>
    <extensions>
     <gpxtpx:TrackPointExtension>
      <gpxtpx:hr>156</gpxtpx:hr>
      <gpxtpx:cad>86</gpxtpx:cad>
     </gpxtpx:TrackPointExtension>
    </extensions>
   </trkpt>
   <trkpt lat="29.1431750" lon="119.5281100">
    <ele>32.0</ele>
    <time>2022-02-24T13:06:24Z</time>
    <extensions>
     <gpxtpx:TrackPointExtension>
      <gpxtpx:hr>156</gpxtpx:hr>
      <gpxtpx:cad>86</gpxtpx:cad>
     </gpxtpx:TrackPointExtension>
    </extensions>
   </trkpt>
   <trkpt lat="29.1431710" lon="119.5281300">
    <ele>32.0</ele>
    <time>2022-02-24T13:06:25Z</time>
    <extensions>
     <gpxtpx:TrackPointExtension>
      <gpxtpx:hr>156</gpxtpx:hr>
      <gpxtpx:cad>86</gpxtpx:cad>
     </gpxtpx:TrackPointExtension>
    </extensions>
   </trkpt>
   <trkpt lat="29.1431600" lon="119.5281500">
    <ele>32.0</ele>
    <time>2022-02-24T13:06:26Z</time>
    <extensions>
     <gpxtpx:TrackPointExtension>
      <gpxtpx:hr>156</gpxtpx:hr>
      <gpxtpx:cad>86</gpxtpx:cad>
     </gpxtpx:TrackPointExtension>
    </extensions>
   </trkpt>
   <trkpt lat="29.1431500" lon="119.5281750">
    <ele>32.0</ele>
    <time>2022-02-24T13:06:27Z</time>
    <extensions>
     <gpxtpx:TrackPointExtension>
      <gpxtpx:hr>156</gpxtpx:hr>
      <gpxtpx:cad>86</gpxtpx:cad>
     </gpxtpx:TrackPointExtension>
    </extensions>
   </trkpt>
   <trkpt lat="29.1431400" lon="119.5282000">
    <ele>32.0</ele>
    <time>2022-02-24T13:06:28Z</time>
    <extensions>
     <gpxtpx:TrackPointExtension>
      <gpxtpx:hr>156</gpxtpx:hr>
      <gpxtpx:cad>86</gpxtpx:cad>
     </gpxtpx:TrackPointExtension>
    </extensions>
   </trkpt>
   <trkpt lat="29.1431310" lon="119.5282200">
    <ele>32.0</ele>
    <time>2022-02-24T13:06:29Z</time>
    <extensions>
     <gpxtpx:TrackPointExtension>
      <gpxtpx:hr>156</gpxtpx:hr>
      <gpxtpx:cad>86</gpxtpx:cad>
     </gpxtpx:TrackPointExtension>
    </extensions>
   </trkpt>
   <trkpt lat="29.1431240" lon="119.5282440">
    <ele>32.0</ele>
    <time>2022-02-24T13:06:30Z</time>
    <extensions>
     <gpxtpx:TrackPointExtension>
      <gpxtpx:hr>155</gpxtpx:hr>
      <gpxtpx:cad>86</gpxtpx:cad>
     </gpxtpx:TrackPointExtension>
    </extensions>
   </trkpt>
   <trkpt lat="29.1431240" lon="119.5282440">
    <ele>32.0</ele>
    <time>2022-02-24T13:06:30Z</time>
    <extensions>
     <gpxtpx:TrackPointExtension>
      <gpxtpx:hr>155</gpxtpx:hr>
      <gpxtpx:cad>84</gpxtpx:cad>
     </gpxtpx:TrackPointExtension>
    </extensions>
   </trkpt>
   <trkpt lat="29.1431180" lon="119.5282600">
    <ele>32.0</ele>
    <time>2022-02-24T13:06:31Z</time>
    <extensions>
     <gpxtpx:TrackPointExtension>
      <gpxtpx:hr>155</gpxtpx:hr>
      <gpxtpx:cad>84</gpxtpx:cad>
     </gpxtpx:TrackPointExtension>
    </extensions>
   </trkpt>
   <trkpt lat="29.1431140" lon="119.5282800">
    <ele>32.0</ele>
    <time>2022-02-24T13:06:32Z</time>
    <extensions>
     <gpxtpx:TrackPointExtension>
      <gpxtpx:hr>155</gpxtpx:hr>
      <gpxtpx:cad>84</gpxtpx:cad>
     </gpxtpx:TrackPointExtension>
    </extensions>
   </trkpt>
   <trkpt lat="29.1431080" lon="119.5283050">
    <ele>32.0</ele>
    <time>2022-02-24T13:06:33Z</time>
    <extensions>
     <gpxtpx:TrackPointExtension>
      <gpxtpx:hr>155</gpxtpx:hr>
      <gpxtpx:cad>84</gpxtpx:cad>
     </gpxtpx:TrackPointExtension>
    </extensions>
   </trkpt>
   <trkpt lat="29.1431060" lon="119.5283200">
    <ele>32.0</ele>
    <time>2022-02-24T13:06:34Z</time>
    <extensions>
     <gpxtpx:TrackPointExtension>
      <gpxtpx:hr>155</gpxtpx:hr>
      <gpxtpx:cad>84</gpxtpx:cad>
     </gpxtpx:TrackPointExtension>
    </extensions>
   </trkpt>
   <trkpt lat="29.1431000" lon="119.5283400">
    <ele>32.0</ele>
    <time>2022-02-24T13:06:35Z</time>
    <extensions>
     <gpxtpx:TrackPointExtension>
      <gpxtpx:hr>155</gpxtpx:hr>
      <gpxtpx:cad>84</gpxtpx:cad>
     </gpxtpx:TrackPointExtension>
    </extensions>
   </trkpt>
   <trkpt lat="29.1430930" lon="119.5283660">
    <ele>32.0</ele>
    <time>2022-02-24T13:06:36Z</time>
    <extensions>
     <gpxtpx:TrackPointExtension>
      <gpxtpx:hr>155</gpxtpx:hr>
      <gpxtpx:cad>84</gpxtpx:cad>
     </gpxtpx:TrackPointExtension>
    </extensions>
   </trkpt>
   <trkpt lat="29.1430870" lon="119.5283800">
    <ele>32.0</ele>
    <time>2022-02-24T13:06:37Z</time>
    <extensions>
     <gpxtpx:TrackPointExtension>
      <gpxtpx:hr>155</gpxtpx:hr>
      <gpxtpx:cad>84</gpxtpx:cad>
     </gpxtpx:TrackPointExtension>
    </extensions>
   </trkpt>
   <trkpt lat="29.1430820" lon="119.5284040">
    <ele>32.0</ele>
    <time>2022-02-24T13:06:38Z</time>
    <extensions>
     <gpxtpx:TrackPointExtension>
      <gpxtpx:hr>155</gpxtpx:hr>
      <gpxtpx:cad>84</gpxtpx:cad>
     </gpxtpx:TrackPointExtension>
    </extensions>
   </trkpt>
   <trkpt lat="29.1430740" lon="119.5284300">
    <ele>31.9</ele>
    <time>2022-02-24T13:06:39Z</time>
    <extensions>
     <gpxtpx:TrackPointExtension>
      <gpxtpx:hr>155</gpxtpx:hr>
      <gpxtpx:cad>84</gpxtpx:cad>
     </gpxtpx:TrackPointExtension>
    </extensions>
   </trkpt>
   <trkpt lat="29.1430660" lon="119.5284500">
    <ele>31.9</ele>
    <time>2022-02-24T13:06:40Z</time>
    <extensions>
     <gpxtpx:TrackPointExtension>
      <gpxtpx:hr>154</gpxtpx:hr>
      <gpxtpx:cad>84</gpxtpx:cad>
     </gpxtpx:TrackPointExtension>
    </extensions>
   </trkpt>
   <trkpt lat="29.1430660" lon="119.5284500">
    <ele>31.9</ele>
    <time>2022-02-24T13:06:40Z</time>
    <extensions>
     <gpxtpx:TrackPointExtension>
      <gpxtpx:hr>154</gpxtpx:hr>
      <gpxtpx:cad>83</gpxtpx:cad>
     </gpxtpx:TrackPointExtension>
    </extensions>
   </trkpt>
   <trkpt lat="29.1430590" lon="119.5284650">
    <ele>31.6</ele>
    <time>2022-02-24T13:06:41Z</time>
    <extensions>
     <gpxtpx:TrackPointExtension>
      <gpxtpx:hr>154</gpxtpx:hr>
      <gpxtpx:cad>83</gpxtpx:cad>
     </gpxtpx:TrackPointExtension>
    </extensions>
   </trkpt>
   <trkpt lat="29.1430570" lon="119.5284960">
    <ele>31.6</ele>
    <time>2022-02-24T13:06:42Z</time>
    <extensions>
     <gpxtpx:TrackPointExtension>
      <gpxtpx:hr>154</gpxtpx:hr>
      <gpxtpx:cad>83</gpxtpx:cad>
     </gpxtpx:TrackPointExtension>
    </extensions>
   </trkpt>
   <trkpt lat="29.1430570" lon="119.5285200">
    <ele>31.4</ele>
    <time>2022-02-24T13:06:43Z</time>
    <extensions>
     <gpxtpx:TrackPointExtension>
      <gpxtpx:hr>154</gpxtpx:hr>
      <gpxtpx:cad>83</gpxtpx:cad>
     </gpxtpx:TrackPointExtension>
    </extensions>
   </trkpt>
   <trkpt lat="29.1430570" lon="119.5285500">
    <ele>31.2</ele>
    <time>2022-02-24T13:06:44Z</time>
    <extensions>
     <gpxtpx:TrackPointExtension>
      <gpxtpx:hr>154</gpxtpx:hr>
      <gpxtpx:cad>83</gpxtpx:cad>
     </gpxtpx:TrackPointExtension>
    </extensions>
   </trkpt>
   <trkpt lat="29.1430510" lon="119.5285700">
    <ele>31.1</ele>
    <time>2022-02-24T13:06:45Z</time>
    <extensions>
     <gpxtpx:TrackPointExtension>
      <gpxtpx:hr>154</gpxtpx:hr>
      <gpxtpx:cad>82</gpxtpx:cad>
     </gpxtpx:TrackPointExtension>
    </extensions>
   </trkpt>
   <trkpt lat="29.1430500" lon="119.5285900">
    <ele>31.0</ele>
    <time>2022-02-24T13:06:46Z</time>
    <extensions>
     <gpxtpx:TrackPointExtension>
      <gpxtpx:hr>154</gpxtpx:hr>
      <gpxtpx:cad>82</gpxtpx:cad>
     </gpxtpx:TrackPointExtension>
    </extensions>
   </trkpt>
   <trkpt lat="29.1430420" lon="119.5286100">
    <ele>31.0</ele>
    <time>2022-02-24T13:06:47Z</time>
    <extensions>
     <gpxtpx:TrackPointExtension>
      <gpxtpx:hr>154</gpxtpx:hr>
      <gpxtpx:cad>82</gpxtpx:cad>
     </gpxtpx:TrackPointExtension>
    </extensions>
   </trkpt>
   <trkpt lat="29.1430360" lon="119.5286300">
    <ele>31.0</ele>
    <time>2022-02-24T13:06:48Z</time>
    <extensions>
     <gpxtpx:TrackPointExtension>
      <gpxtpx:hr>154</gpxtpx:hr>
      <gpxtpx:cad>82</gpxtpx:cad>
     </gpxtpx:TrackPointExtension>
    </extensions>
   </trkpt>
   <trkpt lat="29.1430260" lon="119.5286560">
    <ele>31.0</ele>
    <time>2022-02-24T13:06:49Z</time>
    <extensions>
     <gpxtpx:TrackPointExtension>
      <gpxtpx:hr>154</gpxtpx:hr>
      <gpxtpx:cad>82</gpxtpx:cad>
     </gpxtpx:TrackPointExtension>
    </extensions>
   </trkpt>
   <trkpt lat="29.1430200" lon="119.5286800">
    <ele>31.0</ele>
    <time>2022-02-24T13:06:50Z</time>
    <extensions>
     <gpxtpx:TrackPointExtension>
      <gpxtpx:hr>154</gpxtpx:hr>
      <gpxtpx:cad>82</gpxtpx:cad>
     </gpxtpx:TrackPointExtension>
    </extensions>
   </trkpt>
   <trkpt lat="29.1430200" lon="119.5286800">
    <ele>31.0</ele>
    <time>2022-02-24T13:06:50Z</time>
    <extensions>
     <gpxtpx:TrackPointExtension>
      <gpxtpx:hr>154</gpxtpx:hr>
      <gpxtpx:cad>82</gpxtpx:cad>
     </gpxtpx:TrackPointExtension>
    </extensions>
   </trkpt>
   <trkpt lat="29.1430170" lon="119.5287000">
    <ele>31.0</ele>
    <time>2022-02-24T13:06:51Z</time>
    <extensions>
     <gpxtpx:TrackPointExtension>
      <gpxtpx:hr>154</gpxtpx:hr>
      <gpxtpx:cad>82</gpxtpx:cad>
     </gpxtpx:TrackPointExtension>
    </extensions>
   </trkpt>
   <trkpt lat="29.1430170" lon="119.5287250">
    <ele>31.0</ele>
    <time>2022-02-24T13:06:52Z</time>
    <extensions>
     <gpxtpx:TrackPointExtension>
      <gpxtpx:hr>154</gpxtpx:hr>
      <gpxtpx:cad>82</gpxtpx:cad>
     </gpxtpx:TrackPointExtension>
    </extensions>
   </trkpt>
   <trkpt lat="29.1430150" lon="119.5287500">
    <ele>31.0</ele>
    <time>2022-02-24T13:06:53Z</time>
    <extensions>
     <gpxtpx:TrackPointExtension>
      <gpxtpx:hr>154</gpxtpx:hr>
      <gpxtpx:cad>82</gpxtpx:cad>
     </gpxtpx:TrackPointExtension>
    </extensions>
   </trkpt>
   <trkpt lat="29.1430110" lon="119.5287800">
    <ele>31.1</ele>
    <time>2022-02-24T13:06:54Z</time>
    <extensions>
     <gpxtpx:TrackPointExtension>
      <gpxtpx:hr>154</gpxtpx:hr>
      <gpxtpx:cad>82</gpxtpx:cad>
     </gpxtpx:TrackPointExtension>
    </extensions>
   </trkpt>
   <trkpt lat="29.1430070" lon="119.5288000">
    <ele>31.1</ele>
    <time>2022-02-24T13:06:55Z</time>
    <extensions>
     <gpxtpx:TrackPointExtension>
      <gpxtpx:hr>154</gpxtpx:hr>
      <gpxtpx:cad>82</gpxtpx:cad>
     </gpxtpx:TrackPointExtension>
    </extensions>
   </trkpt>
   <trkpt lat="29.1430070" lon="119.5288240">
    <ele>31.3</ele>
    <time>2022-02-24T13:06:56Z</time>
    <extensions>
     <gpxtpx:TrackPointExtension>
      <gpxtpx:hr>154</gpxtpx:hr>
      <gpxtpx:cad>82</gpxtpx:cad>
     </gpxtpx:TrackPointExtension>
    </extensions>
   </trkpt>
   <trkpt lat="29.1430100" lon="119.5288500">
    <ele>31.6</ele>
    <time>2022-02-24T13:06:57Z</time>
    <extensions>
     <gpxtpx:TrackPointExtension>
      <gpxtpx:hr>154</gpxtpx:hr>
      <gpxtpx:cad>82</gpxtpx:cad>
     </gpxtpx:TrackPointExtension>
    </extensions>
   </trkpt>
   <trkpt lat="29.1430050" lon="119.5288700">
    <ele>31.6</ele>
    <time>2022-02-24T13:06:58Z</time>
    <extensions>
     <gpxtpx:TrackPointExtension>
      <gpxtpx:hr>154</gpxtpx:hr>
      <gpxtpx:cad>82</gpxtpx:cad>
     </gpxtpx:TrackPointExtension>
    </extensions>
   </trkpt>
   <trkpt lat="29.1430020" lon="119.5288850">
    <ele>31.6</ele>
    <time>2022-02-24T13:06:59Z</time>
    <extensions>
     <gpxtpx:TrackPointExtension>
      <gpxtpx:hr>154</gpxtpx:hr>
      <gpxtpx:cad>82</gpxtpx:cad>
     </gpxtpx:TrackPointExtension>
    </extensions>
   </trkpt>
   <trkpt lat="29.1429940" lon="119.5289100">
    <ele>31.8</ele>
    <time>2022-02-24T13:07:00Z</time>
    <extensions>
     <gpxtpx:TrackPointExtension>
      <gpxtpx:hr>153</gpxtpx:hr>
      <gpxtpx:cad>82</gpxtpx:cad>
     </gpxtpx:TrackPointExtension>
    </extensions>
   </trkpt>
   <trkpt lat="29.1429940" lon="119.5289100">
    <ele>31.8</ele>
    <time>2022-02-24T13:07:00Z</time>
    <extensions>
     <gpxtpx:TrackPointExtension>
      <gpxtpx:hr>153</gpxtpx:hr>
      <gpxtpx:cad>82</gpxtpx:cad>
     </gpxtpx:TrackPointExtension>
    </extensions>
   </trkpt>
   <trkpt lat="29.1429860" lon="119.5289300">
    <ele>31.8</ele>
    <time>2022-02-24T13:07:01Z</time>
    <extensions>
     <gpxtpx:TrackPointExtension>
      <gpxtpx:hr>153</gpxtpx:hr>
      <gpxtpx:cad>82</gpxtpx:cad>
     </gpxtpx:TrackPointExtension>
    </extensions>
   </trkpt>
   <trkpt lat="29.1429770" lon="119.5289500">
    <ele>32.0</ele>
    <time>2022-02-24T13:07:02Z</time>
    <extensions>
     <gpxtpx:TrackPointExtension>
      <gpxtpx:hr>153</gpxtpx:hr>
      <gpxtpx:cad>82</gpxtpx:cad>
     </gpxtpx:TrackPointExtension>
    </extensions>
   </trkpt>
   <trkpt lat="29.1429750" lon="119.5289800">
    <ele>32.0</ele>
    <time>2022-02-24T13:07:03Z</time>
    <extensions>
     <gpxtpx:TrackPointExtension>
      <gpxtpx:hr>153</gpxtpx:hr>
      <gpxtpx:cad>82</gpxtpx:cad>
     </gpxtpx:TrackPointExtension>
    </extensions>
   </trkpt>
   <trkpt lat="29.1429800" lon="119.5290100">
    <ele>32.0</ele>
    <time>2022-02-24T13:07:04Z</time>
    <extensions>
     <gpxtpx:TrackPointExtension>
      <gpxtpx:hr>153</gpxtpx:hr>
      <gpxtpx:cad>82</gpxtpx:cad>
     </gpxtpx:TrackPointExtension>
    </extensions>
   </trkpt>
   <trkpt lat="29.1429800" lon="119.5290300">
    <ele>32.0</ele>
    <time>2022-02-24T13:07:05Z</time>
    <extensions>
     <gpxtpx:TrackPointExtension>
      <gpxtpx:hr>153</gpxtpx:hr>
      <gpxtpx:cad>82</gpxtpx:cad>
     </gpxtpx:TrackPointExtension>
    </extensions>
   </trkpt>
   <trkpt lat="29.1429750" lon="119.5290500">
    <ele>32.0</ele>
    <time>2022-02-24T13:07:06Z</time>
    <extensions>
     <gpxtpx:TrackPointExtension>
      <gpxtpx:hr>153</gpxtpx:hr>
      <gpxtpx:cad>82</gpxtpx:cad>
     </gpxtpx:TrackPointExtension>
    </extensions>
   </trkpt>
   <trkpt lat="29.1429700" lon="119.5290760">
    <ele>32.0</ele>
    <time>2022-02-24T13:07:07Z</time>
    <extensions>
     <gpxtpx:TrackPointExtension>
      <gpxtpx:hr>153</gpxtpx:hr>
      <gpxtpx:cad>82</gpxtpx:cad>
     </gpxtpx:TrackPointExtension>
    </extensions>
   </trkpt>
   <trkpt lat="29.1429630" lon="119.5291000">
    <ele>32.0</ele>
    <time>2022-02-24T13:07:08Z</time>
    <extensions>
     <gpxtpx:TrackPointExtension>
      <gpxtpx:hr>153</gpxtpx:hr>
      <gpxtpx:cad>82</gpxtpx:cad>
     </gpxtpx:TrackPointExtension>
    </extensions>
   </trkpt>
   <trkpt lat="29.1429560" lon="119.5291200">
    <ele>31.9</ele>
    <time>2022-02-24T13:07:09Z</time>
    <extensions>
     <gpxtpx:TrackPointExtension>
      <gpxtpx:hr>153</gpxtpx:hr>
      <gpxtpx:cad>82</gpxtpx:cad>
     </gpxtpx:TrackPointExtension>
    </extensions>
   </trkpt>
   <trkpt lat="29.1429520" lon="119.5291440">
    <ele>31.9</ele>
    <time>2022-02-24T13:07:10Z</time>
    <extensions>
     <gpxtpx:TrackPointExtension>
      <gpxtpx:hr>153</gpxtpx:hr>
      <gpxtpx:cad>82</gpxtpx:cad>
     </gpxtpx:TrackPointExtension>
    </extensions>
   </trkpt>
   <trkpt lat="29.1429520" lon="119.5291440">
    <ele>31.9</ele>
    <time>2022-02-24T13:07:10Z</time>
    <extensions>
     <gpxtpx:TrackPointExtension>
      <gpxtpx:hr>153</gpxtpx:hr>
      <gpxtpx:cad>85</gpxtpx:cad>
     </gpxtpx:TrackPointExtension>
    </extensions>
   </trkpt>
   <trkpt lat="29.1429460" lon="119.5291750">
    <ele>31.7</ele>
    <time>2022-02-24T13:07:11Z</time>
    <extensions>
     <gpxtpx:TrackPointExtension>
      <gpxtpx:hr>153</gpxtpx:hr>
      <gpxtpx:cad>85</gpxtpx:cad>
     </gpxtpx:TrackPointExtension>
    </extensions>
   </trkpt>
   <trkpt lat="29.1429420" lon="119.5292000">
    <ele>31.5</ele>
    <time>2022-02-24T13:07:12Z</time>
    <extensions>
     <gpxtpx:TrackPointExtension>
      <gpxtpx:hr>153</gpxtpx:hr>
      <gpxtpx:cad>85</gpxtpx:cad>
     </gpxtpx:TrackPointExtension>
    </extensions>
   </trkpt>
   <trkpt lat="29.1429370" lon="119.5292300">
    <ele>31.4</ele>
    <time>2022-02-24T13:07:13Z</time>
    <extensions>
     <gpxtpx:TrackPointExtension>
      <gpxtpx:hr>153</gpxtpx:hr>
      <gpxtpx:cad>85</gpxtpx:cad>
     </gpxtpx:TrackPointExtension>
    </extensions>
   </trkpt>
   <trkpt lat="29.1429310" lon="119.5292400">
    <ele>31.2</ele>
    <time>2022-02-24T13:07:14Z</time>
    <extensions>
     <gpxtpx:TrackPointExtension>
      <gpxtpx:hr>153</gpxtpx:hr>
      <gpxtpx:cad>85</gpxtpx:cad>
     </gpxtpx:TrackPointExtension>
    </extensions>
   </trkpt>
   <trkpt lat="29.1429300" lon="119.5292700">
    <ele>31.2</ele>
    <time>2022-02-24T13:07:15Z</time>
    <extensions>
     <gpxtpx:TrackPointExtension>
      <gpxtpx:hr>153</gpxtpx:hr>
      <gpxtpx:cad>85</gpxtpx:cad>
     </gpxtpx:TrackPointExtension>
    </extensions>
   </trkpt>
   <trkpt lat="29.1429300" lon="119.5292900">
    <ele>30.9</ele>
    <time>2022-02-24T13:07:16Z</time>
    <extensions>
     <gpxtpx:TrackPointExtension>
      <gpxtpx:hr>153</gpxtpx:hr>
      <gpxtpx:cad>85</gpxtpx:cad>
     </gpxtpx:TrackPointExtension>
    </extensions>
   </trkpt>
   <trkpt lat="29.1429250" lon="119.5293100">
    <ele>30.9</ele>
    <time>2022-02-24T13:07:17Z</time>
    <extensions>
     <gpxtpx:TrackPointExtension>
      <gpxtpx:hr>153</gpxtpx:hr>
      <gpxtpx:cad>85</gpxtpx:cad>
     </gpxtpx:TrackPointExtension>
    </extensions>
   </trkpt>
   <trkpt lat="29.1429160" lon="119.5293300">
    <ele>30.7</ele>
    <time>2022-02-24T13:07:18Z</time>
    <extensions>
     <gpxtpx:TrackPointExtension>
      <gpxtpx:hr>153</gpxtpx:hr>
      <gpxtpx:cad>85</gpxtpx:cad>
     </gpxtpx:TrackPointExtension>
    </extensions>
   </trkpt>
   <trkpt lat="29.1429080" lon="119.5293500">
    <ele>30.7</ele>
    <time>2022-02-24T13:07:19Z</time>
    <extensions>
     <gpxtpx:TrackPointExtension>
      <gpxtpx:hr>153</gpxtpx:hr>
      <gpxtpx:cad>81</gpxtpx:cad>
     </gpxtpx:TrackPointExtension>
    </extensions>
   </trkpt>
   <trkpt lat="29.1428990" lon="119.5293660">
    <ele>30.4</ele>
    <time>2022-02-24T13:07:20Z</time>
    <extensions>
     <gpxtpx:TrackPointExtension>
      <gpxtpx:hr>155</gpxtpx:hr>
      <gpxtpx:cad>81</gpxtpx:cad>
     </gpxtpx:TrackPointExtension>
    </extensions>
   </trkpt>
   <trkpt lat="29.1428870" lon="119.5293900">
    <ele>30.4</ele>
    <time>2022-02-24T13:07:21Z</time>
    <extensions>
     <gpxtpx:TrackPointExtension>
      <gpxtpx:hr>155</gpxtpx:hr>
      <gpxtpx:cad>81</gpxtpx:cad>
     </gpxtpx:TrackPointExtension>
    </extensions>
   </trkpt>
   <trkpt lat="29.1428780" lon="119.5294100">
    <ele>30.2</ele>
    <time>2022-02-24T13:07:22Z</time>
    <extensions>
     <gpxtpx:TrackPointExtension>
      <gpxtpx:hr>155</gpxtpx:hr>
      <gpxtpx:cad>81</gpxtpx:cad>
     </gpxtpx:TrackPointExtension>
    </extensions>
   </trkpt>
   <trkpt lat="29.1428700" lon="119.5294340">
    <ele>30.2</ele>
    <time>2022-02-24T13:07:23Z</time>
    <extensions>
     <gpxtpx:TrackPointExtension>
      <gpxtpx:hr>155</gpxtpx:hr>
      <gpxtpx:cad>81</gpxtpx:cad>
     </gpxtpx:TrackPointExtension>
    </extensions>
   </trkpt>
   <trkpt lat="29.1428680" lon="119.5294500">
    <ele>30.0</ele>
    <time>2022-02-24T13:07:24Z</time>
    <extensions>
     <gpxtpx:TrackPointExtension>
      <gpxtpx:hr>155</gpxtpx:hr>
      <gpxtpx:cad>81</gpxtpx:cad>
     </gpxtpx:TrackPointExtension>
    </extensions>
   </trkpt>
   <trkpt lat="29.1428600" lon="119.5294700">
    <ele>30.0</ele>
    <time>2022-02-24T13:07:25Z</time>
    <extensions>
     <gpxtpx:TrackPointExtension>
      <gpxtpx:hr>155</gpxtpx:hr>
      <gpxtpx:cad>81</gpxtpx:cad>
     </gpxtpx:TrackPointExtension>
    </extensions>
   </trkpt>
   <trkpt lat="29.1428600" lon="119.5294950">
    <ele>29.8</ele>
    <time>2022-02-24T13:07:26Z</time>
    <extensions>
     <gpxtpx:TrackPointExtension>
      <gpxtpx:hr>155</gpxtpx:hr>
      <gpxtpx:cad>81</gpxtpx:cad>
     </gpxtpx:TrackPointExtension>
    </extensions>
   </trkpt>
   <trkpt lat="29.1428550" lon="119.5295200">
    <ele>29.8</ele>
    <time>2022-02-24T13:07:27Z</time>
    <extensions>
     <gpxtpx:TrackPointExtension>
      <gpxtpx:hr>155</gpxtpx:hr>
      <gpxtpx:cad>81</gpxtpx:cad>
     </gpxtpx:TrackPointExtension>
    </extensions>
   </trkpt>
   <trkpt lat="29.1428530" lon="119.5295400">
    <ele>29.7</ele>
    <time>2022-02-24T13:07:28Z</time>
    <extensions>
     <gpxtpx:TrackPointExtension>
      <gpxtpx:hr>155</gpxtpx:hr>
      <gpxtpx:cad>81</gpxtpx:cad>
     </gpxtpx:TrackPointExtension>
    </extensions>
   </trkpt>
   <trkpt lat="29.1428490" lon="119.5295640">
    <ele>29.7</ele>
    <time>2022-02-24T13:07:29Z</time>
    <extensions>
     <gpxtpx:TrackPointExtension>
      <gpxtpx:hr>155</gpxtpx:hr>
      <gpxtpx:cad>88</gpxtpx:cad>
     </gpxtpx:TrackPointExtension>
    </extensions>
   </trkpt>
   <trkpt lat="29.1428470" lon="119.5295900">
    <ele>29.5</ele>
    <time>2022-02-24T13:07:30Z</time>
    <extensions>
     <gpxtpx:TrackPointExtension>
      <gpxtpx:hr>155</gpxtpx:hr>
      <gpxtpx:cad>88</gpxtpx:cad>
     </gpxtpx:TrackPointExtension>
    </extensions>
   </trkpt>
   <trkpt lat="29.1428470" lon="119.5296100">
    <ele>29.5</ele>
    <time>2022-02-24T13:07:31Z</time>
    <extensions>
     <gpxtpx:TrackPointExtension>
      <gpxtpx:hr>155</gpxtpx:hr>
      <gpxtpx:cad>88</gpxtpx:cad>
     </gpxtpx:TrackPointExtension>
    </extensions>
   </trkpt>
   <trkpt lat="29.1428450" lon="119.5296300">
    <ele>29.5</ele>
    <time>2022-02-24T13:07:32Z</time>
    <extensions>
     <gpxtpx:TrackPointExtension>
      <gpxtpx:hr>155</gpxtpx:hr>
      <gpxtpx:cad>88</gpxtpx:cad>
     </gpxtpx:TrackPointExtension>
    </extensions>
   </trkpt>
   <trkpt lat="29.1428430" lon="119.5296600">
    <ele>29.5</ele>
    <time>2022-02-24T13:07:33Z</time>
    <extensions>
     <gpxtpx:TrackPointExtension>
      <gpxtpx:hr>155</gpxtpx:hr>
      <gpxtpx:cad>88</gpxtpx:cad>
     </gpxtpx:TrackPointExtension>
    </extensions>
   </trkpt>
   <trkpt lat="29.1428410" lon="119.5296860">
    <ele>29.8</ele>
    <time>2022-02-24T13:07:34Z</time>
    <extensions>
     <gpxtpx:TrackPointExtension>
      <gpxtpx:hr>155</gpxtpx:hr>
      <gpxtpx:cad>88</gpxtpx:cad>
     </gpxtpx:TrackPointExtension>
    </extensions>
   </trkpt>
   <trkpt lat="29.1428380" lon="119.5297100">
    <ele>30.1</ele>
    <time>2022-02-24T13:07:35Z</time>
    <extensions>
     <gpxtpx:TrackPointExtension>
      <gpxtpx:hr>155</gpxtpx:hr>
      <gpxtpx:cad>88</gpxtpx:cad>
     </gpxtpx:TrackPointExtension>
    </extensions>
   </trkpt>
   <trkpt lat="29.1428320" lon="119.5297300">
    <ele>30.1</ele>
    <time>2022-02-24T13:07:36Z</time>
    <extensions>
     <gpxtpx:TrackPointExtension>
      <gpxtpx:hr>155</gpxtpx:hr>
      <gpxtpx:cad>88</gpxtpx:cad>
     </gpxtpx:TrackPointExtension>
    </extensions>
   </trkpt>
   <trkpt lat="29.1428220" lon="119.5297500">
    <ele>30.5</ele>
    <time>2022-02-24T13:07:37Z</time>
    <extensions>
     <gpxtpx:TrackPointExtension>
      <gpxtpx:hr>155</gpxtpx:hr>
      <gpxtpx:cad>88</gpxtpx:cad>
     </gpxtpx:TrackPointExtension>
    </extensions>
   </trkpt>
   <trkpt lat="29.1428100" lon="119.5297600">
    <ele>30.5</ele>
    <time>2022-02-24T13:07:38Z</time>
    <extensions>
     <gpxtpx:TrackPointExtension>
      <gpxtpx:hr>155</gpxtpx:hr>
      <gpxtpx:cad>88</gpxtpx:cad>
     </gpxtpx:TrackPointExtension>
    </extensions>
   </trkpt>
   <trkpt lat="29.1428010" lon="119.5297850">
    <ele>30.5</ele>
    <time>2022-02-24T13:07:39Z</time>
    <extensions>
     <gpxtpx:TrackPointExtension>
      <gpxtpx:hr>155</gpxtpx:hr>
      <gpxtpx:cad>80</gpxtpx:cad>
     </gpxtpx:TrackPointExtension>
    </extensions>
   </trkpt>
   <trkpt lat="29.1427960" lon="119.5298160">
    <ele>30.9</ele>
    <time>2022-02-24T13:07:40Z</time>
    <extensions>
     <gpxtpx:TrackPointExtension>
      <gpxtpx:hr>156</gpxtpx:hr>
      <gpxtpx:cad>80</gpxtpx:cad>
     </gpxtpx:TrackPointExtension>
    </extensions>
   </trkpt>
   <trkpt lat="29.1427880" lon="119.5298300">
    <ele>31.1</ele>
    <time>2022-02-24T13:07:41Z</time>
    <extensions>
     <gpxtpx:TrackPointExtension>
      <gpxtpx:hr>156</gpxtpx:hr>
      <gpxtpx:cad>80</gpxtpx:cad>
     </gpxtpx:TrackPointExtension>
    </extensions>
   </trkpt>
   <trkpt lat="29.1427840" lon="119.5298600">
    <ele>31.6</ele>
    <time>2022-02-24T13:07:42Z</time>
    <extensions>
     <gpxtpx:TrackPointExtension>
      <gpxtpx:hr>156</gpxtpx:hr>
      <gpxtpx:cad>80</gpxtpx:cad>
     </gpxtpx:TrackPointExtension>
    </extensions>
   </trkpt>
   <trkpt lat="29.1427780" lon="119.5298800">
    <ele>32.1</ele>
    <time>2022-02-24T13:07:43Z</time>
    <extensions>
     <gpxtpx:TrackPointExtension>
      <gpxtpx:hr>156</gpxtpx:hr>
      <gpxtpx:cad>80</gpxtpx:cad>
     </gpxtpx:TrackPointExtension>
    </extensions>
   </trkpt>
   <trkpt lat="29.1427760" lon="119.5299100">
    <ele>32.1</ele>
    <time>2022-02-24T13:07:44Z</time>
    <extensions>
     <gpxtpx:TrackPointExtension>
      <gpxtpx:hr>156</gpxtpx:hr>
      <gpxtpx:cad>80</gpxtpx:cad>
     </gpxtpx:TrackPointExtension>
    </extensions>
   </trkpt>
   <trkpt lat="29.1427750" lon="119.5299300">
    <ele>32.6</ele>
    <time>2022-02-24T13:07:45Z</time>
    <extensions>
     <gpxtpx:TrackPointExtension>
      <gpxtpx:hr>156</gpxtpx:hr>
      <gpxtpx:cad>80</gpxtpx:cad>
     </gpxtpx:TrackPointExtension>
    </extensions>
   </trkpt>
   <trkpt lat="29.1427690" lon="119.5299500">
    <ele>32.6</ele>
    <time>2022-02-24T13:07:46Z</time>
    <extensions>
     <gpxtpx:TrackPointExtension>
      <gpxtpx:hr>156</gpxtpx:hr>
      <gpxtpx:cad>80</gpxtpx:cad>
     </gpxtpx:TrackPointExtension>
    </extensions>
   </trkpt>
   <trkpt lat="29.1427630" lon="119.5299800">
    <ele>33.1</ele>
    <time>2022-02-24T13:07:47Z</time>
    <extensions>
     <gpxtpx:TrackPointExtension>
      <gpxtpx:hr>156</gpxtpx:hr>
      <gpxtpx:cad>80</gpxtpx:cad>
     </gpxtpx:TrackPointExtension>
    </extensions>
   </trkpt>
   <trkpt lat="29.1427540" lon="119.5300100">
    <ele>33.3</ele>
    <time>2022-02-24T13:07:48Z</time>
    <extensions>
     <gpxtpx:TrackPointExtension>
      <gpxtpx:hr>156</gpxtpx:hr>
      <gpxtpx:cad>80</gpxtpx:cad>
     </gpxtpx:TrackPointExtension>
    </extensions>
   </trkpt>
   <trkpt lat="29.1427460" lon="119.5300300">
    <ele>33.3</ele>
    <time>2022-02-24T13:07:49Z</time>
    <extensions>
     <gpxtpx:TrackPointExtension>
      <gpxtpx:hr>156</gpxtpx:hr>
      <gpxtpx:cad>89</gpxtpx:cad>
     </gpxtpx:TrackPointExtension>
    </extensions>
   </trkpt>
   <trkpt lat="29.1427460" lon="119.5300500">
    <ele>33.6</ele>
    <time>2022-02-24T13:07:50Z</time>
    <extensions>
     <gpxtpx:TrackPointExtension>
      <gpxtpx:hr>158</gpxtpx:hr>
      <gpxtpx:cad>89</gpxtpx:cad>
     </gpxtpx:TrackPointExtension>
    </extensions>
   </trkpt>
   <trkpt lat="29.1427360" lon="119.5300800">
    <ele>33.6</ele>
    <time>2022-02-24T13:07:51Z</time>
    <extensions>
     <gpxtpx:TrackPointExtension>
      <gpxtpx:hr>158</gpxtpx:hr>
      <gpxtpx:cad>89</gpxtpx:cad>
     </gpxtpx:TrackPointExtension>
    </extensions>
   </trkpt>
   <trkpt lat="29.1427230" lon="119.5301000">
    <ele>33.8</ele>
    <time>2022-02-24T13:07:52Z</time>
    <extensions>
     <gpxtpx:TrackPointExtension>
      <gpxtpx:hr>158</gpxtpx:hr>
      <gpxtpx:cad>89</gpxtpx:cad>
     </gpxtpx:TrackPointExtension>
    </extensions>
   </trkpt>
   <trkpt lat="29.1427170" lon="119.5301200">
    <ele>33.8</ele>
    <time>2022-02-24T13:07:53Z</time>
    <extensions>
     <gpxtpx:TrackPointExtension>
      <gpxtpx:hr>158</gpxtpx:hr>
      <gpxtpx:cad>89</gpxtpx:cad>
     </gpxtpx:TrackPointExtension>
    </extensions>
   </trkpt>
   <trkpt lat="29.1427080" lon="119.5301400">
    <ele>34.1</ele>
    <time>2022-02-24T13:07:54Z</time>
    <extensions>
     <gpxtpx:TrackPointExtension>
      <gpxtpx:hr>158</gpxtpx:hr>
      <gpxtpx:cad>89</gpxtpx:cad>
     </gpxtpx:TrackPointExtension>
    </extensions>
   </trkpt>
   <trkpt lat="29.1427020" lon="119.5301600">
    <ele>34.1</ele>
    <time>2022-02-24T13:07:55Z</time>
    <extensions>
     <gpxtpx:TrackPointExtension>
      <gpxtpx:hr>158</gpxtpx:hr>
      <gpxtpx:cad>89</gpxtpx:cad>
     </gpxtpx:TrackPointExtension>
    </extensions>
   </trkpt>
   <trkpt lat="29.1426980" lon="119.5301800">
    <ele>34.3</ele>
    <time>2022-02-24T13:07:56Z</time>
    <extensions>
     <gpxtpx:TrackPointExtension>
      <gpxtpx:hr>158</gpxtpx:hr>
      <gpxtpx:cad>89</gpxtpx:cad>
     </gpxtpx:TrackPointExtension>
    </extensions>
   </trkpt>
   <trkpt lat="29.1426930" lon="119.5302050">
    <ele>34.3</ele>
    <time>2022-02-24T13:07:57Z</time>
    <extensions>
     <gpxtpx:TrackPointExtension>
      <gpxtpx:hr>158</gpxtpx:hr>
      <gpxtpx:cad>89</gpxtpx:cad>
     </gpxtpx:TrackPointExtension>
    </extensions>
   </trkpt>
   <trkpt lat="29.1426870" lon="119.5302350">
    <ele>34.6</ele>
    <time>2022-02-24T13:07:58Z</time>
    <extensions>
     <gpxtpx:TrackPointExtension>
      <gpxtpx:hr>158</gpxtpx:hr>
      <gpxtpx:cad>89</gpxtpx:cad>
     </gpxtpx:TrackPointExtension>
    </extensions>
   </trkpt>
   <trkpt lat="29.1426800" lon="119.5302660">
    <ele>34.8</ele>
    <time>2022-02-24T13:07:59Z</time>
    <extensions>
     <gpxtpx:TrackPointExtension>
      <gpxtpx:hr>158</gpxtpx:hr>
      <gpxtpx:cad>82</gpxtpx:cad>
     </gpxtpx:TrackPointExtension>
    </extensions>
   </trkpt>
   <trkpt lat="29.1426720" lon="119.5302900">
    <ele>34.8</ele>
    <time>2022-02-24T13:08:00Z</time>
    <extensions>
     <gpxtpx:TrackPointExtension>
      <gpxtpx:hr>158</gpxtpx:hr>
      <gpxtpx:cad>82</gpxtpx:cad>
     </gpxtpx:TrackPointExtension>
    </extensions>
   </trkpt>
   <trkpt lat="29.1426680" lon="119.5303100">
    <ele>35.0</ele>
    <time>2022-02-24T13:08:01Z</time>
    <extensions>
     <gpxtpx:TrackPointExtension>
      <gpxtpx:hr>158</gpxtpx:hr>
      <gpxtpx:cad>82</gpxtpx:cad>
     </gpxtpx:TrackPointExtension>
    </extensions>
   </trkpt>
   <trkpt lat="29.1426620" lon="119.5303340">
    <ele>35.0</ele>
    <time>2022-02-24T13:08:02Z</time>
    <extensions>
     <gpxtpx:TrackPointExtension>
      <gpxtpx:hr>158</gpxtpx:hr>
      <gpxtpx:cad>82</gpxtpx:cad>
     </gpxtpx:TrackPointExtension>
    </extensions>
   </trkpt>
   <trkpt lat="29.1426540" lon="119.5303600">
    <ele>34.9</ele>
    <time>2022-02-24T13:08:03Z</time>
    <extensions>
     <gpxtpx:TrackPointExtension>
      <gpxtpx:hr>158</gpxtpx:hr>
      <gpxtpx:cad>82</gpxtpx:cad>
     </gpxtpx:TrackPointExtension>
    </extensions>
   </trkpt>
   <trkpt lat="29.1426490" lon="119.5303800">
    <ele>34.9</ele>
    <time>2022-02-24T13:08:04Z</time>
    <extensions>
     <gpxtpx:TrackPointExtension>
      <gpxtpx:hr>158</gpxtpx:hr>
      <gpxtpx:cad>82</gpxtpx:cad>
     </gpxtpx:TrackPointExtension>
    </extensions>
   </trkpt>
   <trkpt lat="29.1426430" lon="119.5304000">
    <ele>34.9</ele>
    <time>2022-02-24T13:08:05Z</time>
    <extensions>
     <gpxtpx:TrackPointExtension>
      <gpxtpx:hr>158</gpxtpx:hr>
      <gpxtpx:cad>82</gpxtpx:cad>
     </gpxtpx:TrackPointExtension>
    </extensions>
   </trkpt>
   <trkpt lat="29.1426410" lon="119.5304200">
    <ele>35.0</ele>
    <time>2022-02-24T13:08:06Z</time>
    <extensions>
     <gpxtpx:TrackPointExtension>
      <gpxtpx:hr>158</gpxtpx:hr>
      <gpxtpx:cad>82</gpxtpx:cad>
     </gpxtpx:TrackPointExtension>
    </extensions>
   </trkpt>
   <trkpt lat="29.1426330" lon="119.5304400">
    <ele>35.0</ele>
    <time>2022-02-24T13:08:07Z</time>
    <extensions>
     <gpxtpx:TrackPointExtension>
      <gpxtpx:hr>158</gpxtpx:hr>
      <gpxtpx:cad>82</gpxtpx:cad>
     </gpxtpx:TrackPointExtension>
    </extensions>
   </trkpt>
   <trkpt lat="29.1426280" lon="119.5304640">
    <ele>35.0</ele>
    <time>2022-02-24T13:08:08Z</time>
    <extensions>
     <gpxtpx:TrackPointExtension>
      <gpxtpx:hr>158</gpxtpx:hr>
      <gpxtpx:cad>82</gpxtpx:cad>
     </gpxtpx:TrackPointExtension>
    </extensions>
   </trkpt>
   <trkpt lat="29.1426220" lon="119.5304900">
    <ele>35.0</ele>
    <time>2022-02-24T13:08:09Z</time>
    <extensions>
     <gpxtpx:TrackPointExtension>
      <gpxtpx:hr>158</gpxtpx:hr>
      <gpxtpx:cad>81</gpxtpx:cad>
     </gpxtpx:TrackPointExtension>
    </extensions>
   </trkpt>
   <trkpt lat="29.1426140" lon="119.5305100">
    <ele>35.0</ele>
    <time>2022-02-24T13:08:10Z</time>
    <extensions>
     <gpxtpx:TrackPointExtension>
      <gpxtpx:hr>158</gpxtpx:hr>
      <gpxtpx:cad>81</gpxtpx:cad>
     </gpxtpx:TrackPointExtension>
    </extensions>
   </trkpt>
   <trkpt lat="29.1426090" lon="119.5305250">
    <ele>35.0</ele>
    <time>2022-02-24T13:08:11Z</time>
    <extensions>
     <gpxtpx:TrackPointExtension>
      <gpxtpx:hr>157</gpxtpx:hr>
      <gpxtpx:cad>81</gpxtpx:cad>
     </gpxtpx:TrackPointExtension>
    </extensions>
   </trkpt>
   <trkpt lat="29.1426000" lon="119.5305560">
    <ele>35.0</ele>
    <time>2022-02-24T13:08:12Z</time>
    <extensions>
     <gpxtpx:TrackPointExtension>
      <gpxtpx:hr>157</gpxtpx:hr>
      <gpxtpx:cad>77</gpxtpx:cad>
     </gpxtpx:TrackPointExtension>
    </extensions>
   </trkpt>
   <trkpt lat="29.1425900" lon="119.5305800">
    <ele>35.0</ele>
    <time>2022-02-24T13:08:13Z</time>
    <extensions>
     <gpxtpx:TrackPointExtension>
      <gpxtpx:hr>157</gpxtpx:hr>
      <gpxtpx:cad>77</gpxtpx:cad>
     </gpxtpx:TrackPointExtension>
    </extensions>
   </trkpt>
   <trkpt lat="29.1425760" lon="119.5305940">
    <ele>35.0</ele>
    <time>2022-02-24T13:08:14Z</time>
    <extensions>
     <gpxtpx:TrackPointExtension>
      <gpxtpx:hr>157</gpxtpx:hr>
      <gpxtpx:cad>77</gpxtpx:cad>
     </gpxtpx:TrackPointExtension>
    </extensions>
   </trkpt>
   <trkpt lat="29.1425690" lon="119.5306100">
    <ele>35.0</ele>
    <time>2022-02-24T13:08:15Z</time>
    <extensions>
     <gpxtpx:TrackPointExtension>
      <gpxtpx:hr>157</gpxtpx:hr>
      <gpxtpx:cad>77</gpxtpx:cad>
     </gpxtpx:TrackPointExtension>
    </extensions>
   </trkpt>
   <trkpt lat="29.1425650" lon="119.5306240">
    <ele>35.0</ele>
    <time>2022-02-24T13:08:16Z</time>
    <extensions>
     <gpxtpx:TrackPointExtension>
      <gpxtpx:hr>157</gpxtpx:hr>
      <gpxtpx:cad>77</gpxtpx:cad>
     </gpxtpx:TrackPointExtension>
    </extensions>
   </trkpt>
   <trkpt lat="29.1425600" lon="119.5306500">
    <ele>35.0</ele>
    <time>2022-02-24T13:08:17Z</time>
    <extensions>
     <gpxtpx:TrackPointExtension>
      <gpxtpx:hr>157</gpxtpx:hr>
      <gpxtpx:cad>77</gpxtpx:cad>
     </gpxtpx:TrackPointExtension>
    </extensions>
   </trkpt>
   <trkpt lat="29.1425530" lon="119.5306700">
    <ele>35.0</ele>
    <time>2022-02-24T13:08:18Z</time>
    <extensions>
     <gpxtpx:TrackPointExtension>
      <gpxtpx:hr>157</gpxtpx:hr>
      <gpxtpx:cad>77</gpxtpx:cad>
     </gpxtpx:TrackPointExtension>
    </extensions>
   </trkpt>
   <trkpt lat="29.1425500" lon="119.5306900">
    <ele>35.0</ele>
    <time>2022-02-24T13:08:19Z</time>
    <extensions>
     <gpxtpx:TrackPointExtension>
      <gpxtpx:hr>157</gpxtpx:hr>
      <gpxtpx:cad>87</gpxtpx:cad>
     </gpxtpx:TrackPointExtension>
    </extensions>
   </trkpt>
   <trkpt lat="29.1425480" lon="119.5307160">
    <ele>35.2</ele>
    <time>2022-02-24T13:08:20Z</time>
    <extensions>
     <gpxtpx:TrackPointExtension>
      <gpxtpx:hr>158</gpxtpx:hr>
      <gpxtpx:cad>87</gpxtpx:cad>
     </gpxtpx:TrackPointExtension>
    </extensions>
   </trkpt>
   <trkpt lat="29.1425460" lon="119.5307400">
    <ele>35.4</ele>
    <time>2022-02-24T13:08:21Z</time>
    <extensions>
     <gpxtpx:TrackPointExtension>
      <gpxtpx:hr>158</gpxtpx:hr>
      <gpxtpx:cad>87</gpxtpx:cad>
     </gpxtpx:TrackPointExtension>
    </extensions>
   </trkpt>
   <trkpt lat="29.1425440" lon="119.5307540">
    <ele>35.4</ele>
    <time>2022-02-24T13:08:22Z</time>
    <extensions>
     <gpxtpx:TrackPointExtension>
      <gpxtpx:hr>158</gpxtpx:hr>
      <gpxtpx:cad>87</gpxtpx:cad>
     </gpxtpx:TrackPointExtension>
    </extensions>
   </trkpt>
   <trkpt lat="29.1425300" lon="119.5307800">
    <ele>35.6</ele>
    <time>2022-02-24T13:08:23Z</time>
    <extensions>
     <gpxtpx:TrackPointExtension>
      <gpxtpx:hr>158</gpxtpx:hr>
      <gpxtpx:cad>87</gpxtpx:cad>
     </gpxtpx:TrackPointExtension>
    </extensions>
   </trkpt>
   <trkpt lat="29.1425200" lon="119.5307900">
    <ele>35.8</ele>
    <time>2022-02-24T13:08:24Z</time>
    <extensions>
     <gpxtpx:TrackPointExtension>
      <gpxtpx:hr>158</gpxtpx:hr>
      <gpxtpx:cad>87</gpxtpx:cad>
     </gpxtpx:TrackPointExtension>
    </extensions>
   </trkpt>
   <trkpt lat="29.1425040" lon="119.5308100">
    <ele>35.8</ele>
    <time>2022-02-24T13:08:25Z</time>
    <extensions>
     <gpxtpx:TrackPointExtension>
      <gpxtpx:hr>158</gpxtpx:hr>
      <gpxtpx:cad>87</gpxtpx:cad>
     </gpxtpx:TrackPointExtension>
    </extensions>
   </trkpt>
   <trkpt lat="29.1424960" lon="119.5308200">
    <ele>35.8</ele>
    <time>2022-02-24T13:08:26Z</time>
    <extensions>
     <gpxtpx:TrackPointExtension>
      <gpxtpx:hr>158</gpxtpx:hr>
      <gpxtpx:cad>87</gpxtpx:cad>
     </gpxtpx:TrackPointExtension>
    </extensions>
   </trkpt>
   <trkpt lat="29.1424920" lon="119.5308460">
    <ele>35.9</ele>
    <time>2022-02-24T13:08:27Z</time>
    <extensions>
     <gpxtpx:TrackPointExtension>
      <gpxtpx:hr>158</gpxtpx:hr>
      <gpxtpx:cad>87</gpxtpx:cad>
     </gpxtpx:TrackPointExtension>
    </extensions>
   </trkpt>
   <trkpt lat="29.1424920" lon="119.5308700">
    <ele>35.9</ele>
    <time>2022-02-24T13:08:28Z</time>
    <extensions>
     <gpxtpx:TrackPointExtension>
      <gpxtpx:hr>158</gpxtpx:hr>
      <gpxtpx:cad>87</gpxtpx:cad>
     </gpxtpx:TrackPointExtension>
    </extensions>
   </trkpt>
   <trkpt lat="29.1424960" lon="119.5309000">
    <ele>35.9</ele>
    <time>2022-02-24T13:08:29Z</time>
    <extensions>
     <gpxtpx:TrackPointExtension>
      <gpxtpx:hr>158</gpxtpx:hr>
      <gpxtpx:cad>87</gpxtpx:cad>
     </gpxtpx:TrackPointExtension>
    </extensions>
   </trkpt>
   <trkpt lat="29.1424960" lon="119.5309000">
    <ele>35.9</ele>
    <time>2022-02-24T13:08:29Z</time>
    <extensions>
     <gpxtpx:TrackPointExtension>
      <gpxtpx:hr>158</gpxtpx:hr>
      <gpxtpx:cad>87</gpxtpx:cad>
     </gpxtpx:TrackPointExtension>
    </extensions>
   </trkpt>
   <trkpt lat="29.1424940" lon="119.5309200">
    <ele>35.9</ele>
    <time>2022-02-24T13:08:30Z</time>
    <extensions>
     <gpxtpx:TrackPointExtension>
      <gpxtpx:hr>158</gpxtpx:hr>
      <gpxtpx:cad>87</gpxtpx:cad>
     </gpxtpx:TrackPointExtension>
    </extensions>
   </trkpt>
   <trkpt lat="29.1424900" lon="119.5309450">
    <ele>36.0</ele>
    <time>2022-02-24T13:08:32Z</time>
    <extensions>
     <gpxtpx:TrackPointExtension>
      <gpxtpx:hr>158</gpxtpx:hr>
      <gpxtpx:cad>87</gpxtpx:cad>
     </gpxtpx:TrackPointExtension>
    </extensions>
   </trkpt>
   <trkpt lat="29.1424850" lon="119.5309700">
    <ele>36.0</ele>
    <time>2022-02-24T13:08:33Z</time>
    <extensions>
     <gpxtpx:TrackPointExtension>
      <gpxtpx:hr>158</gpxtpx:hr>
      <gpxtpx:cad>87</gpxtpx:cad>
     </gpxtpx:TrackPointExtension>
    </extensions>
   </trkpt>
   <trkpt lat="29.1424830" lon="119.5310000">
    <ele>36.0</ele>
    <time>2022-02-24T13:08:34Z</time>
    <extensions>
     <gpxtpx:TrackPointExtension>
      <gpxtpx:hr>158</gpxtpx:hr>
      <gpxtpx:cad>87</gpxtpx:cad>
     </gpxtpx:TrackPointExtension>
    </extensions>
   </trkpt>
   <trkpt lat="29.1424770" lon="119.5310200">
    <ele>36.0</ele>
    <time>2022-02-24T13:08:35Z</time>
    <extensions>
     <gpxtpx:TrackPointExtension>
      <gpxtpx:hr>158</gpxtpx:hr>
      <gpxtpx:cad>87</gpxtpx:cad>
     </gpxtpx:TrackPointExtension>
    </extensions>
   </trkpt>
   <trkpt lat="29.1424750" lon="119.5310440">
    <ele>36.0</ele>
    <time>2022-02-24T13:08:36Z</time>
    <extensions>
     <gpxtpx:TrackPointExtension>
      <gpxtpx:hr>158</gpxtpx:hr>
      <gpxtpx:cad>87</gpxtpx:cad>
     </gpxtpx:TrackPointExtension>
    </extensions>
   </trkpt>
   <trkpt lat="29.1424710" lon="119.5310700">
    <ele>36.0</ele>
    <time>2022-02-24T13:08:37Z</time>
    <extensions>
     <gpxtpx:TrackPointExtension>
      <gpxtpx:hr>158</gpxtpx:hr>
      <gpxtpx:cad>87</gpxtpx:cad>
     </gpxtpx:TrackPointExtension>
    </extensions>
   </trkpt>
   <trkpt lat="29.1424730" lon="119.5310800">
    <ele>36.0</ele>
    <time>2022-02-24T13:08:38Z</time>
    <extensions>
     <gpxtpx:TrackPointExtension>
      <gpxtpx:hr>158</gpxtpx:hr>
      <gpxtpx:cad>87</gpxtpx:cad>
     </gpxtpx:TrackPointExtension>
    </extensions>
   </trkpt>
   <trkpt lat="29.1424710" lon="119.5311050">
    <ele>36.0</ele>
    <time>2022-02-24T13:08:39Z</time>
    <extensions>
     <gpxtpx:TrackPointExtension>
      <gpxtpx:hr>158</gpxtpx:hr>
      <gpxtpx:cad>87</gpxtpx:cad>
     </gpxtpx:TrackPointExtension>
    </extensions>
   </trkpt>
   <trkpt lat="29.1424700" lon="119.5311200">
    <ele>36.0</ele>
    <time>2022-02-24T13:08:40Z</time>
    <extensions>
     <gpxtpx:TrackPointExtension>
      <gpxtpx:hr>158</gpxtpx:hr>
      <gpxtpx:cad>87</gpxtpx:cad>
     </gpxtpx:TrackPointExtension>
    </extensions>
   </trkpt>
   <trkpt lat="29.1424640" lon="119.5311400">
    <ele>36.0</ele>
    <time>2022-02-24T13:08:41Z</time>
    <extensions>
     <gpxtpx:TrackPointExtension>
      <gpxtpx:hr>158</gpxtpx:hr>
      <gpxtpx:cad>87</gpxtpx:cad>
     </gpxtpx:TrackPointExtension>
    </extensions>
   </trkpt>
   <trkpt lat="29.1424600" lon="119.5311660">
    <ele>36.0</ele>
    <time>2022-02-24T13:08:42Z</time>
    <extensions>
     <gpxtpx:TrackPointExtension>
      <gpxtpx:hr>158</gpxtpx:hr>
      <gpxtpx:cad>87</gpxtpx:cad>
     </gpxtpx:TrackPointExtension>
    </extensions>
   </trkpt>
   <trkpt lat="29.1424600" lon="119.5311900">
    <ele>36.0</ele>
    <time>2022-02-24T13:08:43Z</time>
    <extensions>
     <gpxtpx:TrackPointExtension>
      <gpxtpx:hr>158</gpxtpx:hr>
      <gpxtpx:cad>87</gpxtpx:cad>
     </gpxtpx:TrackPointExtension>
    </extensions>
   </trkpt>
   <trkpt lat="29.1424540" lon="119.5312100">
    <ele>35.8</ele>
    <time>2022-02-24T13:08:44Z</time>
    <extensions>
     <gpxtpx:TrackPointExtension>
      <gpxtpx:hr>158</gpxtpx:hr>
      <gpxtpx:cad>87</gpxtpx:cad>
     </gpxtpx:TrackPointExtension>
    </extensions>
   </trkpt>
   <trkpt lat="29.1424500" lon="119.5312350">
    <ele>35.8</ele>
    <time>2022-02-24T13:08:45Z</time>
    <extensions>
     <gpxtpx:TrackPointExtension>
      <gpxtpx:hr>158</gpxtpx:hr>
      <gpxtpx:cad>87</gpxtpx:cad>
     </gpxtpx:TrackPointExtension>
    </extensions>
   </trkpt>
   <trkpt lat="29.1424470" lon="119.5312500">
    <ele>35.8</ele>
    <time>2022-02-24T13:08:46Z</time>
    <extensions>
     <gpxtpx:TrackPointExtension>
      <gpxtpx:hr>158</gpxtpx:hr>
      <gpxtpx:cad>87</gpxtpx:cad>
     </gpxtpx:TrackPointExtension>
    </extensions>
   </trkpt>
   <trkpt lat="29.1424450" lon="119.5312700">
    <ele>35.6</ele>
    <time>2022-02-24T13:08:47Z</time>
    <extensions>
     <gpxtpx:TrackPointExtension>
      <gpxtpx:hr>158</gpxtpx:hr>
      <gpxtpx:cad>87</gpxtpx:cad>
     </gpxtpx:TrackPointExtension>
    </extensions>
   </trkpt>
   <trkpt lat="29.1424400" lon="119.5312800">
    <ele>35.6</ele>
    <time>2022-02-24T13:08:48Z</time>
    <extensions>
     <gpxtpx:TrackPointExtension>
      <gpxtpx:hr>158</gpxtpx:hr>
      <gpxtpx:cad>87</gpxtpx:cad>
     </gpxtpx:TrackPointExtension>
    </extensions>
   </trkpt>
   <trkpt lat="29.1424400" lon="119.5313000">
    <ele>35.5</ele>
    <time>2022-02-24T13:08:49Z</time>
    <extensions>
     <gpxtpx:TrackPointExtension>
      <gpxtpx:hr>157</gpxtpx:hr>
      <gpxtpx:cad>87</gpxtpx:cad>
     </gpxtpx:TrackPointExtension>
    </extensions>
   </trkpt>
   <trkpt lat="29.1424430" lon="119.5313300">
    <ele>35.5</ele>
    <time>2022-02-24T13:08:50Z</time>
    <extensions>
     <gpxtpx:TrackPointExtension>
      <gpxtpx:hr>157</gpxtpx:hr>
      <gpxtpx:cad>84</gpxtpx:cad>
     </gpxtpx:TrackPointExtension>
    </extensions>
   </trkpt>
   <trkpt lat="29.1424400" lon="119.5313500">
    <ele>35.4</ele>
    <time>2022-02-24T13:08:51Z</time>
    <extensions>
     <gpxtpx:TrackPointExtension>
      <gpxtpx:hr>157</gpxtpx:hr>
      <gpxtpx:cad>84</gpxtpx:cad>
     </gpxtpx:TrackPointExtension>
    </extensions>
   </trkpt>
   <trkpt lat="29.1424350" lon="119.5313700">
    <ele>35.4</ele>
    <time>2022-02-24T13:08:52Z</time>
    <extensions>
     <gpxtpx:TrackPointExtension>
      <gpxtpx:hr>157</gpxtpx:hr>
      <gpxtpx:cad>84</gpxtpx:cad>
     </gpxtpx:TrackPointExtension>
    </extensions>
   </trkpt>
   <trkpt lat="29.1424330" lon="119.5313950">
    <ele>35.2</ele>
    <time>2022-02-24T13:08:53Z</time>
    <extensions>
     <gpxtpx:TrackPointExtension>
      <gpxtpx:hr>157</gpxtpx:hr>
      <gpxtpx:cad>84</gpxtpx:cad>
     </gpxtpx:TrackPointExtension>
    </extensions>
   </trkpt>
   <trkpt lat="29.1424300" lon="119.5314200">
    <ele>35.2</ele>
    <time>2022-02-24T13:08:54Z</time>
    <extensions>
     <gpxtpx:TrackPointExtension>
      <gpxtpx:hr>157</gpxtpx:hr>
      <gpxtpx:cad>84</gpxtpx:cad>
     </gpxtpx:TrackPointExtension>
    </extensions>
   </trkpt>
   <trkpt lat="29.1424260" lon="119.5314400">
    <ele>35.1</ele>
    <time>2022-02-24T13:08:55Z</time>
    <extensions>
     <gpxtpx:TrackPointExtension>
      <gpxtpx:hr>157</gpxtpx:hr>
      <gpxtpx:cad>84</gpxtpx:cad>
     </gpxtpx:TrackPointExtension>
    </extensions>
   </trkpt>
   <trkpt lat="29.1424160" lon="119.5314560">
    <ele>35.2</ele>
    <time>2022-02-24T13:08:56Z</time>
    <extensions>
     <gpxtpx:TrackPointExtension>
      <gpxtpx:hr>157</gpxtpx:hr>
      <gpxtpx:cad>84</gpxtpx:cad>
     </gpxtpx:TrackPointExtension>
    </extensions>
   </trkpt>
   <trkpt lat="29.1424060" lon="119.5314700">
    <ele>35.0</ele>
    <time>2022-02-24T13:08:57Z</time>
    <extensions>
     <gpxtpx:TrackPointExtension>
      <gpxtpx:hr>157</gpxtpx:hr>
      <gpxtpx:cad>84</gpxtpx:cad>
     </gpxtpx:TrackPointExtension>
    </extensions>
   </trkpt>
   <trkpt lat="29.1423970" lon="119.5314940">
    <ele>35.0</ele>
    <time>2022-02-24T13:08:58Z</time>
    <extensions>
     <gpxtpx:TrackPointExtension>
      <gpxtpx:hr>157</gpxtpx:hr>
      <gpxtpx:cad>84</gpxtpx:cad>
     </gpxtpx:TrackPointExtension>
    </extensions>
   </trkpt>
   <trkpt lat="29.1423900" lon="119.5315100">
    <ele>34.9</ele>
    <time>2022-02-24T13:08:59Z</time>
    <extensions>
     <gpxtpx:TrackPointExtension>
      <gpxtpx:hr>154</gpxtpx:hr>
      <gpxtpx:cad>84</gpxtpx:cad>
     </gpxtpx:TrackPointExtension>
    </extensions>
   </trkpt>
   <trkpt lat="29.1423840" lon="119.5315300">
    <ele>34.9</ele>
    <time>2022-02-24T13:09:00Z</time>
    <extensions>
     <gpxtpx:TrackPointExtension>
      <gpxtpx:hr>154</gpxtpx:hr>
      <gpxtpx:cad>80</gpxtpx:cad>
     </gpxtpx:TrackPointExtension>
    </extensions>
   </trkpt>
   <trkpt lat="29.1423740" lon="119.5315550">
    <ele>34.6</ele>
    <time>2022-02-24T13:09:01Z</time>
    <extensions>
     <gpxtpx:TrackPointExtension>
      <gpxtpx:hr>154</gpxtpx:hr>
      <gpxtpx:cad>80</gpxtpx:cad>
     </gpxtpx:TrackPointExtension>
    </extensions>
   </trkpt>
   <trkpt lat="29.1423650" lon="119.5315800">
    <ele>34.6</ele>
    <time>2022-02-24T13:09:02Z</time>
    <extensions>
     <gpxtpx:TrackPointExtension>
      <gpxtpx:hr>154</gpxtpx:hr>
      <gpxtpx:cad>80</gpxtpx:cad>
     </gpxtpx:TrackPointExtension>
    </extensions>
   </trkpt>
   <trkpt lat="29.1423590" lon="119.5316000">
    <ele>34.3</ele>
    <time>2022-02-24T13:09:03Z</time>
    <extensions>
     <gpxtpx:TrackPointExtension>
      <gpxtpx:hr>154</gpxtpx:hr>
      <gpxtpx:cad>80</gpxtpx:cad>
     </gpxtpx:TrackPointExtension>
    </extensions>
   </trkpt>
   <trkpt lat="29.1423530" lon="119.5316300">
    <ele>34.3</ele>
    <time>2022-02-24T13:09:04Z</time>
    <extensions>
     <gpxtpx:TrackPointExtension>
      <gpxtpx:hr>154</gpxtpx:hr>
      <gpxtpx:cad>80</gpxtpx:cad>
     </gpxtpx:TrackPointExtension>
    </extensions>
   </trkpt>
   <trkpt lat="29.1423510" lon="119.5316540">
    <ele>34.1</ele>
    <time>2022-02-24T13:09:05Z</time>
    <extensions>
     <gpxtpx:TrackPointExtension>
      <gpxtpx:hr>154</gpxtpx:hr>
      <gpxtpx:cad>80</gpxtpx:cad>
     </gpxtpx:TrackPointExtension>
    </extensions>
   </trkpt>
   <trkpt lat="29.1423510" lon="119.5316800">
    <ele>33.9</ele>
    <time>2022-02-24T13:09:06Z</time>
    <extensions>
     <gpxtpx:TrackPointExtension>
      <gpxtpx:hr>154</gpxtpx:hr>
      <gpxtpx:cad>80</gpxtpx:cad>
     </gpxtpx:TrackPointExtension>
    </extensions>
   </trkpt>
   <trkpt lat="29.1423440" lon="119.5317000">
    <ele>33.9</ele>
    <time>2022-02-24T13:09:07Z</time>
    <extensions>
     <gpxtpx:TrackPointExtension>
      <gpxtpx:hr>154</gpxtpx:hr>
      <gpxtpx:cad>80</gpxtpx:cad>
     </gpxtpx:TrackPointExtension>
    </extensions>
   </trkpt>
   <trkpt lat="29.1423380" lon="119.5317150">
    <ele>33.6</ele>
    <time>2022-02-24T13:09:08Z</time>
    <extensions>
     <gpxtpx:TrackPointExtension>
      <gpxtpx:hr>154</gpxtpx:hr>
      <gpxtpx:cad>80</gpxtpx:cad>
     </gpxtpx:TrackPointExtension>
    </extensions>
   </trkpt>
   <trkpt lat="29.1423320" lon="119.5317400">
    <ele>33.4</ele>
    <time>2022-02-24T13:09:09Z</time>
    <extensions>
     <gpxtpx:TrackPointExtension>
      <gpxtpx:hr>153</gpxtpx:hr>
      <gpxtpx:cad>80</gpxtpx:cad>
     </gpxtpx:TrackPointExtension>
    </extensions>
   </trkpt>
   <trkpt lat="29.1423300" lon="119.5317600">
    <ele>33.4</ele>
    <time>2022-02-24T13:09:10Z</time>
    <extensions>
     <gpxtpx:TrackPointExtension>
      <gpxtpx:hr>153</gpxtpx:hr>
      <gpxtpx:cad>78</gpxtpx:cad>
     </gpxtpx:TrackPointExtension>
    </extensions>
   </trkpt>
   <trkpt lat="29.1423260" lon="119.5317840">
    <ele>33.1</ele>
    <time>2022-02-24T13:09:11Z</time>
    <extensions>
     <gpxtpx:TrackPointExtension>
      <gpxtpx:hr>153</gpxtpx:hr>
      <gpxtpx:cad>78</gpxtpx:cad>
     </gpxtpx:TrackPointExtension>
    </extensions>
   </trkpt>
   <trkpt lat="29.1423240" lon="119.5318100">
    <ele>32.9</ele>
    <time>2022-02-24T13:09:12Z</time>
    <extensions>
     <gpxtpx:TrackPointExtension>
      <gpxtpx:hr>153</gpxtpx:hr>
      <gpxtpx:cad>78</gpxtpx:cad>
     </gpxtpx:TrackPointExtension>
    </extensions>
   </trkpt>
   <trkpt lat="29.1423230" lon="119.5318300">
    <ele>32.9</ele>
    <time>2022-02-24T13:09:13Z</time>
    <extensions>
     <gpxtpx:TrackPointExtension>
      <gpxtpx:hr>153</gpxtpx:hr>
      <gpxtpx:cad>78</gpxtpx:cad>
     </gpxtpx:TrackPointExtension>
    </extensions>
   </trkpt>
   <trkpt lat="29.1423190" lon="119.5318500">
    <ele>32.9</ele>
    <time>2022-02-24T13:09:14Z</time>
    <extensions>
     <gpxtpx:TrackPointExtension>
      <gpxtpx:hr>153</gpxtpx:hr>
      <gpxtpx:cad>78</gpxtpx:cad>
     </gpxtpx:TrackPointExtension>
    </extensions>
   </trkpt>
   <trkpt lat="29.1423130" lon="119.5318760">
    <ele>32.6</ele>
    <time>2022-02-24T13:09:15Z</time>
    <extensions>
     <gpxtpx:TrackPointExtension>
      <gpxtpx:hr>153</gpxtpx:hr>
      <gpxtpx:cad>78</gpxtpx:cad>
     </gpxtpx:TrackPointExtension>
    </extensions>
   </trkpt>
   <trkpt lat="29.1423070" lon="119.5319000">
    <ele>32.4</ele>
    <time>2022-02-24T13:09:16Z</time>
    <extensions>
     <gpxtpx:TrackPointExtension>
      <gpxtpx:hr>153</gpxtpx:hr>
      <gpxtpx:cad>78</gpxtpx:cad>
     </gpxtpx:TrackPointExtension>
    </extensions>
   </trkpt>
   <trkpt lat="29.1423030" lon="119.5319100">
    <ele>32.3</ele>
    <time>2022-02-24T13:09:17Z</time>
    <extensions>
     <gpxtpx:TrackPointExtension>
      <gpxtpx:hr>153</gpxtpx:hr>
      <gpxtpx:cad>78</gpxtpx:cad>
     </gpxtpx:TrackPointExtension>
    </extensions>
   </trkpt>
   <trkpt lat="29.1423000" lon="119.5319400">
    <ele>32.2</ele>
    <time>2022-02-24T13:09:18Z</time>
    <extensions>
     <gpxtpx:TrackPointExtension>
      <gpxtpx:hr>153</gpxtpx:hr>
      <gpxtpx:cad>78</gpxtpx:cad>
     </gpxtpx:TrackPointExtension>
    </extensions>
   </trkpt>
   <trkpt lat="29.1422900" lon="119.5319600">
    <ele>32.2</ele>
    <time>2022-02-24T13:09:19Z</time>
    <extensions>
     <gpxtpx:TrackPointExtension>
      <gpxtpx:hr>153</gpxtpx:hr>
      <gpxtpx:cad>78</gpxtpx:cad>
     </gpxtpx:TrackPointExtension>
    </extensions>
   </trkpt>
   <trkpt lat="29.1422800" lon="119.5319750">
    <ele>32.2</ele>
    <time>2022-02-24T13:09:20Z</time>
    <extensions>
     <gpxtpx:TrackPointExtension>
      <gpxtpx:hr>153</gpxtpx:hr>
      <gpxtpx:cad>80</gpxtpx:cad>
     </gpxtpx:TrackPointExtension>
    </extensions>
   </trkpt>
   <trkpt lat="29.1422800" lon="119.5319750">
    <ele>32.2</ele>
    <time>2022-02-24T13:09:20Z</time>
    <extensions>
     <gpxtpx:TrackPointExtension>
      <gpxtpx:hr>152</gpxtpx:hr>
      <gpxtpx:cad>80</gpxtpx:cad>
     </gpxtpx:TrackPointExtension>
    </extensions>
   </trkpt>
   <trkpt lat="29.1422730" lon="119.5319900">
    <ele>32.0</ele>
    <time>2022-02-24T13:09:21Z</time>
    <extensions>
     <gpxtpx:TrackPointExtension>
      <gpxtpx:hr>152</gpxtpx:hr>
      <gpxtpx:cad>80</gpxtpx:cad>
     </gpxtpx:TrackPointExtension>
    </extensions>
   </trkpt>
   <trkpt lat="29.1422700" lon="119.5320100">
    <ele>32.0</ele>
    <time>2022-02-24T13:09:22Z</time>
    <extensions>
     <gpxtpx:TrackPointExtension>
      <gpxtpx:hr>152</gpxtpx:hr>
      <gpxtpx:cad>80</gpxtpx:cad>
     </gpxtpx:TrackPointExtension>
    </extensions>
   </trkpt>
   <trkpt lat="29.1422650" lon="119.5320300">
    <ele>31.9</ele>
    <time>2022-02-24T13:09:23Z</time>
    <extensions>
     <gpxtpx:TrackPointExtension>
      <gpxtpx:hr>152</gpxtpx:hr>
      <gpxtpx:cad>80</gpxtpx:cad>
     </gpxtpx:TrackPointExtension>
    </extensions>
   </trkpt>
   <trkpt lat="29.1422620" lon="119.5320600">
    <ele>31.9</ele>
    <time>2022-02-24T13:09:24Z</time>
    <extensions>
     <gpxtpx:TrackPointExtension>
      <gpxtpx:hr>152</gpxtpx:hr>
      <gpxtpx:cad>80</gpxtpx:cad>
     </gpxtpx:TrackPointExtension>
    </extensions>
   </trkpt>
   <trkpt lat="29.1422600" lon="119.5320800">
    <ele>31.7</ele>
    <time>2022-02-24T13:09:25Z</time>
    <extensions>
     <gpxtpx:TrackPointExtension>
      <gpxtpx:hr>152</gpxtpx:hr>
      <gpxtpx:cad>80</gpxtpx:cad>
     </gpxtpx:TrackPointExtension>
    </extensions>
   </trkpt>
   <trkpt lat="29.1422560" lon="119.5321100">
    <ele>31.5</ele>
    <time>2022-02-24T13:09:26Z</time>
    <extensions>
     <gpxtpx:TrackPointExtension>
      <gpxtpx:hr>152</gpxtpx:hr>
      <gpxtpx:cad>80</gpxtpx:cad>
     </gpxtpx:TrackPointExtension>
    </extensions>
   </trkpt>
   <trkpt lat="29.1422460" lon="119.5321350">
    <ele>31.5</ele>
    <time>2022-02-24T13:09:27Z</time>
    <extensions>
     <gpxtpx:TrackPointExtension>
      <gpxtpx:hr>152</gpxtpx:hr>
      <gpxtpx:cad>80</gpxtpx:cad>
     </gpxtpx:TrackPointExtension>
    </extensions>
   </trkpt>
   <trkpt lat="29.1422420" lon="119.5321660">
    <ele>31.3</ele>
    <time>2022-02-24T13:09:28Z</time>
    <extensions>
     <gpxtpx:TrackPointExtension>
      <gpxtpx:hr>152</gpxtpx:hr>
      <gpxtpx:cad>80</gpxtpx:cad>
     </gpxtpx:TrackPointExtension>
    </extensions>
   </trkpt>
   <trkpt lat="29.1422390" lon="119.5321900">
    <ele>31.3</ele>
    <time>2022-02-24T13:09:29Z</time>
    <extensions>
     <gpxtpx:TrackPointExtension>
      <gpxtpx:hr>152</gpxtpx:hr>
      <gpxtpx:cad>80</gpxtpx:cad>
     </gpxtpx:TrackPointExtension>
    </extensions>
   </trkpt>
   <trkpt lat="29.1422330" lon="119.5322100">
    <ele>31.1</ele>
    <time>2022-02-24T13:09:30Z</time>
    <extensions>
     <gpxtpx:TrackPointExtension>
      <gpxtpx:hr>152</gpxtpx:hr>
      <gpxtpx:cad>89</gpxtpx:cad>
     </gpxtpx:TrackPointExtension>
    </extensions>
   </trkpt>
   <trkpt lat="29.1422330" lon="119.5322100">
    <ele>31.1</ele>
    <time>2022-02-24T13:09:30Z</time>
    <extensions>
     <gpxtpx:TrackPointExtension>
      <gpxtpx:hr>154</gpxtpx:hr>
      <gpxtpx:cad>89</gpxtpx:cad>
     </gpxtpx:TrackPointExtension>
    </extensions>
   </trkpt>
   <trkpt lat="29.1422270" lon="119.5322340">
    <ele>30.9</ele>
    <time>2022-02-24T13:09:31Z</time>
    <extensions>
     <gpxtpx:TrackPointExtension>
      <gpxtpx:hr>154</gpxtpx:hr>
      <gpxtpx:cad>89</gpxtpx:cad>
     </gpxtpx:TrackPointExtension>
    </extensions>
   </trkpt>
   <trkpt lat="29.1422230" lon="119.5322600">
    <ele>30.6</ele>
    <time>2022-02-24T13:09:32Z</time>
    <extensions>
     <gpxtpx:TrackPointExtension>
      <gpxtpx:hr>154</gpxtpx:hr>
      <gpxtpx:cad>89</gpxtpx:cad>
     </gpxtpx:TrackPointExtension>
    </extensions>
   </trkpt>
   <trkpt lat="29.1422200" lon="119.5322800">
    <ele>30.4</ele>
    <time>2022-02-24T13:09:33Z</time>
    <extensions>
     <gpxtpx:TrackPointExtension>
      <gpxtpx:hr>154</gpxtpx:hr>
      <gpxtpx:cad>89</gpxtpx:cad>
     </gpxtpx:TrackPointExtension>
    </extensions>
   </trkpt>
   <trkpt lat="29.1422140" lon="119.5323000">
    <ele>30.4</ele>
    <time>2022-02-24T13:09:34Z</time>
    <extensions>
     <gpxtpx:TrackPointExtension>
      <gpxtpx:hr>154</gpxtpx:hr>
      <gpxtpx:cad>89</gpxtpx:cad>
     </gpxtpx:TrackPointExtension>
    </extensions>
   </trkpt>
   <trkpt lat="29.1422020" lon="119.5323260">
    <ele>30.1</ele>
    <time>2022-02-24T13:09:35Z</time>
    <extensions>
     <gpxtpx:TrackPointExtension>
      <gpxtpx:hr>154</gpxtpx:hr>
      <gpxtpx:cad>89</gpxtpx:cad>
     </gpxtpx:TrackPointExtension>
    </extensions>
   </trkpt>
   <trkpt lat="29.1421950" lon="119.5323400">
    <ele>30.1</ele>
    <time>2022-02-24T13:09:36Z</time>
    <extensions>
     <gpxtpx:TrackPointExtension>
      <gpxtpx:hr>154</gpxtpx:hr>
      <gpxtpx:cad>89</gpxtpx:cad>
     </gpxtpx:TrackPointExtension>
    </extensions>
   </trkpt>
   <trkpt lat="29.1421900" lon="119.5323640">
    <ele>30.2</ele>
    <time>2022-02-24T13:09:37Z</time>
    <extensions>
     <gpxtpx:TrackPointExtension>
      <gpxtpx:hr>154</gpxtpx:hr>
      <gpxtpx:cad>89</gpxtpx:cad>
     </gpxtpx:TrackPointExtension>
    </extensions>
   </trkpt>
   <trkpt lat="29.1421870" lon="119.5323900">
    <ele>30.2</ele>
    <time>2022-02-24T13:09:38Z</time>
    <extensions>
     <gpxtpx:TrackPointExtension>
      <gpxtpx:hr>154</gpxtpx:hr>
      <gpxtpx:cad>89</gpxtpx:cad>
     </gpxtpx:TrackPointExtension>
    </extensions>
   </trkpt>
   <trkpt lat="29.1421800" lon="119.5324000">
    <ele>30.2</ele>
    <time>2022-02-24T13:09:39Z</time>
    <extensions>
     <gpxtpx:TrackPointExtension>
      <gpxtpx:hr>154</gpxtpx:hr>
      <gpxtpx:cad>89</gpxtpx:cad>
     </gpxtpx:TrackPointExtension>
    </extensions>
   </trkpt>
   <trkpt lat="29.1421740" lon="119.5324250">
    <ele>30.2</ele>
    <time>2022-02-24T13:09:40Z</time>
    <extensions>
     <gpxtpx:TrackPointExtension>
      <gpxtpx:hr>154</gpxtpx:hr>
      <gpxtpx:cad>90</gpxtpx:cad>
     </gpxtpx:TrackPointExtension>
    </extensions>
   </trkpt>
   <trkpt lat="29.1421740" lon="119.5324250">
    <ele>30.2</ele>
    <time>2022-02-24T13:09:40Z</time>
    <extensions>
     <gpxtpx:TrackPointExtension>
      <gpxtpx:hr>156</gpxtpx:hr>
      <gpxtpx:cad>90</gpxtpx:cad>
     </gpxtpx:TrackPointExtension>
    </extensions>
   </trkpt>
   <trkpt lat="29.1421700" lon="119.5324500">
    <ele>30.2</ele>
    <time>2022-02-24T13:09:41Z</time>
    <extensions>
     <gpxtpx:TrackPointExtension>
      <gpxtpx:hr>156</gpxtpx:hr>
      <gpxtpx:cad>90</gpxtpx:cad>
     </gpxtpx:TrackPointExtension>
    </extensions>
   </trkpt>
   <trkpt lat="29.1421680" lon="119.5324700">
    <ele>30.2</ele>
    <time>2022-02-24T13:09:42Z</time>
    <extensions>
     <gpxtpx:TrackPointExtension>
      <gpxtpx:hr>156</gpxtpx:hr>
      <gpxtpx:cad>90</gpxtpx:cad>
     </gpxtpx:TrackPointExtension>
    </extensions>
   </trkpt>
   <trkpt lat="29.1421640" lon="119.5325000">
    <ele>30.2</ele>
    <time>2022-02-24T13:09:43Z</time>
    <extensions>
     <gpxtpx:TrackPointExtension>
      <gpxtpx:hr>156</gpxtpx:hr>
      <gpxtpx:cad>90</gpxtpx:cad>
     </gpxtpx:TrackPointExtension>
    </extensions>
   </trkpt>
   <trkpt lat="29.1421550" lon="119.5325240">
    <ele>30.2</ele>
    <time>2022-02-24T13:09:44Z</time>
    <extensions>
     <gpxtpx:TrackPointExtension>
      <gpxtpx:hr>156</gpxtpx:hr>
      <gpxtpx:cad>91</gpxtpx:cad>
     </gpxtpx:TrackPointExtension>
    </extensions>
   </trkpt>
   <trkpt lat="29.1421430" lon="119.5325500">
    <ele>30.4</ele>
    <time>2022-02-24T13:09:45Z</time>
    <extensions>
     <gpxtpx:TrackPointExtension>
      <gpxtpx:hr>156</gpxtpx:hr>
      <gpxtpx:cad>91</gpxtpx:cad>
     </gpxtpx:TrackPointExtension>
    </extensions>
   </trkpt>
   <trkpt lat="29.1421380" lon="119.5325700">
    <ele>30.4</ele>
    <time>2022-02-24T13:09:46Z</time>
    <extensions>
     <gpxtpx:TrackPointExtension>
      <gpxtpx:hr>156</gpxtpx:hr>
      <gpxtpx:cad>91</gpxtpx:cad>
     </gpxtpx:TrackPointExtension>
    </extensions>
   </trkpt>
   <trkpt lat="29.1421340" lon="119.5325900">
    <ele>30.4</ele>
    <time>2022-02-24T13:09:47Z</time>
    <extensions>
     <gpxtpx:TrackPointExtension>
      <gpxtpx:hr>156</gpxtpx:hr>
      <gpxtpx:cad>91</gpxtpx:cad>
     </gpxtpx:TrackPointExtension>
    </extensions>
   </trkpt>
   <trkpt lat="29.1421260" lon="119.5326160">
    <ele>30.4</ele>
    <time>2022-02-24T13:09:48Z</time>
    <extensions>
     <gpxtpx:TrackPointExtension>
      <gpxtpx:hr>156</gpxtpx:hr>
      <gpxtpx:cad>91</gpxtpx:cad>
     </gpxtpx:TrackPointExtension>
    </extensions>
   </trkpt>
   <trkpt lat="29.1421180" lon="119.5326300">
    <ele>30.4</ele>
    <time>2022-02-24T13:09:49Z</time>
    <extensions>
     <gpxtpx:TrackPointExtension>
      <gpxtpx:hr>156</gpxtpx:hr>
      <gpxtpx:cad>91</gpxtpx:cad>
     </gpxtpx:TrackPointExtension>
    </extensions>
   </trkpt>
   <trkpt lat="29.1421070" lon="119.5326500">
    <ele>30.7</ele>
    <time>2022-02-24T13:09:50Z</time>
    <extensions>
     <gpxtpx:TrackPointExtension>
      <gpxtpx:hr>156</gpxtpx:hr>
      <gpxtpx:cad>90</gpxtpx:cad>
     </gpxtpx:TrackPointExtension>
    </extensions>
   </trkpt>
   <trkpt lat="29.1421070" lon="119.5326500">
    <ele>30.7</ele>
    <time>2022-02-24T13:09:50Z</time>
    <extensions>
     <gpxtpx:TrackPointExtension>
      <gpxtpx:hr>159</gpxtpx:hr>
      <gpxtpx:cad>90</gpxtpx:cad>
     </gpxtpx:TrackPointExtension>
    </extensions>
   </trkpt>
   <trkpt lat="29.1420960" lon="119.5326700">
    <ele>30.7</ele>
    <time>2022-02-24T13:09:51Z</time>
    <extensions>
     <gpxtpx:TrackPointExtension>
      <gpxtpx:hr>159</gpxtpx:hr>
      <gpxtpx:cad>90</gpxtpx:cad>
     </gpxtpx:TrackPointExtension>
    </extensions>
   </trkpt>
   <trkpt lat="29.1420860" lon="119.5326840">
    <ele>30.7</ele>
    <time>2022-02-24T13:09:52Z</time>
    <extensions>
     <gpxtpx:TrackPointExtension>
      <gpxtpx:hr>159</gpxtpx:hr>
      <gpxtpx:cad>90</gpxtpx:cad>
     </gpxtpx:TrackPointExtension>
    </extensions>
   </trkpt>
   <trkpt lat="29.1420780" lon="119.5327100">
    <ele>31.1</ele>
    <time>2022-02-24T13:09:53Z</time>
    <extensions>
     <gpxtpx:TrackPointExtension>
      <gpxtpx:hr>159</gpxtpx:hr>
      <gpxtpx:cad>90</gpxtpx:cad>
     </gpxtpx:TrackPointExtension>
    </extensions>
   </trkpt>
   <trkpt lat="29.1420650" lon="119.5327200">
    <ele>31.1</ele>
    <time>2022-02-24T13:09:54Z</time>
    <extensions>
     <gpxtpx:TrackPointExtension>
      <gpxtpx:hr>159</gpxtpx:hr>
      <gpxtpx:cad>90</gpxtpx:cad>
     </gpxtpx:TrackPointExtension>
    </extensions>
   </trkpt>
   <trkpt lat="29.1420500" lon="119.5327400">
    <ele>31.1</ele>
    <time>2022-02-24T13:09:55Z</time>
    <extensions>
     <gpxtpx:TrackPointExtension>
      <gpxtpx:hr>159</gpxtpx:hr>
      <gpxtpx:cad>90</gpxtpx:cad>
     </gpxtpx:TrackPointExtension>
    </extensions>
   </trkpt>
   <trkpt lat="29.1420460" lon="119.5327700">
    <ele>31.4</ele>
    <time>2022-02-24T13:09:56Z</time>
    <extensions>
     <gpxtpx:TrackPointExtension>
      <gpxtpx:hr>159</gpxtpx:hr>
      <gpxtpx:cad>90</gpxtpx:cad>
     </gpxtpx:TrackPointExtension>
    </extensions>
   </trkpt>
   <trkpt lat="29.1420380" lon="119.5327800">
    <ele>31.6</ele>
    <time>2022-02-24T13:09:57Z</time>
    <extensions>
     <gpxtpx:TrackPointExtension>
      <gpxtpx:hr>159</gpxtpx:hr>
      <gpxtpx:cad>90</gpxtpx:cad>
     </gpxtpx:TrackPointExtension>
    </extensions>
   </trkpt>
   <trkpt lat="29.1420330" lon="119.5328100">
    <ele>31.9</ele>
    <time>2022-02-24T13:09:58Z</time>
    <extensions>
     <gpxtpx:TrackPointExtension>
      <gpxtpx:hr>159</gpxtpx:hr>
      <gpxtpx:cad>90</gpxtpx:cad>
     </gpxtpx:TrackPointExtension>
    </extensions>
   </trkpt>
   <trkpt lat="29.1420270" lon="119.5328200">
    <ele>31.9</ele>
    <time>2022-02-24T13:09:59Z</time>
    <extensions>
     <gpxtpx:TrackPointExtension>
      <gpxtpx:hr>159</gpxtpx:hr>
      <gpxtpx:cad>90</gpxtpx:cad>
     </gpxtpx:TrackPointExtension>
    </extensions>
   </trkpt>
   <trkpt lat="29.1420210" lon="119.5328450">
    <ele>32.1</ele>
    <time>2022-02-24T13:10:00Z</time>
    <extensions>
     <gpxtpx:TrackPointExtension>
      <gpxtpx:hr>159</gpxtpx:hr>
      <gpxtpx:cad>88</gpxtpx:cad>
     </gpxtpx:TrackPointExtension>
    </extensions>
   </trkpt>
   <trkpt lat="29.1420210" lon="119.5328450">
    <ele>32.1</ele>
    <time>2022-02-24T13:10:00Z</time>
    <extensions>
     <gpxtpx:TrackPointExtension>
      <gpxtpx:hr>158</gpxtpx:hr>
      <gpxtpx:cad>88</gpxtpx:cad>
     </gpxtpx:TrackPointExtension>
    </extensions>
   </trkpt>
   <trkpt lat="29.1420140" lon="119.5328750">
    <ele>32.1</ele>
    <time>2022-02-24T13:10:01Z</time>
    <extensions>
     <gpxtpx:TrackPointExtension>
      <gpxtpx:hr>158</gpxtpx:hr>
      <gpxtpx:cad>88</gpxtpx:cad>
     </gpxtpx:TrackPointExtension>
    </extensions>
   </trkpt>
   <trkpt lat="29.1420120" lon="119.5329000">
    <ele>32.2</ele>
    <time>2022-02-24T13:10:02Z</time>
    <extensions>
     <gpxtpx:TrackPointExtension>
      <gpxtpx:hr>158</gpxtpx:hr>
      <gpxtpx:cad>88</gpxtpx:cad>
     </gpxtpx:TrackPointExtension>
    </extensions>
   </trkpt>
   <trkpt lat="29.1420080" lon="119.5329200">
    <ele>32.2</ele>
    <time>2022-02-24T13:10:03Z</time>
    <extensions>
     <gpxtpx:TrackPointExtension>
      <gpxtpx:hr>158</gpxtpx:hr>
      <gpxtpx:cad>88</gpxtpx:cad>
     </gpxtpx:TrackPointExtension>
    </extensions>
   </trkpt>
   <trkpt lat="29.1420020" lon="119.5329400">
    <ele>32.4</ele>
    <time>2022-02-24T13:10:04Z</time>
    <extensions>
     <gpxtpx:TrackPointExtension>
      <gpxtpx:hr>158</gpxtpx:hr>
      <gpxtpx:cad>88</gpxtpx:cad>
     </gpxtpx:TrackPointExtension>
    </extensions>
   </trkpt>
   <trkpt lat="29.1419960" lon="119.5329700">
    <ele>32.4</ele>
    <time>2022-02-24T13:10:05Z</time>
    <extensions>
     <gpxtpx:TrackPointExtension>
      <gpxtpx:hr>158</gpxtpx:hr>
      <gpxtpx:cad>88</gpxtpx:cad>
     </gpxtpx:TrackPointExtension>
    </extensions>
   </trkpt>
   <trkpt lat="29.1419930" lon="119.5329900">
    <ele>32.4</ele>
    <time>2022-02-24T13:10:06Z</time>
    <extensions>
     <gpxtpx:TrackPointExtension>
      <gpxtpx:hr>158</gpxtpx:hr>
      <gpxtpx:cad>88</gpxtpx:cad>
     </gpxtpx:TrackPointExtension>
    </extensions>
   </trkpt>
   <trkpt lat="29.1419870" lon="119.5330100">
    <ele>32.4</ele>
    <time>2022-02-24T13:10:07Z</time>
    <extensions>
     <gpxtpx:TrackPointExtension>
      <gpxtpx:hr>158</gpxtpx:hr>
      <gpxtpx:cad>88</gpxtpx:cad>
     </gpxtpx:TrackPointExtension>
    </extensions>
   </trkpt>
   <trkpt lat="29.1419830" lon="119.5330350">
    <ele>32.4</ele>
    <time>2022-02-24T13:10:08Z</time>
    <extensions>
     <gpxtpx:TrackPointExtension>
      <gpxtpx:hr>158</gpxtpx:hr>
      <gpxtpx:cad>88</gpxtpx:cad>
     </gpxtpx:TrackPointExtension>
    </extensions>
   </trkpt>
   <trkpt lat="29.1419770" lon="119.5330600">
    <ele>32.4</ele>
    <time>2022-02-24T13:10:09Z</time>
    <extensions>
     <gpxtpx:TrackPointExtension>
      <gpxtpx:hr>158</gpxtpx:hr>
      <gpxtpx:cad>88</gpxtpx:cad>
     </gpxtpx:TrackPointExtension>
    </extensions>
   </trkpt>
   <trkpt lat="29.1419770" lon="119.5330800">
    <ele>32.4</ele>
    <time>2022-02-24T13:10:10Z</time>
    <extensions>
     <gpxtpx:TrackPointExtension>
      <gpxtpx:hr>158</gpxtpx:hr>
      <gpxtpx:cad>86</gpxtpx:cad>
     </gpxtpx:TrackPointExtension>
    </extensions>
   </trkpt>
   <trkpt lat="29.1419770" lon="119.5330800">
    <ele>32.4</ele>
    <time>2022-02-24T13:10:10Z</time>
    <extensions>
     <gpxtpx:TrackPointExtension>
      <gpxtpx:hr>158</gpxtpx:hr>
      <gpxtpx:cad>86</gpxtpx:cad>
     </gpxtpx:TrackPointExtension>
    </extensions>
   </trkpt>
   <trkpt lat="29.1419680" lon="119.5331040">
    <ele>32.4</ele>
    <time>2022-02-24T13:10:11Z</time>
    <extensions>
     <gpxtpx:TrackPointExtension>
      <gpxtpx:hr>158</gpxtpx:hr>
      <gpxtpx:cad>86</gpxtpx:cad>
     </gpxtpx:TrackPointExtension>
    </extensions>
   </trkpt>
   <trkpt lat="29.1419580" lon="119.5331300">
    <ele>32.7</ele>
    <time>2022-02-24T13:10:12Z</time>
    <extensions>
     <gpxtpx:TrackPointExtension>
      <gpxtpx:hr>158</gpxtpx:hr>
      <gpxtpx:cad>86</gpxtpx:cad>
     </gpxtpx:TrackPointExtension>
    </extensions>
   </trkpt>
   <trkpt lat="29.1419540" lon="119.5331500">
    <ele>32.7</ele>
    <time>2022-02-24T13:10:13Z</time>
    <extensions>
     <gpxtpx:TrackPointExtension>
      <gpxtpx:hr>158</gpxtpx:hr>
      <gpxtpx:cad>86</gpxtpx:cad>
     </gpxtpx:TrackPointExtension>
    </extensions>
   </trkpt>
   <trkpt lat="29.1419470" lon="119.5331700">
    <ele>32.7</ele>
    <time>2022-02-24T13:10:14Z</time>
    <extensions>
     <gpxtpx:TrackPointExtension>
      <gpxtpx:hr>158</gpxtpx:hr>
      <gpxtpx:cad>86</gpxtpx:cad>
     </gpxtpx:TrackPointExtension>
    </extensions>
   </trkpt>
   <trkpt lat="29.1419400" lon="119.5331950">
    <ele>32.7</ele>
    <time>2022-02-24T13:10:15Z</time>
    <extensions>
     <gpxtpx:TrackPointExtension>
      <gpxtpx:hr>158</gpxtpx:hr>
      <gpxtpx:cad>86</gpxtpx:cad>
     </gpxtpx:TrackPointExtension>
    </extensions>
   </trkpt>
   <trkpt lat="29.1419320" lon="119.5332200">
    <ele>32.7</ele>
    <time>2022-02-24T13:10:16Z</time>
    <extensions>
     <gpxtpx:TrackPointExtension>
      <gpxtpx:hr>158</gpxtpx:hr>
      <gpxtpx:cad>86</gpxtpx:cad>
     </gpxtpx:TrackPointExtension>
    </extensions>
   </trkpt>
   <trkpt lat="29.1419220" lon="119.5332400">
    <ele>32.9</ele>
    <time>2022-02-24T13:10:17Z</time>
    <extensions>
     <gpxtpx:TrackPointExtension>
      <gpxtpx:hr>158</gpxtpx:hr>
      <gpxtpx:cad>86</gpxtpx:cad>
     </gpxtpx:TrackPointExtension>
    </extensions>
   </trkpt>
   <trkpt lat="29.1419160" lon="119.5332700">
    <ele>33.0</ele>
    <time>2022-02-24T13:10:18Z</time>
    <extensions>
     <gpxtpx:TrackPointExtension>
      <gpxtpx:hr>158</gpxtpx:hr>
      <gpxtpx:cad>86</gpxtpx:cad>
     </gpxtpx:TrackPointExtension>
    </extensions>
   </trkpt>
   <trkpt lat="29.1419100" lon="119.5332950">
    <ele>33.0</ele>
    <time>2022-02-24T13:10:19Z</time>
    <extensions>
     <gpxtpx:TrackPointExtension>
      <gpxtpx:hr>158</gpxtpx:hr>
      <gpxtpx:cad>86</gpxtpx:cad>
     </gpxtpx:TrackPointExtension>
    </extensions>
   </trkpt>
   <trkpt lat="29.1419000" lon="119.5333100">
    <ele>33.0</ele>
    <time>2022-02-24T13:10:20Z</time>
    <extensions>
     <gpxtpx:TrackPointExtension>
      <gpxtpx:hr>158</gpxtpx:hr>
      <gpxtpx:cad>72</gpxtpx:cad>
     </gpxtpx:TrackPointExtension>
    </extensions>
   </trkpt>
   <trkpt lat="29.1419000" lon="119.5333100">
    <ele>33.0</ele>
    <time>2022-02-24T13:10:20Z</time>
    <extensions>
     <gpxtpx:TrackPointExtension>
      <gpxtpx:hr>160</gpxtpx:hr>
      <gpxtpx:cad>72</gpxtpx:cad>
     </gpxtpx:TrackPointExtension>
    </extensions>
   </trkpt>
   <trkpt lat="29.1418950" lon="119.5333300">
    <ele>33.0</ele>
    <time>2022-02-24T13:10:21Z</time>
    <extensions>
     <gpxtpx:TrackPointExtension>
      <gpxtpx:hr>160</gpxtpx:hr>
      <gpxtpx:cad>72</gpxtpx:cad>
     </gpxtpx:TrackPointExtension>
    </extensions>
   </trkpt>
   <trkpt lat="29.1418950" lon="119.5333560">
    <ele>33.0</ele>
    <time>2022-02-24T13:10:22Z</time>
    <extensions>
     <gpxtpx:TrackPointExtension>
      <gpxtpx:hr>160</gpxtpx:hr>
      <gpxtpx:cad>72</gpxtpx:cad>
     </gpxtpx:TrackPointExtension>
    </extensions>
   </trkpt>
   <trkpt lat="29.1418880" lon="119.5333700">
    <ele>33.0</ele>
    <time>2022-02-24T13:10:23Z</time>
    <extensions>
     <gpxtpx:TrackPointExtension>
      <gpxtpx:hr>160</gpxtpx:hr>
      <gpxtpx:cad>72</gpxtpx:cad>
     </gpxtpx:TrackPointExtension>
    </extensions>
   </trkpt>
   <trkpt lat="29.1418760" lon="119.5333940">
    <ele>33.0</ele>
    <time>2022-02-24T13:10:24Z</time>
    <extensions>
     <gpxtpx:TrackPointExtension>
      <gpxtpx:hr>160</gpxtpx:hr>
      <gpxtpx:cad>72</gpxtpx:cad>
     </gpxtpx:TrackPointExtension>
    </extensions>
   </trkpt>
   <trkpt lat="29.1418720" lon="119.5334200">
    <ele>33.1</ele>
    <time>2022-02-24T13:10:25Z</time>
    <extensions>
     <gpxtpx:TrackPointExtension>
      <gpxtpx:hr>160</gpxtpx:hr>
      <gpxtpx:cad>72</gpxtpx:cad>
     </gpxtpx:TrackPointExtension>
    </extensions>
   </trkpt>
   <trkpt lat="29.1418690" lon="119.5334400">
    <ele>33.3</ele>
    <time>2022-02-24T13:10:26Z</time>
    <extensions>
     <gpxtpx:TrackPointExtension>
      <gpxtpx:hr>160</gpxtpx:hr>
      <gpxtpx:cad>72</gpxtpx:cad>
     </gpxtpx:TrackPointExtension>
    </extensions>
   </trkpt>
   <trkpt lat="29.1418650" lon="119.5334600">
    <ele>33.3</ele>
    <time>2022-02-24T13:10:27Z</time>
    <extensions>
     <gpxtpx:TrackPointExtension>
      <gpxtpx:hr>160</gpxtpx:hr>
      <gpxtpx:cad>72</gpxtpx:cad>
     </gpxtpx:TrackPointExtension>
    </extensions>
   </trkpt>
   <trkpt lat="29.1418600" lon="119.5334800">
    <ele>33.3</ele>
    <time>2022-02-24T13:10:28Z</time>
    <extensions>
     <gpxtpx:TrackPointExtension>
      <gpxtpx:hr>160</gpxtpx:hr>
      <gpxtpx:cad>80</gpxtpx:cad>
     </gpxtpx:TrackPointExtension>
    </extensions>
   </trkpt>
   <trkpt lat="29.1418500" lon="119.5335000">
    <ele>33.4</ele>
    <time>2022-02-24T13:10:29Z</time>
    <extensions>
     <gpxtpx:TrackPointExtension>
      <gpxtpx:hr>160</gpxtpx:hr>
      <gpxtpx:cad>80</gpxtpx:cad>
     </gpxtpx:TrackPointExtension>
    </extensions>
   </trkpt>
   <trkpt lat="29.1418440" lon="119.5335160">
    <ele>33.4</ele>
    <time>2022-02-24T13:10:30Z</time>
    <extensions>
     <gpxtpx:TrackPointExtension>
      <gpxtpx:hr>160</gpxtpx:hr>
      <gpxtpx:cad>80</gpxtpx:cad>
     </gpxtpx:TrackPointExtension>
    </extensions>
   </trkpt>
   <trkpt lat="29.1418440" lon="119.5335160">
    <ele>33.4</ele>
    <time>2022-02-24T13:10:30Z</time>
    <extensions>
     <gpxtpx:TrackPointExtension>
      <gpxtpx:hr>159</gpxtpx:hr>
      <gpxtpx:cad>80</gpxtpx:cad>
     </gpxtpx:TrackPointExtension>
    </extensions>
   </trkpt>
   <trkpt lat="29.1418400" lon="119.5335300">
    <ele>33.5</ele>
    <time>2022-02-24T13:10:31Z</time>
    <extensions>
     <gpxtpx:TrackPointExtension>
      <gpxtpx:hr>159</gpxtpx:hr>
      <gpxtpx:cad>80</gpxtpx:cad>
     </gpxtpx:TrackPointExtension>
    </extensions>
   </trkpt>
   <trkpt lat="29.1418360" lon="119.5335540">
    <ele>33.5</ele>
    <time>2022-02-24T13:10:32Z</time>
    <extensions>
     <gpxtpx:TrackPointExtension>
      <gpxtpx:hr>159</gpxtpx:hr>
      <gpxtpx:cad>80</gpxtpx:cad>
     </gpxtpx:TrackPointExtension>
    </extensions>
   </trkpt>
   <trkpt lat="29.1418250" lon="119.5335700">
    <ele>33.6</ele>
    <time>2022-02-24T13:10:33Z</time>
    <extensions>
     <gpxtpx:TrackPointExtension>
      <gpxtpx:hr>159</gpxtpx:hr>
      <gpxtpx:cad>80</gpxtpx:cad>
     </gpxtpx:TrackPointExtension>
    </extensions>
   </trkpt>
   <trkpt lat="29.1418110" lon="119.5335900">
    <ele>33.3</ele>
    <time>2022-02-24T13:10:34Z</time>
    <extensions>
     <gpxtpx:TrackPointExtension>
      <gpxtpx:hr>159</gpxtpx:hr>
      <gpxtpx:cad>80</gpxtpx:cad>
     </gpxtpx:TrackPointExtension>
    </extensions>
   </trkpt>
   <trkpt lat="29.1418020" lon="119.5336150">
    <ele>33.3</ele>
    <time>2022-02-24T13:10:35Z</time>
    <extensions>
     <gpxtpx:TrackPointExtension>
      <gpxtpx:hr>159</gpxtpx:hr>
      <gpxtpx:cad>80</gpxtpx:cad>
     </gpxtpx:TrackPointExtension>
    </extensions>
   </trkpt>
   <trkpt lat="29.1417920" lon="119.5336400">
    <ele>33.3</ele>
    <time>2022-02-24T13:10:36Z</time>
    <extensions>
     <gpxtpx:TrackPointExtension>
      <gpxtpx:hr>159</gpxtpx:hr>
      <gpxtpx:cad>80</gpxtpx:cad>
     </gpxtpx:TrackPointExtension>
    </extensions>
   </trkpt>
   <trkpt lat="29.1417850" lon="119.5336500">
    <ele>33.3</ele>
    <time>2022-02-24T13:10:37Z</time>
    <extensions>
     <gpxtpx:TrackPointExtension>
      <gpxtpx:hr>159</gpxtpx:hr>
      <gpxtpx:cad>80</gpxtpx:cad>
     </gpxtpx:TrackPointExtension>
    </extensions>
   </trkpt>
   <trkpt lat="29.1417750" lon="119.5336760">
    <ele>33.1</ele>
    <time>2022-02-24T13:10:38Z</time>
    <extensions>
     <gpxtpx:TrackPointExtension>
      <gpxtpx:hr>159</gpxtpx:hr>
      <gpxtpx:cad>80</gpxtpx:cad>
     </gpxtpx:TrackPointExtension>
    </extensions>
   </trkpt>
   <trkpt lat="29.1417700" lon="119.5336900">
    <ele>33.1</ele>
    <time>2022-02-24T13:10:39Z</time>
    <extensions>
     <gpxtpx:TrackPointExtension>
      <gpxtpx:hr>159</gpxtpx:hr>
      <gpxtpx:cad>80</gpxtpx:cad>
     </gpxtpx:TrackPointExtension>
    </extensions>
   </trkpt>
   <trkpt lat="29.1417640" lon="119.5337100">
    <ele>33.1</ele>
    <time>2022-02-24T13:10:40Z</time>
    <extensions>
     <gpxtpx:TrackPointExtension>
      <gpxtpx:hr>159</gpxtpx:hr>
      <gpxtpx:cad>77</gpxtpx:cad>
     </gpxtpx:TrackPointExtension>
    </extensions>
   </trkpt>
   <trkpt lat="29.1417640" lon="119.5337100">
    <ele>33.1</ele>
    <time>2022-02-24T13:10:40Z</time>
    <extensions>
     <gpxtpx:TrackPointExtension>
      <gpxtpx:hr>157</gpxtpx:hr>
      <gpxtpx:cad>77</gpxtpx:cad>
     </gpxtpx:TrackPointExtension>
    </extensions>
   </trkpt>
   <trkpt lat="29.1417560" lon="119.5337200">
    <ele>33.1</ele>
    <time>2022-02-24T13:10:41Z</time>
    <extensions>
     <gpxtpx:TrackPointExtension>
      <gpxtpx:hr>157</gpxtpx:hr>
      <gpxtpx:cad>77</gpxtpx:cad>
     </gpxtpx:TrackPointExtension>
    </extensions>
   </trkpt>
   <trkpt lat="29.1417500" lon="119.5337450">
    <ele>33.1</ele>
    <time>2022-02-24T13:10:42Z</time>
    <extensions>
     <gpxtpx:TrackPointExtension>
      <gpxtpx:hr>157</gpxtpx:hr>
      <gpxtpx:cad>77</gpxtpx:cad>
     </gpxtpx:TrackPointExtension>
    </extensions>
   </trkpt>
   <trkpt lat="29.1417470" lon="119.5337600">
    <ele>33.1</ele>
    <time>2022-02-24T13:10:43Z</time>
    <extensions>
     <gpxtpx:TrackPointExtension>
      <gpxtpx:hr>157</gpxtpx:hr>
      <gpxtpx:cad>77</gpxtpx:cad>
     </gpxtpx:TrackPointExtension>
    </extensions>
   </trkpt>
   <trkpt lat="29.1417400" lon="119.5337800">
    <ele>32.6</ele>
    <time>2022-02-24T13:10:44Z</time>
    <extensions>
     <gpxtpx:TrackPointExtension>
      <gpxtpx:hr>157</gpxtpx:hr>
      <gpxtpx:cad>77</gpxtpx:cad>
     </gpxtpx:TrackPointExtension>
    </extensions>
   </trkpt>
   <trkpt lat="29.1417330" lon="119.5338000">
    <ele>32.6</ele>
    <time>2022-02-24T13:10:45Z</time>
    <extensions>
     <gpxtpx:TrackPointExtension>
      <gpxtpx:hr>157</gpxtpx:hr>
      <gpxtpx:cad>77</gpxtpx:cad>
     </gpxtpx:TrackPointExtension>
    </extensions>
   </trkpt>
   <trkpt lat="29.1417270" lon="119.5338100">
    <ele>32.6</ele>
    <time>2022-02-24T13:10:46Z</time>
    <extensions>
     <gpxtpx:TrackPointExtension>
      <gpxtpx:hr>157</gpxtpx:hr>
      <gpxtpx:cad>77</gpxtpx:cad>
     </gpxtpx:TrackPointExtension>
    </extensions>
   </trkpt>
   <trkpt lat="29.1417180" lon="119.5338300">
    <ele>32.6</ele>
    <time>2022-02-24T13:10:47Z</time>
    <extensions>
     <gpxtpx:TrackPointExtension>
      <gpxtpx:hr>157</gpxtpx:hr>
      <gpxtpx:cad>77</gpxtpx:cad>
     </gpxtpx:TrackPointExtension>
    </extensions>
   </trkpt>
   <trkpt lat="29.1417100" lon="119.5338440">
    <ele>32.6</ele>
    <time>2022-02-24T13:10:48Z</time>
    <extensions>
     <gpxtpx:TrackPointExtension>
      <gpxtpx:hr>157</gpxtpx:hr>
      <gpxtpx:cad>77</gpxtpx:cad>
     </gpxtpx:TrackPointExtension>
    </extensions>
   </trkpt>
   <trkpt lat="29.1417030" lon="119.5338700">
    <ele>32.1</ele>
    <time>2022-02-24T13:10:49Z</time>
    <extensions>
     <gpxtpx:TrackPointExtension>
      <gpxtpx:hr>157</gpxtpx:hr>
      <gpxtpx:cad>77</gpxtpx:cad>
     </gpxtpx:TrackPointExtension>
    </extensions>
   </trkpt>
   <trkpt lat="29.1416990" lon="119.5338900">
    <ele>32.1</ele>
    <time>2022-02-24T13:10:50Z</time>
    <extensions>
     <gpxtpx:TrackPointExtension>
      <gpxtpx:hr>157</gpxtpx:hr>
      <gpxtpx:cad>84</gpxtpx:cad>
     </gpxtpx:TrackPointExtension>
    </extensions>
   </trkpt>
   <trkpt lat="29.1416990" lon="119.5338900">
    <ele>32.1</ele>
    <time>2022-02-24T13:10:50Z</time>
    <extensions>
     <gpxtpx:TrackPointExtension>
      <gpxtpx:hr>153</gpxtpx:hr>
      <gpxtpx:cad>84</gpxtpx:cad>
     </gpxtpx:TrackPointExtension>
    </extensions>
   </trkpt>
   <trkpt lat="29.1416950" lon="119.5339100">
    <ele>32.1</ele>
    <time>2022-02-24T13:10:51Z</time>
    <extensions>
     <gpxtpx:TrackPointExtension>
      <gpxtpx:hr>153</gpxtpx:hr>
      <gpxtpx:cad>84</gpxtpx:cad>
     </gpxtpx:TrackPointExtension>
    </extensions>
   </trkpt>
   <trkpt lat="29.1416910" lon="119.5339300">
    <ele>32.1</ele>
    <time>2022-02-24T13:10:52Z</time>
    <extensions>
     <gpxtpx:TrackPointExtension>
      <gpxtpx:hr>153</gpxtpx:hr>
      <gpxtpx:cad>84</gpxtpx:cad>
     </gpxtpx:TrackPointExtension>
    </extensions>
   </trkpt>
   <trkpt lat="29.1416870" lon="119.5339600">
    <ele>32.1</ele>
    <time>2022-02-24T13:10:53Z</time>
    <extensions>
     <gpxtpx:TrackPointExtension>
      <gpxtpx:hr>153</gpxtpx:hr>
      <gpxtpx:cad>84</gpxtpx:cad>
     </gpxtpx:TrackPointExtension>
    </extensions>
   </trkpt>
   <trkpt lat="29.1416800" lon="119.5339800">
    <ele>32.1</ele>
    <time>2022-02-24T13:10:54Z</time>
    <extensions>
     <gpxtpx:TrackPointExtension>
      <gpxtpx:hr>153</gpxtpx:hr>
      <gpxtpx:cad>84</gpxtpx:cad>
     </gpxtpx:TrackPointExtension>
    </extensions>
   </trkpt>
   <trkpt lat="29.1416740" lon="119.5340040">
    <ele>32.1</ele>
    <time>2022-02-24T13:10:55Z</time>
    <extensions>
     <gpxtpx:TrackPointExtension>
      <gpxtpx:hr>153</gpxtpx:hr>
      <gpxtpx:cad>84</gpxtpx:cad>
     </gpxtpx:TrackPointExtension>
    </extensions>
   </trkpt>
   <trkpt lat="29.1416700" lon="119.5340200">
    <ele>32.1</ele>
    <time>2022-02-24T13:10:56Z</time>
    <extensions>
     <gpxtpx:TrackPointExtension>
      <gpxtpx:hr>153</gpxtpx:hr>
      <gpxtpx:cad>84</gpxtpx:cad>
     </gpxtpx:TrackPointExtension>
    </extensions>
   </trkpt>
   <trkpt lat="29.1416700" lon="119.5340500">
    <ele>32.1</ele>
    <time>2022-02-24T13:10:57Z</time>
    <extensions>
     <gpxtpx:TrackPointExtension>
      <gpxtpx:hr>153</gpxtpx:hr>
      <gpxtpx:cad>84</gpxtpx:cad>
     </gpxtpx:TrackPointExtension>
    </extensions>
   </trkpt>
   <trkpt lat="29.1416650" lon="119.5340700">
    <ele>31.6</ele>
    <time>2022-02-24T13:10:58Z</time>
    <extensions>
     <gpxtpx:TrackPointExtension>
      <gpxtpx:hr>153</gpxtpx:hr>
      <gpxtpx:cad>84</gpxtpx:cad>
     </gpxtpx:TrackPointExtension>
    </extensions>
   </trkpt>
   <trkpt lat="29.1416600" lon="119.5340960">
    <ele>31.7</ele>
    <time>2022-02-24T13:10:59Z</time>
    <extensions>
     <gpxtpx:TrackPointExtension>
      <gpxtpx:hr>153</gpxtpx:hr>
      <gpxtpx:cad>84</gpxtpx:cad>
     </gpxtpx:TrackPointExtension>
    </extensions>
   </trkpt>
   <trkpt lat="29.1416500" lon="119.5341200">
    <ele>31.7</ele>
    <time>2022-02-24T13:11:00Z</time>
    <extensions>
     <gpxtpx:TrackPointExtension>
      <gpxtpx:hr>153</gpxtpx:hr>
      <gpxtpx:cad>87</gpxtpx:cad>
     </gpxtpx:TrackPointExtension>
    </extensions>
   </trkpt>
   <trkpt lat="29.1416500" lon="119.5341200">
    <ele>31.7</ele>
    <time>2022-02-24T13:11:00Z</time>
    <extensions>
     <gpxtpx:TrackPointExtension>
      <gpxtpx:hr>153</gpxtpx:hr>
      <gpxtpx:cad>87</gpxtpx:cad>
     </gpxtpx:TrackPointExtension>
    </extensions>
   </trkpt>
   <trkpt lat="29.1416380" lon="119.5341400">
    <ele>31.8</ele>
    <time>2022-02-24T13:11:01Z</time>
    <extensions>
     <gpxtpx:TrackPointExtension>
      <gpxtpx:hr>153</gpxtpx:hr>
      <gpxtpx:cad>87</gpxtpx:cad>
     </gpxtpx:TrackPointExtension>
    </extensions>
   </trkpt>
   <trkpt lat="29.1416320" lon="119.5341640">
    <ele>31.8</ele>
    <time>2022-02-24T13:11:02Z</time>
    <extensions>
     <gpxtpx:TrackPointExtension>
      <gpxtpx:hr>153</gpxtpx:hr>
      <gpxtpx:cad>87</gpxtpx:cad>
     </gpxtpx:TrackPointExtension>
    </extensions>
   </trkpt>
   <trkpt lat="29.1416240" lon="119.5341800">
    <ele>31.7</ele>
    <time>2022-02-24T13:11:03Z</time>
    <extensions>
     <gpxtpx:TrackPointExtension>
      <gpxtpx:hr>153</gpxtpx:hr>
      <gpxtpx:cad>87</gpxtpx:cad>
     </gpxtpx:TrackPointExtension>
    </extensions>
   </trkpt>
   <trkpt lat="29.1416230" lon="119.5342000">
    <ele>31.7</ele>
    <time>2022-02-24T13:11:04Z</time>
    <extensions>
     <gpxtpx:TrackPointExtension>
      <gpxtpx:hr>153</gpxtpx:hr>
      <gpxtpx:cad>87</gpxtpx:cad>
     </gpxtpx:TrackPointExtension>
    </extensions>
   </trkpt>
   <trkpt lat="29.1416230" lon="119.5342250">
    <ele>31.9</ele>
    <time>2022-02-24T13:11:05Z</time>
    <extensions>
     <gpxtpx:TrackPointExtension>
      <gpxtpx:hr>153</gpxtpx:hr>
      <gpxtpx:cad>87</gpxtpx:cad>
     </gpxtpx:TrackPointExtension>
    </extensions>
   </trkpt>
   <trkpt lat="29.1416240" lon="119.5342560">
    <ele>32.0</ele>
    <time>2022-02-24T13:11:06Z</time>
    <extensions>
     <gpxtpx:TrackPointExtension>
      <gpxtpx:hr>153</gpxtpx:hr>
      <gpxtpx:cad>87</gpxtpx:cad>
     </gpxtpx:TrackPointExtension>
    </extensions>
   </trkpt>
   <trkpt lat="29.1416190" lon="119.5342800">
    <ele>32.0</ele>
    <time>2022-02-24T13:11:07Z</time>
    <extensions>
     <gpxtpx:TrackPointExtension>
      <gpxtpx:hr>153</gpxtpx:hr>
      <gpxtpx:cad>87</gpxtpx:cad>
     </gpxtpx:TrackPointExtension>
    </extensions>
   </trkpt>
   <trkpt lat="29.1416110" lon="119.5343020">
    <ele>32.0</ele>
    <time>2022-02-24T13:11:08Z</time>
    <extensions>
     <gpxtpx:TrackPointExtension>
      <gpxtpx:hr>153</gpxtpx:hr>
      <gpxtpx:cad>87</gpxtpx:cad>
     </gpxtpx:TrackPointExtension>
    </extensions>
   </trkpt>
   <trkpt lat="29.1416070" lon="119.5343100">
    <ele>32.0</ele>
    <time>2022-02-24T13:11:09Z</time>
    <extensions>
     <gpxtpx:TrackPointExtension>
      <gpxtpx:hr>153</gpxtpx:hr>
      <gpxtpx:cad>87</gpxtpx:cad>
     </gpxtpx:TrackPointExtension>
    </extensions>
   </trkpt>
   <trkpt lat="29.1416020" lon="119.5343170">
    <ele>32.0</ele>
    <time>2022-02-24T13:11:10Z</time>
    <extensions>
     <gpxtpx:TrackPointExtension>
      <gpxtpx:hr>153</gpxtpx:hr>
      <gpxtpx:cad>81</gpxtpx:cad>
     </gpxtpx:TrackPointExtension>
    </extensions>
   </trkpt>
   <trkpt lat="29.1415980" lon="119.5343250">
    <ele>32.0</ele>
    <time>2022-02-24T13:11:10Z</time>
    <extensions>
     <gpxtpx:TrackPointExtension>
      <gpxtpx:hr>153</gpxtpx:hr>
      <gpxtpx:cad>81</gpxtpx:cad>
     </gpxtpx:TrackPointExtension>
    </extensions>
   </trkpt>
   <trkpt lat="29.1415920" lon="119.5343500">
    <ele>32.0</ele>
    <time>2022-02-24T13:11:11Z</time>
    <extensions>
     <gpxtpx:TrackPointExtension>
      <gpxtpx:hr>153</gpxtpx:hr>
      <gpxtpx:cad>81</gpxtpx:cad>
     </gpxtpx:TrackPointExtension>
    </extensions>
   </trkpt>
   <trkpt lat="29.1415840" lon="119.5343700">
    <ele>32.0</ele>
    <time>2022-02-24T13:11:12Z</time>
    <extensions>
     <gpxtpx:TrackPointExtension>
      <gpxtpx:hr>153</gpxtpx:hr>
      <gpxtpx:cad>81</gpxtpx:cad>
     </gpxtpx:TrackPointExtension>
    </extensions>
   </trkpt>
   <trkpt lat="29.1415770" lon="119.5343900">
    <ele>32.0</ele>
    <time>2022-02-24T13:11:13Z</time>
    <extensions>
     <gpxtpx:TrackPointExtension>
      <gpxtpx:hr>153</gpxtpx:hr>
      <gpxtpx:cad>81</gpxtpx:cad>
     </gpxtpx:TrackPointExtension>
    </extensions>
   </trkpt>
   <trkpt lat="29.1415710" lon="119.5344100">
    <ele>32.0</ele>
    <time>2022-02-24T13:11:14Z</time>
    <extensions>
     <gpxtpx:TrackPointExtension>
      <gpxtpx:hr>153</gpxtpx:hr>
      <gpxtpx:cad>81</gpxtpx:cad>
     </gpxtpx:TrackPointExtension>
    </extensions>
   </trkpt>
   <trkpt lat="29.1415650" lon="119.5344240">
    <ele>32.0</ele>
    <time>2022-02-24T13:11:15Z</time>
    <extensions>
     <gpxtpx:TrackPointExtension>
      <gpxtpx:hr>153</gpxtpx:hr>
      <gpxtpx:cad>81</gpxtpx:cad>
     </gpxtpx:TrackPointExtension>
    </extensions>
   </trkpt>
   <trkpt lat="29.1415560" lon="119.5344500">
    <ele>32.0</ele>
    <time>2022-02-24T13:11:16Z</time>
    <extensions>
     <gpxtpx:TrackPointExtension>
      <gpxtpx:hr>153</gpxtpx:hr>
      <gpxtpx:cad>81</gpxtpx:cad>
     </gpxtpx:TrackPointExtension>
    </extensions>
   </trkpt>
   <trkpt lat="29.1415440" lon="119.5344700">
    <ele>32.0</ele>
    <time>2022-02-24T13:11:17Z</time>
    <extensions>
     <gpxtpx:TrackPointExtension>
      <gpxtpx:hr>153</gpxtpx:hr>
      <gpxtpx:cad>81</gpxtpx:cad>
     </gpxtpx:TrackPointExtension>
    </extensions>
   </trkpt>
   <trkpt lat="29.1415370" lon="119.5345000">
    <ele>32.0</ele>
    <time>2022-02-24T13:11:18Z</time>
    <extensions>
     <gpxtpx:TrackPointExtension>
      <gpxtpx:hr>153</gpxtpx:hr>
      <gpxtpx:cad>81</gpxtpx:cad>
     </gpxtpx:TrackPointExtension>
    </extensions>
   </trkpt>
   <trkpt lat="29.1415300" lon="119.5345200">
    <ele>32.0</ele>
    <time>2022-02-24T13:11:19Z</time>
    <extensions>
     <gpxtpx:TrackPointExtension>
      <gpxtpx:hr>153</gpxtpx:hr>
      <gpxtpx:cad>81</gpxtpx:cad>
     </gpxtpx:TrackPointExtension>
    </extensions>
   </trkpt>
   <trkpt lat="29.1415210" lon="119.5345460">
    <ele>32.0</ele>
    <time>2022-02-24T13:11:20Z</time>
    <extensions>
     <gpxtpx:TrackPointExtension>
      <gpxtpx:hr>153</gpxtpx:hr>
      <gpxtpx:cad>84</gpxtpx:cad>
     </gpxtpx:TrackPointExtension>
    </extensions>
   </trkpt>
   <trkpt lat="29.1415210" lon="119.5345460">
    <ele>32.0</ele>
    <time>2022-02-24T13:11:20Z</time>
    <extensions>
     <gpxtpx:TrackPointExtension>
      <gpxtpx:hr>156</gpxtpx:hr>
      <gpxtpx:cad>84</gpxtpx:cad>
     </gpxtpx:TrackPointExtension>
    </extensions>
   </trkpt>
   <trkpt lat="29.1415120" lon="119.5345600">
    <ele>32.0</ele>
    <time>2022-02-24T13:11:21Z</time>
    <extensions>
     <gpxtpx:TrackPointExtension>
      <gpxtpx:hr>156</gpxtpx:hr>
      <gpxtpx:cad>84</gpxtpx:cad>
     </gpxtpx:TrackPointExtension>
    </extensions>
   </trkpt>
   <trkpt lat="29.1415000" lon="119.5345840">
    <ele>32.0</ele>
    <time>2022-02-24T13:11:22Z</time>
    <extensions>
     <gpxtpx:TrackPointExtension>
      <gpxtpx:hr>156</gpxtpx:hr>
      <gpxtpx:cad>84</gpxtpx:cad>
     </gpxtpx:TrackPointExtension>
    </extensions>
   </trkpt>
   <trkpt lat="29.1414950" lon="119.5346100">
    <ele>32.0</ele>
    <time>2022-02-24T13:11:23Z</time>
    <extensions>
     <gpxtpx:TrackPointExtension>
      <gpxtpx:hr>156</gpxtpx:hr>
      <gpxtpx:cad>84</gpxtpx:cad>
     </gpxtpx:TrackPointExtension>
    </extensions>
   </trkpt>
   <trkpt lat="29.1414900" lon="119.5346300">
    <ele>32.0</ele>
    <time>2022-02-24T13:11:24Z</time>
    <extensions>
     <gpxtpx:TrackPointExtension>
      <gpxtpx:hr>156</gpxtpx:hr>
      <gpxtpx:cad>84</gpxtpx:cad>
     </gpxtpx:TrackPointExtension>
    </extensions>
   </trkpt>
   <trkpt lat="29.1414870" lon="119.5346500">
    <ele>31.9</ele>
    <time>2022-02-24T13:11:25Z</time>
    <extensions>
     <gpxtpx:TrackPointExtension>
      <gpxtpx:hr>156</gpxtpx:hr>
      <gpxtpx:cad>84</gpxtpx:cad>
     </gpxtpx:TrackPointExtension>
    </extensions>
   </trkpt>
   <trkpt lat="29.1414800" lon="119.5346760">
    <ele>31.9</ele>
    <time>2022-02-24T13:11:26Z</time>
    <extensions>
     <gpxtpx:TrackPointExtension>
      <gpxtpx:hr>156</gpxtpx:hr>
      <gpxtpx:cad>84</gpxtpx:cad>
     </gpxtpx:TrackPointExtension>
    </extensions>
   </trkpt>
   <trkpt lat="29.1414740" lon="119.5347060">
    <ele>32.0</ele>
    <time>2022-02-24T13:11:27Z</time>
    <extensions>
     <gpxtpx:TrackPointExtension>
      <gpxtpx:hr>156</gpxtpx:hr>
      <gpxtpx:cad>84</gpxtpx:cad>
     </gpxtpx:TrackPointExtension>
    </extensions>
   </trkpt>
   <trkpt lat="29.1414660" lon="119.5347200">
    <ele>32.0</ele>
    <time>2022-02-24T13:11:28Z</time>
    <extensions>
     <gpxtpx:TrackPointExtension>
      <gpxtpx:hr>156</gpxtpx:hr>
      <gpxtpx:cad>84</gpxtpx:cad>
     </gpxtpx:TrackPointExtension>
    </extensions>
   </trkpt>
   <trkpt lat="29.1414640" lon="119.5347300">
    <ele>31.9</ele>
    <time>2022-02-24T13:11:29Z</time>
    <extensions>
     <gpxtpx:TrackPointExtension>
      <gpxtpx:hr>156</gpxtpx:hr>
      <gpxtpx:cad>84</gpxtpx:cad>
     </gpxtpx:TrackPointExtension>
    </extensions>
   </trkpt>
   <trkpt lat="29.1414620" lon="119.5347400">
    <ele>31.9</ele>
    <time>2022-02-24T13:11:30Z</time>
    <extensions>
     <gpxtpx:TrackPointExtension>
      <gpxtpx:hr>156</gpxtpx:hr>
      <gpxtpx:cad>81</gpxtpx:cad>
     </gpxtpx:TrackPointExtension>
    </extensions>
   </trkpt>
   <trkpt lat="29.1414600" lon="119.5347500">
    <ele>31.9</ele>
    <time>2022-02-24T13:11:30Z</time>
    <extensions>
     <gpxtpx:TrackPointExtension>
      <gpxtpx:hr>157</gpxtpx:hr>
      <gpxtpx:cad>81</gpxtpx:cad>
     </gpxtpx:TrackPointExtension>
    </extensions>
   </trkpt>
   <trkpt lat="29.1414550" lon="119.5347700">
    <ele>31.9</ele>
    <time>2022-02-24T13:11:31Z</time>
    <extensions>
     <gpxtpx:TrackPointExtension>
      <gpxtpx:hr>157</gpxtpx:hr>
      <gpxtpx:cad>81</gpxtpx:cad>
     </gpxtpx:TrackPointExtension>
    </extensions>
   </trkpt>
   <trkpt lat="29.1414470" lon="119.5347900">
    <ele>31.9</ele>
    <time>2022-02-24T13:11:32Z</time>
    <extensions>
     <gpxtpx:TrackPointExtension>
      <gpxtpx:hr>157</gpxtpx:hr>
      <gpxtpx:cad>81</gpxtpx:cad>
     </gpxtpx:TrackPointExtension>
    </extensions>
   </trkpt>
   <trkpt lat="29.1414340" lon="119.5348100">
    <ele>32.0</ele>
    <time>2022-02-24T13:11:33Z</time>
    <extensions>
     <gpxtpx:TrackPointExtension>
      <gpxtpx:hr>157</gpxtpx:hr>
      <gpxtpx:cad>81</gpxtpx:cad>
     </gpxtpx:TrackPointExtension>
    </extensions>
   </trkpt>
   <trkpt lat="29.1414220" lon="119.5348300">
    <ele>32.0</ele>
    <time>2022-02-24T13:11:34Z</time>
    <extensions>
     <gpxtpx:TrackPointExtension>
      <gpxtpx:hr>157</gpxtpx:hr>
      <gpxtpx:cad>81</gpxtpx:cad>
     </gpxtpx:TrackPointExtension>
    </extensions>
   </trkpt>
   <trkpt lat="29.1414090" lon="119.5348500">
    <ele>32.0</ele>
    <time>2022-02-24T13:11:35Z</time>
    <extensions>
     <gpxtpx:TrackPointExtension>
      <gpxtpx:hr>157</gpxtpx:hr>
      <gpxtpx:cad>81</gpxtpx:cad>
     </gpxtpx:TrackPointExtension>
    </extensions>
   </trkpt>
   <trkpt lat="29.1413970" lon="119.5348740">
    <ele>32.0</ele>
    <time>2022-02-24T13:11:36Z</time>
    <extensions>
     <gpxtpx:TrackPointExtension>
      <gpxtpx:hr>157</gpxtpx:hr>
      <gpxtpx:cad>81</gpxtpx:cad>
     </gpxtpx:TrackPointExtension>
    </extensions>
   </trkpt>
   <trkpt lat="29.1413840" lon="119.5349000">
    <ele>32.0</ele>
    <time>2022-02-24T13:11:37Z</time>
    <extensions>
     <gpxtpx:TrackPointExtension>
      <gpxtpx:hr>157</gpxtpx:hr>
      <gpxtpx:cad>81</gpxtpx:cad>
     </gpxtpx:TrackPointExtension>
    </extensions>
   </trkpt>
   <trkpt lat="29.1413700" lon="119.5349300">
    <ele>32.0</ele>
    <time>2022-02-24T13:11:38Z</time>
    <extensions>
     <gpxtpx:TrackPointExtension>
      <gpxtpx:hr>157</gpxtpx:hr>
      <gpxtpx:cad>81</gpxtpx:cad>
     </gpxtpx:TrackPointExtension>
    </extensions>
   </trkpt>
   <trkpt lat="29.1413610" lon="119.5349500">
    <ele>32.0</ele>
    <time>2022-02-24T13:11:39Z</time>
    <extensions>
     <gpxtpx:TrackPointExtension>
      <gpxtpx:hr>157</gpxtpx:hr>
      <gpxtpx:cad>81</gpxtpx:cad>
     </gpxtpx:TrackPointExtension>
    </extensions>
   </trkpt>
   <trkpt lat="29.1413520" lon="119.5349800">
    <ele>32.0</ele>
    <time>2022-02-24T13:11:40Z</time>
    <extensions>
     <gpxtpx:TrackPointExtension>
      <gpxtpx:hr>157</gpxtpx:hr>
      <gpxtpx:cad>86</gpxtpx:cad>
     </gpxtpx:TrackPointExtension>
    </extensions>
   </trkpt>
   <trkpt lat="29.1413520" lon="119.5349800">
    <ele>32.0</ele>
    <time>2022-02-24T13:11:40Z</time>
    <extensions>
     <gpxtpx:TrackPointExtension>
      <gpxtpx:hr>157</gpxtpx:hr>
      <gpxtpx:cad>86</gpxtpx:cad>
     </gpxtpx:TrackPointExtension>
    </extensions>
   </trkpt>
   <trkpt lat="29.1413380" lon="119.5350000">
    <ele>32.0</ele>
    <time>2022-02-24T13:11:41Z</time>
    <extensions>
     <gpxtpx:TrackPointExtension>
      <gpxtpx:hr>157</gpxtpx:hr>
      <gpxtpx:cad>86</gpxtpx:cad>
     </gpxtpx:TrackPointExtension>
    </extensions>
   </trkpt>
   <trkpt lat="29.1413230" lon="119.5350340">
    <ele>32.0</ele>
    <time>2022-02-24T13:11:42Z</time>
    <extensions>
     <gpxtpx:TrackPointExtension>
      <gpxtpx:hr>157</gpxtpx:hr>
      <gpxtpx:cad>86</gpxtpx:cad>
     </gpxtpx:TrackPointExtension>
    </extensions>
   </trkpt>
   <trkpt lat="29.1413100" lon="119.5350800">
    <ele>32.0</ele>
    <time>2022-02-24T13:11:43Z</time>
    <extensions>
     <gpxtpx:TrackPointExtension>
      <gpxtpx:hr>157</gpxtpx:hr>
      <gpxtpx:cad>86</gpxtpx:cad>
     </gpxtpx:TrackPointExtension>
    </extensions>
   </trkpt>
   <trkpt lat="29.1412960" lon="119.5351260">
    <ele>32.0</ele>
    <time>2022-02-24T13:11:44Z</time>
    <extensions>
     <gpxtpx:TrackPointExtension>
      <gpxtpx:hr>157</gpxtpx:hr>
      <gpxtpx:cad>86</gpxtpx:cad>
     </gpxtpx:TrackPointExtension>
    </extensions>
   </trkpt>
   <trkpt lat="29.1412750" lon="119.5352250">
    <ele>31.8</ele>
    <time>2022-02-24T13:11:45Z</time>
    <extensions>
     <gpxtpx:TrackPointExtension>
      <gpxtpx:hr>157</gpxtpx:hr>
      <gpxtpx:cad>86</gpxtpx:cad>
     </gpxtpx:TrackPointExtension>
    </extensions>
   </trkpt>
   <trkpt lat="29.1412680" lon="119.5352600">
    <ele>31.8</ele>
    <time>2022-02-24T13:11:46Z</time>
    <extensions>
     <gpxtpx:TrackPointExtension>
      <gpxtpx:hr>157</gpxtpx:hr>
      <gpxtpx:cad>86</gpxtpx:cad>
     </gpxtpx:TrackPointExtension>
    </extensions>
   </trkpt>
   <trkpt lat="29.1412560" lon="119.5352900">
    <ele>31.7</ele>
    <time>2022-02-24T13:11:47Z</time>
    <extensions>
     <gpxtpx:TrackPointExtension>
      <gpxtpx:hr>157</gpxtpx:hr>
      <gpxtpx:cad>86</gpxtpx:cad>
     </gpxtpx:TrackPointExtension>
    </extensions>
   </trkpt>
   <trkpt lat="29.1412470" lon="119.5353300">
    <ele>31.3</ele>
    <time>2022-02-24T13:11:48Z</time>
    <extensions>
     <gpxtpx:TrackPointExtension>
      <gpxtpx:hr>157</gpxtpx:hr>
      <gpxtpx:cad>86</gpxtpx:cad>
     </gpxtpx:TrackPointExtension>
    </extensions>
   </trkpt>
   <trkpt lat="29.1412350" lon="119.5353600">
    <ele>31.3</ele>
    <time>2022-02-24T13:11:49Z</time>
    <extensions>
     <gpxtpx:TrackPointExtension>
      <gpxtpx:hr>157</gpxtpx:hr>
      <gpxtpx:cad>86</gpxtpx:cad>
     </gpxtpx:TrackPointExtension>
    </extensions>
   </trkpt>
   <trkpt lat="29.1412200" lon="119.5353900">
    <ele>31.2</ele>
    <time>2022-02-24T13:11:50Z</time>
    <extensions>
     <gpxtpx:TrackPointExtension>
      <gpxtpx:hr>157</gpxtpx:hr>
      <gpxtpx:cad>88</gpxtpx:cad>
     </gpxtpx:TrackPointExtension>
    </extensions>
   </trkpt>
   <trkpt lat="29.1412200" lon="119.5353900">
    <ele>31.2</ele>
    <time>2022-02-24T13:11:50Z</time>
    <extensions>
     <gpxtpx:TrackPointExtension>
      <gpxtpx:hr>160</gpxtpx:hr>
      <gpxtpx:cad>88</gpxtpx:cad>
     </gpxtpx:TrackPointExtension>
    </extensions>
   </trkpt>
   <trkpt lat="29.1412120" lon="119.5354200">
    <ele>31.0</ele>
    <time>2022-02-24T13:11:51Z</time>
    <extensions>
     <gpxtpx:TrackPointExtension>
      <gpxtpx:hr>160</gpxtpx:hr>
      <gpxtpx:cad>87</gpxtpx:cad>
     </gpxtpx:TrackPointExtension>
    </extensions>
   </trkpt>
   <trkpt lat="29.1411950" lon="119.5354500">
    <ele>31.0</ele>
    <time>2022-02-24T13:11:52Z</time>
    <extensions>
     <gpxtpx:TrackPointExtension>
      <gpxtpx:hr>160</gpxtpx:hr>
      <gpxtpx:cad>87</gpxtpx:cad>
     </gpxtpx:TrackPointExtension>
    </extensions>
   </trkpt>
   <trkpt lat="29.1411780" lon="119.5354900">
    <ele>31.0</ele>
    <time>2022-02-24T13:11:53Z</time>
    <extensions>
     <gpxtpx:TrackPointExtension>
      <gpxtpx:hr>160</gpxtpx:hr>
      <gpxtpx:cad>87</gpxtpx:cad>
     </gpxtpx:TrackPointExtension>
    </extensions>
   </trkpt>
   <trkpt lat="29.1411630" lon="119.5355200">
    <ele>31.0</ele>
    <time>2022-02-24T13:11:54Z</time>
    <extensions>
     <gpxtpx:TrackPointExtension>
      <gpxtpx:hr>160</gpxtpx:hr>
      <gpxtpx:cad>87</gpxtpx:cad>
     </gpxtpx:TrackPointExtension>
    </extensions>
   </trkpt>
   <trkpt lat="29.1411460" lon="119.5355600">
    <ele>31.0</ele>
    <time>2022-02-24T13:11:55Z</time>
    <extensions>
     <gpxtpx:TrackPointExtension>
      <gpxtpx:hr>160</gpxtpx:hr>
      <gpxtpx:cad>87</gpxtpx:cad>
     </gpxtpx:TrackPointExtension>
    </extensions>
   </trkpt>
   <trkpt lat="29.1411340" lon="119.5355900">
    <ele>30.8</ele>
    <time>2022-02-24T13:11:56Z</time>
    <extensions>
     <gpxtpx:TrackPointExtension>
      <gpxtpx:hr>160</gpxtpx:hr>
      <gpxtpx:cad>87</gpxtpx:cad>
     </gpxtpx:TrackPointExtension>
    </extensions>
   </trkpt>
   <trkpt lat="29.1411250" lon="119.5356300">
    <ele>30.6</ele>
    <time>2022-02-24T13:11:57Z</time>
    <extensions>
     <gpxtpx:TrackPointExtension>
      <gpxtpx:hr>160</gpxtpx:hr>
      <gpxtpx:cad>87</gpxtpx:cad>
     </gpxtpx:TrackPointExtension>
    </extensions>
   </trkpt>
   <trkpt lat="29.1411170" lon="119.5356700">
    <ele>30.6</ele>
    <time>2022-02-24T13:11:58Z</time>
    <extensions>
     <gpxtpx:TrackPointExtension>
      <gpxtpx:hr>160</gpxtpx:hr>
      <gpxtpx:cad>87</gpxtpx:cad>
     </gpxtpx:TrackPointExtension>
    </extensions>
   </trkpt>
   <trkpt lat="29.1411130" lon="119.5357000">
    <ele>30.1</ele>
    <time>2022-02-24T13:11:59Z</time>
    <extensions>
     <gpxtpx:TrackPointExtension>
      <gpxtpx:hr>160</gpxtpx:hr>
      <gpxtpx:cad>87</gpxtpx:cad>
     </gpxtpx:TrackPointExtension>
    </extensions>
   </trkpt>
   <trkpt lat="29.1411040" lon="119.5357360">
    <ele>29.6</ele>
    <time>2022-02-24T13:12:00Z</time>
    <extensions>
     <gpxtpx:TrackPointExtension>
      <gpxtpx:hr>163</gpxtpx:hr>
      <gpxtpx:cad>87</gpxtpx:cad>
     </gpxtpx:TrackPointExtension>
    </extensions>
   </trkpt>
   <trkpt lat="29.1411040" lon="119.5357360">
    <ele>29.6</ele>
    <time>2022-02-24T13:12:00Z</time>
    <extensions>
     <gpxtpx:TrackPointExtension>
      <gpxtpx:hr>163</gpxtpx:hr>
      <gpxtpx:cad>82</gpxtpx:cad>
     </gpxtpx:TrackPointExtension>
    </extensions>
   </trkpt>
   <trkpt lat="29.1410940" lon="119.5357740">
    <ele>29.2</ele>
    <time>2022-02-24T13:12:01Z</time>
    <extensions>
     <gpxtpx:TrackPointExtension>
      <gpxtpx:hr>163</gpxtpx:hr>
      <gpxtpx:cad>82</gpxtpx:cad>
     </gpxtpx:TrackPointExtension>
    </extensions>
   </trkpt>
   <trkpt lat="29.1410830" lon="119.5358100">
    <ele>28.9</ele>
    <time>2022-02-24T13:12:02Z</time>
    <extensions>
     <gpxtpx:TrackPointExtension>
      <gpxtpx:hr>163</gpxtpx:hr>
      <gpxtpx:cad>82</gpxtpx:cad>
     </gpxtpx:TrackPointExtension>
    </extensions>
   </trkpt>
   <trkpt lat="29.1410750" lon="119.5358500">
    <ele>28.8</ele>
    <time>2022-02-24T13:12:03Z</time>
    <extensions>
     <gpxtpx:TrackPointExtension>
      <gpxtpx:hr>163</gpxtpx:hr>
      <gpxtpx:cad>82</gpxtpx:cad>
     </gpxtpx:TrackPointExtension>
    </extensions>
   </trkpt>
   <trkpt lat="29.1410710" lon="119.5358800">
    <ele>28.8</ele>
    <time>2022-02-24T13:12:04Z</time>
    <extensions>
     <gpxtpx:TrackPointExtension>
      <gpxtpx:hr>163</gpxtpx:hr>
      <gpxtpx:cad>82</gpxtpx:cad>
     </gpxtpx:TrackPointExtension>
    </extensions>
   </trkpt>
   <trkpt lat="29.1410710" lon="119.5359100">
    <ele>28.7</ele>
    <time>2022-02-24T13:12:05Z</time>
    <extensions>
     <gpxtpx:TrackPointExtension>
      <gpxtpx:hr>163</gpxtpx:hr>
      <gpxtpx:cad>82</gpxtpx:cad>
     </gpxtpx:TrackPointExtension>
    </extensions>
   </trkpt>
   <trkpt lat="29.1410700" lon="119.5359400">
    <ele>28.6</ele>
    <time>2022-02-24T13:12:06Z</time>
    <extensions>
     <gpxtpx:TrackPointExtension>
      <gpxtpx:hr>163</gpxtpx:hr>
      <gpxtpx:cad>82</gpxtpx:cad>
     </gpxtpx:TrackPointExtension>
    </extensions>
   </trkpt>
   <trkpt lat="29.1410600" lon="119.5359650">
    <ele>28.4</ele>
    <time>2022-02-24T13:12:07Z</time>
    <extensions>
     <gpxtpx:TrackPointExtension>
      <gpxtpx:hr>163</gpxtpx:hr>
      <gpxtpx:cad>82</gpxtpx:cad>
     </gpxtpx:TrackPointExtension>
    </extensions>
   </trkpt>
   <trkpt lat="29.1410480" lon="119.5360000">
    <ele>28.3</ele>
    <time>2022-02-24T13:12:08Z</time>
    <extensions>
     <gpxtpx:TrackPointExtension>
      <gpxtpx:hr>163</gpxtpx:hr>
      <gpxtpx:cad>82</gpxtpx:cad>
     </gpxtpx:TrackPointExtension>
    </extensions>
   </trkpt>
   <trkpt lat="29.1410370" lon="119.5360300">
    <ele>28.3</ele>
    <time>2022-02-24T13:12:09Z</time>
    <extensions>
     <gpxtpx:TrackPointExtension>
      <gpxtpx:hr>163</gpxtpx:hr>
      <gpxtpx:cad>82</gpxtpx:cad>
     </gpxtpx:TrackPointExtension>
    </extensions>
   </trkpt>
   <trkpt lat="29.1410240" lon="119.5360640">
    <ele>28.1</ele>
    <time>2022-02-24T13:12:10Z</time>
    <extensions>
     <gpxtpx:TrackPointExtension>
      <gpxtpx:hr>163</gpxtpx:hr>
      <gpxtpx:cad>85</gpxtpx:cad>
     </gpxtpx:TrackPointExtension>
    </extensions>
   </trkpt>
   <trkpt lat="29.1410240" lon="119.5360640">
    <ele>28.1</ele>
    <time>2022-02-24T13:12:10Z</time>
    <extensions>
     <gpxtpx:TrackPointExtension>
      <gpxtpx:hr>167</gpxtpx:hr>
      <gpxtpx:cad>85</gpxtpx:cad>
     </gpxtpx:TrackPointExtension>
    </extensions>
   </trkpt>
   <trkpt lat="29.1410200" lon="119.5360950">
    <ele>28.1</ele>
    <time>2022-02-24T13:12:11Z</time>
    <extensions>
     <gpxtpx:TrackPointExtension>
      <gpxtpx:hr>167</gpxtpx:hr>
      <gpxtpx:cad>85</gpxtpx:cad>
     </gpxtpx:TrackPointExtension>
    </extensions>
   </trkpt>
   <trkpt lat="29.1410060" lon="119.5361250">
    <ele>28.1</ele>
    <time>2022-02-24T13:12:12Z</time>
    <extensions>
     <gpxtpx:TrackPointExtension>
      <gpxtpx:hr>167</gpxtpx:hr>
      <gpxtpx:cad>85</gpxtpx:cad>
     </gpxtpx:TrackPointExtension>
    </extensions>
   </trkpt>
   <trkpt lat="29.1409900" lon="119.5361600">
    <ele>28.3</ele>
    <time>2022-02-24T13:12:13Z</time>
    <extensions>
     <gpxtpx:TrackPointExtension>
      <gpxtpx:hr>167</gpxtpx:hr>
      <gpxtpx:cad>85</gpxtpx:cad>
     </gpxtpx:TrackPointExtension>
    </extensions>
   </trkpt>
   <trkpt lat="29.1409760" lon="119.5361940">
    <ele>28.8</ele>
    <time>2022-02-24T13:12:14Z</time>
    <extensions>
     <gpxtpx:TrackPointExtension>
      <gpxtpx:hr>167</gpxtpx:hr>
      <gpxtpx:cad>85</gpxtpx:cad>
     </gpxtpx:TrackPointExtension>
    </extensions>
   </trkpt>
   <trkpt lat="29.1409650" lon="119.5362200">
    <ele>28.8</ele>
    <time>2022-02-24T13:12:15Z</time>
    <extensions>
     <gpxtpx:TrackPointExtension>
      <gpxtpx:hr>167</gpxtpx:hr>
      <gpxtpx:cad>85</gpxtpx:cad>
     </gpxtpx:TrackPointExtension>
    </extensions>
   </trkpt>
   <trkpt lat="29.1409570" lon="119.5362500">
    <ele>29.3</ele>
    <time>2022-02-24T13:12:16Z</time>
    <extensions>
     <gpxtpx:TrackPointExtension>
      <gpxtpx:hr>167</gpxtpx:hr>
      <gpxtpx:cad>85</gpxtpx:cad>
     </gpxtpx:TrackPointExtension>
    </extensions>
   </trkpt>
   <trkpt lat="29.1409500" lon="119.5362700">
    <ele>29.3</ele>
    <time>2022-02-24T13:12:17Z</time>
    <extensions>
     <gpxtpx:TrackPointExtension>
      <gpxtpx:hr>167</gpxtpx:hr>
      <gpxtpx:cad>85</gpxtpx:cad>
     </gpxtpx:TrackPointExtension>
    </extensions>
   </trkpt>
   <trkpt lat="29.1409400" lon="119.5362900">
    <ele>29.8</ele>
    <time>2022-02-24T13:12:18Z</time>
    <extensions>
     <gpxtpx:TrackPointExtension>
      <gpxtpx:hr>167</gpxtpx:hr>
      <gpxtpx:cad>85</gpxtpx:cad>
     </gpxtpx:TrackPointExtension>
    </extensions>
   </trkpt>
   <trkpt lat="29.1409320" lon="119.5363160">
    <ele>30.1</ele>
    <time>2022-02-24T13:12:19Z</time>
    <extensions>
     <gpxtpx:TrackPointExtension>
      <gpxtpx:hr>167</gpxtpx:hr>
      <gpxtpx:cad>85</gpxtpx:cad>
     </gpxtpx:TrackPointExtension>
    </extensions>
   </trkpt>
   <trkpt lat="29.1409190" lon="119.5363400">
    <ele>30.1</ele>
    <time>2022-02-24T13:12:20Z</time>
    <extensions>
     <gpxtpx:TrackPointExtension>
      <gpxtpx:hr>167</gpxtpx:hr>
      <gpxtpx:cad>85</gpxtpx:cad>
     </gpxtpx:TrackPointExtension>
    </extensions>
   </trkpt>
   <trkpt lat="29.1409190" lon="119.5363400">
    <ele>30.1</ele>
    <time>2022-02-24T13:12:20Z</time>
    <extensions>
     <gpxtpx:TrackPointExtension>
      <gpxtpx:hr>168</gpxtpx:hr>
      <gpxtpx:cad>85</gpxtpx:cad>
     </gpxtpx:TrackPointExtension>
    </extensions>
   </trkpt>
   <trkpt lat="29.1409100" lon="119.5363600">
    <ele>30.3</ele>
    <time>2022-02-24T13:12:21Z</time>
    <extensions>
     <gpxtpx:TrackPointExtension>
      <gpxtpx:hr>168</gpxtpx:hr>
      <gpxtpx:cad>85</gpxtpx:cad>
     </gpxtpx:TrackPointExtension>
    </extensions>
   </trkpt>
   <trkpt lat="29.1409020" lon="119.5363900">
    <ele>30.3</ele>
    <time>2022-02-24T13:12:22Z</time>
    <extensions>
     <gpxtpx:TrackPointExtension>
      <gpxtpx:hr>168</gpxtpx:hr>
      <gpxtpx:cad>85</gpxtpx:cad>
     </gpxtpx:TrackPointExtension>
    </extensions>
   </trkpt>
   <trkpt lat="29.1408880" lon="119.5364200">
    <ele>30.4</ele>
    <time>2022-02-24T13:12:23Z</time>
    <extensions>
     <gpxtpx:TrackPointExtension>
      <gpxtpx:hr>168</gpxtpx:hr>
      <gpxtpx:cad>85</gpxtpx:cad>
     </gpxtpx:TrackPointExtension>
    </extensions>
   </trkpt>
   <trkpt lat="29.1408730" lon="119.5364600">
    <ele>30.8</ele>
    <time>2022-02-24T13:12:24Z</time>
    <extensions>
     <gpxtpx:TrackPointExtension>
      <gpxtpx:hr>168</gpxtpx:hr>
      <gpxtpx:cad>85</gpxtpx:cad>
     </gpxtpx:TrackPointExtension>
    </extensions>
   </trkpt>
   <trkpt lat="29.1408520" lon="119.5364900">
    <ele>30.9</ele>
    <time>2022-02-24T13:12:25Z</time>
    <extensions>
     <gpxtpx:TrackPointExtension>
      <gpxtpx:hr>168</gpxtpx:hr>
      <gpxtpx:cad>85</gpxtpx:cad>
     </gpxtpx:TrackPointExtension>
    </extensions>
   </trkpt>
   <trkpt lat="29.1408310" lon="119.5365200">
    <ele>31.2</ele>
    <time>2022-02-24T13:12:26Z</time>
    <extensions>
     <gpxtpx:TrackPointExtension>
      <gpxtpx:hr>168</gpxtpx:hr>
      <gpxtpx:cad>85</gpxtpx:cad>
     </gpxtpx:TrackPointExtension>
    </extensions>
   </trkpt>
   <trkpt lat="29.1408140" lon="119.5365600">
    <ele>31.2</ele>
    <time>2022-02-24T13:12:27Z</time>
    <extensions>
     <gpxtpx:TrackPointExtension>
      <gpxtpx:hr>168</gpxtpx:hr>
      <gpxtpx:cad>85</gpxtpx:cad>
     </gpxtpx:TrackPointExtension>
    </extensions>
   </trkpt>
   <trkpt lat="29.1408020" lon="119.5365900">
    <ele>31.4</ele>
    <time>2022-02-24T13:12:28Z</time>
    <extensions>
     <gpxtpx:TrackPointExtension>
      <gpxtpx:hr>168</gpxtpx:hr>
      <gpxtpx:cad>85</gpxtpx:cad>
     </gpxtpx:TrackPointExtension>
    </extensions>
   </trkpt>
   <trkpt lat="29.1407870" lon="119.5366300">
    <ele>31.4</ele>
    <time>2022-02-24T13:12:29Z</time>
    <extensions>
     <gpxtpx:TrackPointExtension>
      <gpxtpx:hr>168</gpxtpx:hr>
      <gpxtpx:cad>85</gpxtpx:cad>
     </gpxtpx:TrackPointExtension>
    </extensions>
   </trkpt>
   <trkpt lat="29.1407740" lon="119.5366600">
    <ele>31.4</ele>
    <time>2022-02-24T13:12:30Z</time>
    <extensions>
     <gpxtpx:TrackPointExtension>
      <gpxtpx:hr>168</gpxtpx:hr>
      <gpxtpx:cad>86</gpxtpx:cad>
     </gpxtpx:TrackPointExtension>
    </extensions>
   </trkpt>
   <trkpt lat="29.1407740" lon="119.5366600">
    <ele>31.4</ele>
    <time>2022-02-24T13:12:30Z</time>
    <extensions>
     <gpxtpx:TrackPointExtension>
      <gpxtpx:hr>169</gpxtpx:hr>
      <gpxtpx:cad>86</gpxtpx:cad>
     </gpxtpx:TrackPointExtension>
    </extensions>
   </trkpt>
   <trkpt lat="29.1407600" lon="119.5366900">
    <ele>31.7</ele>
    <time>2022-02-24T13:12:31Z</time>
    <extensions>
     <gpxtpx:TrackPointExtension>
      <gpxtpx:hr>169</gpxtpx:hr>
      <gpxtpx:cad>86</gpxtpx:cad>
     </gpxtpx:TrackPointExtension>
    </extensions>
   </trkpt>
   <trkpt lat="29.1407450" lon="119.5367100">
    <ele>31.7</ele>
    <time>2022-02-24T13:12:32Z</time>
    <extensions>
     <gpxtpx:TrackPointExtension>
      <gpxtpx:hr>169</gpxtpx:hr>
      <gpxtpx:cad>86</gpxtpx:cad>
     </gpxtpx:TrackPointExtension>
    </extensions>
   </trkpt>
   <trkpt lat="29.1407320" lon="119.5367400">
    <ele>31.7</ele>
    <time>2022-02-24T13:12:33Z</time>
    <extensions>
     <gpxtpx:TrackPointExtension>
      <gpxtpx:hr>169</gpxtpx:hr>
      <gpxtpx:cad>86</gpxtpx:cad>
     </gpxtpx:TrackPointExtension>
    </extensions>
   </trkpt>
   <trkpt lat="29.1407200" lon="119.5367660">
    <ele>31.9</ele>
    <time>2022-02-24T13:12:34Z</time>
    <extensions>
     <gpxtpx:TrackPointExtension>
      <gpxtpx:hr>169</gpxtpx:hr>
      <gpxtpx:cad>86</gpxtpx:cad>
     </gpxtpx:TrackPointExtension>
    </extensions>
   </trkpt>
   <trkpt lat="29.1407050" lon="119.5368000">
    <ele>31.9</ele>
    <time>2022-02-24T13:12:35Z</time>
    <extensions>
     <gpxtpx:TrackPointExtension>
      <gpxtpx:hr>169</gpxtpx:hr>
      <gpxtpx:cad>86</gpxtpx:cad>
     </gpxtpx:TrackPointExtension>
    </extensions>
   </trkpt>
   <trkpt lat="29.1406960" lon="119.5368350">
    <ele>31.8</ele>
    <time>2022-02-24T13:12:36Z</time>
    <extensions>
     <gpxtpx:TrackPointExtension>
      <gpxtpx:hr>169</gpxtpx:hr>
      <gpxtpx:cad>86</gpxtpx:cad>
     </gpxtpx:TrackPointExtension>
    </extensions>
   </trkpt>
   <trkpt lat="29.1406860" lon="119.5368600">
    <ele>32.0</ele>
    <time>2022-02-24T13:12:37Z</time>
    <extensions>
     <gpxtpx:TrackPointExtension>
      <gpxtpx:hr>169</gpxtpx:hr>
      <gpxtpx:cad>86</gpxtpx:cad>
     </gpxtpx:TrackPointExtension>
    </extensions>
   </trkpt>
   <trkpt lat="29.1406780" lon="119.5368900">
    <ele>31.8</ele>
    <time>2022-02-24T13:12:38Z</time>
    <extensions>
     <gpxtpx:TrackPointExtension>
      <gpxtpx:hr>169</gpxtpx:hr>
      <gpxtpx:cad>86</gpxtpx:cad>
     </gpxtpx:TrackPointExtension>
    </extensions>
   </trkpt>
   <trkpt lat="29.1406670" lon="119.5369200">
    <ele>31.5</ele>
    <time>2022-02-24T13:12:39Z</time>
    <extensions>
     <gpxtpx:TrackPointExtension>
      <gpxtpx:hr>169</gpxtpx:hr>
      <gpxtpx:cad>86</gpxtpx:cad>
     </gpxtpx:TrackPointExtension>
    </extensions>
   </trkpt>
   <trkpt lat="29.1406540" lon="119.5369400">
    <ele>31.8</ele>
    <time>2022-02-24T13:12:40Z</time>
    <extensions>
     <gpxtpx:TrackPointExtension>
      <gpxtpx:hr>169</gpxtpx:hr>
      <gpxtpx:cad>84</gpxtpx:cad>
     </gpxtpx:TrackPointExtension>
    </extensions>
   </trkpt>
   <trkpt lat="29.1406540" lon="119.5369400">
    <ele>31.8</ele>
    <time>2022-02-24T13:12:40Z</time>
    <extensions>
     <gpxtpx:TrackPointExtension>
      <gpxtpx:hr>168</gpxtpx:hr>
      <gpxtpx:cad>84</gpxtpx:cad>
     </gpxtpx:TrackPointExtension>
    </extensions>
   </trkpt>
   <trkpt lat="29.1406460" lon="119.5369700">
    <ele>31.5</ele>
    <time>2022-02-24T13:12:41Z</time>
    <extensions>
     <gpxtpx:TrackPointExtension>
      <gpxtpx:hr>168</gpxtpx:hr>
      <gpxtpx:cad>84</gpxtpx:cad>
     </gpxtpx:TrackPointExtension>
    </extensions>
   </trkpt>
   <trkpt lat="29.1406380" lon="119.5370100">
    <ele>31.2</ele>
    <time>2022-02-24T13:12:42Z</time>
    <extensions>
     <gpxtpx:TrackPointExtension>
      <gpxtpx:hr>168</gpxtpx:hr>
      <gpxtpx:cad>84</gpxtpx:cad>
     </gpxtpx:TrackPointExtension>
    </extensions>
   </trkpt>
   <trkpt lat="29.1406250" lon="119.5370500">
    <ele>30.8</ele>
    <time>2022-02-24T13:12:43Z</time>
    <extensions>
     <gpxtpx:TrackPointExtension>
      <gpxtpx:hr>168</gpxtpx:hr>
      <gpxtpx:cad>84</gpxtpx:cad>
     </gpxtpx:TrackPointExtension>
    </extensions>
   </trkpt>
   <trkpt lat="29.1406140" lon="119.5370900">
    <ele>30.8</ele>
    <time>2022-02-24T13:12:44Z</time>
    <extensions>
     <gpxtpx:TrackPointExtension>
      <gpxtpx:hr>168</gpxtpx:hr>
      <gpxtpx:cad>84</gpxtpx:cad>
     </gpxtpx:TrackPointExtension>
    </extensions>
   </trkpt>
   <trkpt lat="29.1406040" lon="119.5371250">
    <ele>30.8</ele>
    <time>2022-02-24T13:12:45Z</time>
    <extensions>
     <gpxtpx:TrackPointExtension>
      <gpxtpx:hr>168</gpxtpx:hr>
      <gpxtpx:cad>84</gpxtpx:cad>
     </gpxtpx:TrackPointExtension>
    </extensions>
   </trkpt>
   <trkpt lat="29.1405900" lon="119.5371550">
    <ele>30.5</ele>
    <time>2022-02-24T13:12:46Z</time>
    <extensions>
     <gpxtpx:TrackPointExtension>
      <gpxtpx:hr>168</gpxtpx:hr>
      <gpxtpx:cad>84</gpxtpx:cad>
     </gpxtpx:TrackPointExtension>
    </extensions>
   </trkpt>
   <trkpt lat="29.1405800" lon="119.5371900">
    <ele>30.1</ele>
    <time>2022-02-24T13:12:47Z</time>
    <extensions>
     <gpxtpx:TrackPointExtension>
      <gpxtpx:hr>168</gpxtpx:hr>
      <gpxtpx:cad>84</gpxtpx:cad>
     </gpxtpx:TrackPointExtension>
    </extensions>
   </trkpt>
   <trkpt lat="29.1405640" lon="119.5372300">
    <ele>30.1</ele>
    <time>2022-02-24T13:12:48Z</time>
    <extensions>
     <gpxtpx:TrackPointExtension>
      <gpxtpx:hr>168</gpxtpx:hr>
      <gpxtpx:cad>84</gpxtpx:cad>
     </gpxtpx:TrackPointExtension>
    </extensions>
   </trkpt>
   <trkpt lat="29.1405490" lon="119.5372700">
    <ele>29.6</ele>
    <time>2022-02-24T13:12:49Z</time>
    <extensions>
     <gpxtpx:TrackPointExtension>
      <gpxtpx:hr>168</gpxtpx:hr>
      <gpxtpx:cad>84</gpxtpx:cad>
     </gpxtpx:TrackPointExtension>
    </extensions>
   </trkpt>
   <trkpt lat="29.1405300" lon="119.5373100">
    <ele>29.4</ele>
    <time>2022-02-24T13:12:50Z</time>
    <extensions>
     <gpxtpx:TrackPointExtension>
      <gpxtpx:hr>168</gpxtpx:hr>
      <gpxtpx:cad>87</gpxtpx:cad>
     </gpxtpx:TrackPointExtension>
    </extensions>
   </trkpt>
   <trkpt lat="29.1405300" lon="119.5373100">
    <ele>29.4</ele>
    <time>2022-02-24T13:12:50Z</time>
    <extensions>
     <gpxtpx:TrackPointExtension>
      <gpxtpx:hr>171</gpxtpx:hr>
      <gpxtpx:cad>87</gpxtpx:cad>
     </gpxtpx:TrackPointExtension>
    </extensions>
   </trkpt>
   <trkpt lat="29.1405140" lon="119.5373460">
    <ele>28.8</ele>
    <time>2022-02-24T13:12:51Z</time>
    <extensions>
     <gpxtpx:TrackPointExtension>
      <gpxtpx:hr>171</gpxtpx:hr>
      <gpxtpx:cad>87</gpxtpx:cad>
     </gpxtpx:TrackPointExtension>
    </extensions>
   </trkpt>
   <trkpt lat="29.1405000" lon="119.5373800">
    <ele>29.1</ele>
    <time>2022-02-24T13:12:52Z</time>
    <extensions>
     <gpxtpx:TrackPointExtension>
      <gpxtpx:hr>171</gpxtpx:hr>
      <gpxtpx:cad>87</gpxtpx:cad>
     </gpxtpx:TrackPointExtension>
    </extensions>
   </trkpt>
   <trkpt lat="29.1404840" lon="119.5374150">
    <ele>28.3</ele>
    <time>2022-02-24T13:12:53Z</time>
    <extensions>
     <gpxtpx:TrackPointExtension>
      <gpxtpx:hr>171</gpxtpx:hr>
      <gpxtpx:cad>87</gpxtpx:cad>
     </gpxtpx:TrackPointExtension>
    </extensions>
   </trkpt>
   <trkpt lat="29.1404690" lon="119.5374500">
    <ele>27.6</ele>
    <time>2022-02-24T13:12:54Z</time>
    <extensions>
     <gpxtpx:TrackPointExtension>
      <gpxtpx:hr>171</gpxtpx:hr>
      <gpxtpx:cad>87</gpxtpx:cad>
     </gpxtpx:TrackPointExtension>
    </extensions>
   </trkpt>
   <trkpt lat="29.1404530" lon="119.5374800">
    <ele>27.1</ele>
    <time>2022-02-24T13:12:55Z</time>
    <extensions>
     <gpxtpx:TrackPointExtension>
      <gpxtpx:hr>171</gpxtpx:hr>
      <gpxtpx:cad>87</gpxtpx:cad>
     </gpxtpx:TrackPointExtension>
    </extensions>
   </trkpt>
   <trkpt lat="29.1404380" lon="119.5375100">
    <ele>27.1</ele>
    <time>2022-02-24T13:12:56Z</time>
    <extensions>
     <gpxtpx:TrackPointExtension>
      <gpxtpx:hr>171</gpxtpx:hr>
      <gpxtpx:cad>87</gpxtpx:cad>
     </gpxtpx:TrackPointExtension>
    </extensions>
   </trkpt>
   <trkpt lat="29.1404170" lon="119.5375500">
    <ele>26.7</ele>
    <time>2022-02-24T13:12:57Z</time>
    <extensions>
     <gpxtpx:TrackPointExtension>
      <gpxtpx:hr>171</gpxtpx:hr>
      <gpxtpx:cad>87</gpxtpx:cad>
     </gpxtpx:TrackPointExtension>
    </extensions>
   </trkpt>
   <trkpt lat="29.1404000" lon="119.5375900">
    <ele>26.2</ele>
    <time>2022-02-24T13:12:58Z</time>
    <extensions>
     <gpxtpx:TrackPointExtension>
      <gpxtpx:hr>171</gpxtpx:hr>
      <gpxtpx:cad>87</gpxtpx:cad>
     </gpxtpx:TrackPointExtension>
    </extensions>
   </trkpt>
   <trkpt lat="29.1403770" lon="119.5376200">
    <ele>26.2</ele>
    <time>2022-02-24T13:12:59Z</time>
    <extensions>
     <gpxtpx:TrackPointExtension>
      <gpxtpx:hr>171</gpxtpx:hr>
      <gpxtpx:cad>87</gpxtpx:cad>
     </gpxtpx:TrackPointExtension>
    </extensions>
   </trkpt>
   <trkpt lat="29.1403520" lon="119.5376500">
    <ele>26.5</ele>
    <time>2022-02-24T13:13:00Z</time>
    <extensions>
     <gpxtpx:TrackPointExtension>
      <gpxtpx:hr>171</gpxtpx:hr>
      <gpxtpx:cad>85</gpxtpx:cad>
     </gpxtpx:TrackPointExtension>
    </extensions>
   </trkpt>
   <trkpt lat="29.1403520" lon="119.5376500">
    <ele>26.5</ele>
    <time>2022-02-24T13:13:00Z</time>
    <extensions>
     <gpxtpx:TrackPointExtension>
      <gpxtpx:hr>173</gpxtpx:hr>
      <gpxtpx:cad>85</gpxtpx:cad>
     </gpxtpx:TrackPointExtension>
    </extensions>
   </trkpt>
   <trkpt lat="29.1403270" lon="119.5376740">
    <ele>26.5</ele>
    <time>2022-02-24T13:13:01Z</time>
    <extensions>
     <gpxtpx:TrackPointExtension>
      <gpxtpx:hr>173</gpxtpx:hr>
      <gpxtpx:cad>85</gpxtpx:cad>
     </gpxtpx:TrackPointExtension>
    </extensions>
   </trkpt>
   <trkpt lat="29.1403050" lon="119.5377000">
    <ele>26.9</ele>
    <time>2022-02-24T13:13:02Z</time>
    <extensions>
     <gpxtpx:TrackPointExtension>
      <gpxtpx:hr>173</gpxtpx:hr>
      <gpxtpx:cad>85</gpxtpx:cad>
     </gpxtpx:TrackPointExtension>
    </extensions>
   </trkpt>
   <trkpt lat="29.1402780" lon="119.5377200">
    <ele>27.6</ele>
    <time>2022-02-24T13:13:03Z</time>
    <extensions>
     <gpxtpx:TrackPointExtension>
      <gpxtpx:hr>173</gpxtpx:hr>
      <gpxtpx:cad>85</gpxtpx:cad>
     </gpxtpx:TrackPointExtension>
    </extensions>
   </trkpt>
   <trkpt lat="29.1402550" lon="119.5377400">
    <ele>27.4</ele>
    <time>2022-02-24T13:13:04Z</time>
    <extensions>
     <gpxtpx:TrackPointExtension>
      <gpxtpx:hr>173</gpxtpx:hr>
      <gpxtpx:cad>85</gpxtpx:cad>
     </gpxtpx:TrackPointExtension>
    </extensions>
   </trkpt>
   <trkpt lat="29.1402280" lon="119.5377660">
    <ele>28.0</ele>
    <time>2022-02-24T13:13:05Z</time>
    <extensions>
     <gpxtpx:TrackPointExtension>
      <gpxtpx:hr>173</gpxtpx:hr>
      <gpxtpx:cad>85</gpxtpx:cad>
     </gpxtpx:TrackPointExtension>
    </extensions>
   </trkpt>
   <trkpt lat="29.1402030" lon="119.5377900">
    <ele>28.2</ele>
    <time>2022-02-24T13:13:06Z</time>
    <extensions>
     <gpxtpx:TrackPointExtension>
      <gpxtpx:hr>173</gpxtpx:hr>
      <gpxtpx:cad>85</gpxtpx:cad>
     </gpxtpx:TrackPointExtension>
    </extensions>
   </trkpt>
   <trkpt lat="29.1401770" lon="119.5378100">
    <ele>28.2</ele>
    <time>2022-02-24T13:13:07Z</time>
    <extensions>
     <gpxtpx:TrackPointExtension>
      <gpxtpx:hr>173</gpxtpx:hr>
      <gpxtpx:cad>85</gpxtpx:cad>
     </gpxtpx:TrackPointExtension>
    </extensions>
   </trkpt>
   <trkpt lat="29.1401540" lon="119.5378340">
    <ele>28.5</ele>
    <time>2022-02-24T13:13:08Z</time>
    <extensions>
     <gpxtpx:TrackPointExtension>
      <gpxtpx:hr>173</gpxtpx:hr>
      <gpxtpx:cad>85</gpxtpx:cad>
     </gpxtpx:TrackPointExtension>
    </extensions>
   </trkpt>
   <trkpt lat="29.1401270" lon="119.5378600">
    <ele>28.7</ele>
    <time>2022-02-24T13:13:09Z</time>
    <extensions>
     <gpxtpx:TrackPointExtension>
      <gpxtpx:hr>173</gpxtpx:hr>
      <gpxtpx:cad>85</gpxtpx:cad>
     </gpxtpx:TrackPointExtension>
    </extensions>
   </trkpt>
   <trkpt lat="29.1400930" lon="119.5378800">
    <ele>28.7</ele>
    <time>2022-02-24T13:13:10Z</time>
    <extensions>
     <gpxtpx:TrackPointExtension>
      <gpxtpx:hr>173</gpxtpx:hr>
      <gpxtpx:cad>85</gpxtpx:cad>
     </gpxtpx:TrackPointExtension>
    </extensions>
   </trkpt>
   <trkpt lat="29.1400930" lon="119.5378800">
    <ele>28.7</ele>
    <time>2022-02-24T13:13:10Z</time>
    <extensions>
     <gpxtpx:TrackPointExtension>
      <gpxtpx:hr>178</gpxtpx:hr>
      <gpxtpx:cad>85</gpxtpx:cad>
     </gpxtpx:TrackPointExtension>
    </extensions>
   </trkpt>
   <trkpt lat="29.1400640" lon="119.5378950">
    <ele>29.1</ele>
    <time>2022-02-24T13:13:11Z</time>
    <extensions>
     <gpxtpx:TrackPointExtension>
      <gpxtpx:hr>178</gpxtpx:hr>
      <gpxtpx:cad>85</gpxtpx:cad>
     </gpxtpx:TrackPointExtension>
    </extensions>
   </trkpt>
   <trkpt lat="29.1400360" lon="119.5379100">
    <ele>29.3</ele>
    <time>2022-02-24T13:13:12Z</time>
    <extensions>
     <gpxtpx:TrackPointExtension>
      <gpxtpx:hr>178</gpxtpx:hr>
      <gpxtpx:cad>85</gpxtpx:cad>
     </gpxtpx:TrackPointExtension>
    </extensions>
   </trkpt>
   <trkpt lat="29.1400070" lon="119.5379300">
    <ele>29.8</ele>
    <time>2022-02-24T13:13:13Z</time>
    <extensions>
     <gpxtpx:TrackPointExtension>
      <gpxtpx:hr>178</gpxtpx:hr>
      <gpxtpx:cad>85</gpxtpx:cad>
     </gpxtpx:TrackPointExtension>
    </extensions>
   </trkpt>
   <trkpt lat="29.1399800" lon="119.5379500">
    <ele>29.9</ele>
    <time>2022-02-24T13:13:14Z</time>
    <extensions>
     <gpxtpx:TrackPointExtension>
      <gpxtpx:hr>178</gpxtpx:hr>
      <gpxtpx:cad>85</gpxtpx:cad>
     </gpxtpx:TrackPointExtension>
    </extensions>
   </trkpt>
   <trkpt lat="29.1399540" lon="119.5379600">
    <ele>30.4</ele>
    <time>2022-02-24T13:13:15Z</time>
    <extensions>
     <gpxtpx:TrackPointExtension>
      <gpxtpx:hr>178</gpxtpx:hr>
      <gpxtpx:cad>85</gpxtpx:cad>
     </gpxtpx:TrackPointExtension>
    </extensions>
   </trkpt>
   <trkpt lat="29.1399250" lon="119.5379700">
    <ele>30.7</ele>
    <time>2022-02-24T13:13:16Z</time>
    <extensions>
     <gpxtpx:TrackPointExtension>
      <gpxtpx:hr>178</gpxtpx:hr>
      <gpxtpx:cad>85</gpxtpx:cad>
     </gpxtpx:TrackPointExtension>
    </extensions>
   </trkpt>
   <trkpt lat="29.1398940" lon="119.5379900">
    <ele>31.0</ele>
    <time>2022-02-24T13:13:17Z</time>
    <extensions>
     <gpxtpx:TrackPointExtension>
      <gpxtpx:hr>178</gpxtpx:hr>
      <gpxtpx:cad>85</gpxtpx:cad>
     </gpxtpx:TrackPointExtension>
    </extensions>
   </trkpt>
   <trkpt lat="29.1398640" lon="119.5379940">
    <ele>31.0</ele>
    <time>2022-02-24T13:13:18Z</time>
    <extensions>
     <gpxtpx:TrackPointExtension>
      <gpxtpx:hr>178</gpxtpx:hr>
      <gpxtpx:cad>85</gpxtpx:cad>
     </gpxtpx:TrackPointExtension>
    </extensions>
   </trkpt>
   <trkpt lat="29.1398400" lon="119.5380100">
    <ele>31.0</ele>
    <time>2022-02-24T13:13:19Z</time>
    <extensions>
     <gpxtpx:TrackPointExtension>
      <gpxtpx:hr>178</gpxtpx:hr>
      <gpxtpx:cad>85</gpxtpx:cad>
     </gpxtpx:TrackPointExtension>
    </extensions>
   </trkpt>
   <trkpt lat="29.1398100" lon="119.5380300">
    <ele>31.1</ele>
    <time>2022-02-24T13:13:20Z</time>
    <extensions>
     <gpxtpx:TrackPointExtension>
      <gpxtpx:hr>178</gpxtpx:hr>
      <gpxtpx:cad>85</gpxtpx:cad>
     </gpxtpx:TrackPointExtension>
    </extensions>
   </trkpt>
   <trkpt lat="29.1398100" lon="119.5380300">
    <ele>31.1</ele>
    <time>2022-02-24T13:13:20Z</time>
    <extensions>
     <gpxtpx:TrackPointExtension>
      <gpxtpx:hr>177</gpxtpx:hr>
      <gpxtpx:cad>85</gpxtpx:cad>
     </gpxtpx:TrackPointExtension>
    </extensions>
   </trkpt>
   <trkpt lat="29.1397800" lon="119.5380400">
    <ele>31.0</ele>
    <time>2022-02-24T13:13:21Z</time>
    <extensions>
     <gpxtpx:TrackPointExtension>
      <gpxtpx:hr>177</gpxtpx:hr>
      <gpxtpx:cad>85</gpxtpx:cad>
     </gpxtpx:TrackPointExtension>
    </extensions>
   </trkpt>
   <trkpt lat="29.1397480" lon="119.5380550">
    <ele>31.0</ele>
    <time>2022-02-24T13:13:22Z</time>
    <extensions>
     <gpxtpx:TrackPointExtension>
      <gpxtpx:hr>177</gpxtpx:hr>
      <gpxtpx:cad>85</gpxtpx:cad>
     </gpxtpx:TrackPointExtension>
    </extensions>
   </trkpt>
   <trkpt lat="29.1397130" lon="119.5380700">
    <ele>31.0</ele>
    <time>2022-02-24T13:13:23Z</time>
    <extensions>
     <gpxtpx:TrackPointExtension>
      <gpxtpx:hr>177</gpxtpx:hr>
      <gpxtpx:cad>85</gpxtpx:cad>
     </gpxtpx:TrackPointExtension>
    </extensions>
   </trkpt>
   <trkpt lat="29.1396790" lon="119.5380800">
    <ele>31.0</ele>
    <time>2022-02-24T13:13:24Z</time>
    <extensions>
     <gpxtpx:TrackPointExtension>
      <gpxtpx:hr>177</gpxtpx:hr>
      <gpxtpx:cad>85</gpxtpx:cad>
     </gpxtpx:TrackPointExtension>
    </extensions>
   </trkpt>
   <trkpt lat="29.1396450" lon="119.5380900">
    <ele>31.0</ele>
    <time>2022-02-24T13:13:25Z</time>
    <extensions>
     <gpxtpx:TrackPointExtension>
      <gpxtpx:hr>177</gpxtpx:hr>
      <gpxtpx:cad>85</gpxtpx:cad>
     </gpxtpx:TrackPointExtension>
    </extensions>
   </trkpt>
   <trkpt lat="29.1396120" lon="119.5381000">
    <ele>31.2</ele>
    <time>2022-02-24T13:13:26Z</time>
    <extensions>
     <gpxtpx:TrackPointExtension>
      <gpxtpx:hr>177</gpxtpx:hr>
      <gpxtpx:cad>85</gpxtpx:cad>
     </gpxtpx:TrackPointExtension>
    </extensions>
   </trkpt>
   <trkpt lat="29.1395840" lon="119.5381200">
    <ele>31.4</ele>
    <time>2022-02-24T13:13:27Z</time>
    <extensions>
     <gpxtpx:TrackPointExtension>
      <gpxtpx:hr>177</gpxtpx:hr>
      <gpxtpx:cad>85</gpxtpx:cad>
     </gpxtpx:TrackPointExtension>
    </extensions>
   </trkpt>
   <trkpt lat="29.1395530" lon="119.5381240">
    <ele>31.7</ele>
    <time>2022-02-24T13:13:28Z</time>
    <extensions>
     <gpxtpx:TrackPointExtension>
      <gpxtpx:hr>177</gpxtpx:hr>
      <gpxtpx:cad>85</gpxtpx:cad>
     </gpxtpx:TrackPointExtension>
    </extensions>
   </trkpt>
   <trkpt lat="29.1395230" lon="119.5381300">
    <ele>31.9</ele>
    <time>2022-02-24T13:13:29Z</time>
    <extensions>
     <gpxtpx:TrackPointExtension>
      <gpxtpx:hr>177</gpxtpx:hr>
      <gpxtpx:cad>85</gpxtpx:cad>
     </gpxtpx:TrackPointExtension>
    </extensions>
   </trkpt>
   <trkpt lat="29.1394960" lon="119.5381400">
    <ele>31.9</ele>
    <time>2022-02-24T13:13:30Z</time>
    <extensions>
     <gpxtpx:TrackPointExtension>
      <gpxtpx:hr>177</gpxtpx:hr>
      <gpxtpx:cad>85</gpxtpx:cad>
     </gpxtpx:TrackPointExtension>
    </extensions>
   </trkpt>
   <trkpt lat="29.1394960" lon="119.5381400">
    <ele>31.9</ele>
    <time>2022-02-24T13:13:30Z</time>
    <extensions>
     <gpxtpx:TrackPointExtension>
      <gpxtpx:hr>179</gpxtpx:hr>
      <gpxtpx:cad>85</gpxtpx:cad>
     </gpxtpx:TrackPointExtension>
    </extensions>
   </trkpt>
   <trkpt lat="29.1394630" lon="119.5381500">
    <ele>32.0</ele>
    <time>2022-02-24T13:13:31Z</time>
    <extensions>
     <gpxtpx:TrackPointExtension>
      <gpxtpx:hr>179</gpxtpx:hr>
      <gpxtpx:cad>85</gpxtpx:cad>
     </gpxtpx:TrackPointExtension>
    </extensions>
   </trkpt>
   <trkpt lat="29.1394350" lon="119.5381550">
    <ele>32.0</ele>
    <time>2022-02-24T13:13:32Z</time>
    <extensions>
     <gpxtpx:TrackPointExtension>
      <gpxtpx:hr>179</gpxtpx:hr>
      <gpxtpx:cad>85</gpxtpx:cad>
     </gpxtpx:TrackPointExtension>
    </extensions>
   </trkpt>
   <trkpt lat="29.1394080" lon="119.5381600">
    <ele>32.0</ele>
    <time>2022-02-24T13:13:33Z</time>
    <extensions>
     <gpxtpx:TrackPointExtension>
      <gpxtpx:hr>179</gpxtpx:hr>
      <gpxtpx:cad>85</gpxtpx:cad>
     </gpxtpx:TrackPointExtension>
    </extensions>
   </trkpt>
   <trkpt lat="29.1393830" lon="119.5381700">
    <ele>32.0</ele>
    <time>2022-02-24T13:13:34Z</time>
    <extensions>
     <gpxtpx:TrackPointExtension>
      <gpxtpx:hr>179</gpxtpx:hr>
      <gpxtpx:cad>85</gpxtpx:cad>
     </gpxtpx:TrackPointExtension>
    </extensions>
   </trkpt>
   <trkpt lat="29.1393590" lon="119.5381800">
    <ele>32.0</ele>
    <time>2022-02-24T13:13:35Z</time>
    <extensions>
     <gpxtpx:TrackPointExtension>
      <gpxtpx:hr>179</gpxtpx:hr>
      <gpxtpx:cad>85</gpxtpx:cad>
     </gpxtpx:TrackPointExtension>
    </extensions>
   </trkpt>
   <trkpt lat="29.1393300" lon="119.5381850">
    <ele>32.0</ele>
    <time>2022-02-24T13:13:36Z</time>
    <extensions>
     <gpxtpx:TrackPointExtension>
      <gpxtpx:hr>179</gpxtpx:hr>
      <gpxtpx:cad>85</gpxtpx:cad>
     </gpxtpx:TrackPointExtension>
    </extensions>
   </trkpt>
   <trkpt lat="29.1393050" lon="119.5381850">
    <ele>32.1</ele>
    <time>2022-02-24T13:13:37Z</time>
    <extensions>
     <gpxtpx:TrackPointExtension>
      <gpxtpx:hr>179</gpxtpx:hr>
      <gpxtpx:cad>85</gpxtpx:cad>
     </gpxtpx:TrackPointExtension>
    </extensions>
   </trkpt>
   <trkpt lat="29.1392820" lon="119.5381850">
    <ele>32.1</ele>
    <time>2022-02-24T13:13:38Z</time>
    <extensions>
     <gpxtpx:TrackPointExtension>
      <gpxtpx:hr>179</gpxtpx:hr>
      <gpxtpx:cad>85</gpxtpx:cad>
     </gpxtpx:TrackPointExtension>
    </extensions>
   </trkpt>
   <trkpt lat="29.1392560" lon="119.5381850">
    <ele>32.1</ele>
    <time>2022-02-24T13:13:39Z</time>
    <extensions>
     <gpxtpx:TrackPointExtension>
      <gpxtpx:hr>179</gpxtpx:hr>
      <gpxtpx:cad>85</gpxtpx:cad>
     </gpxtpx:TrackPointExtension>
    </extensions>
   </trkpt>
   <trkpt lat="29.1392300" lon="119.5381850">
    <ele>32.1</ele>
    <time>2022-02-24T13:13:40Z</time>
    <extensions>
     <gpxtpx:TrackPointExtension>
      <gpxtpx:hr>179</gpxtpx:hr>
      <gpxtpx:cad>84</gpxtpx:cad>
     </gpxtpx:TrackPointExtension>
    </extensions>
   </trkpt>
   <trkpt lat="29.1392300" lon="119.5381850">
    <ele>32.1</ele>
    <time>2022-02-24T13:13:40Z</time>
    <extensions>
     <gpxtpx:TrackPointExtension>
      <gpxtpx:hr>180</gpxtpx:hr>
      <gpxtpx:cad>84</gpxtpx:cad>
     </gpxtpx:TrackPointExtension>
    </extensions>
   </trkpt>
   <trkpt lat="29.1392020" lon="119.5381850">
    <ele>32.1</ele>
    <time>2022-02-24T13:13:41Z</time>
    <extensions>
     <gpxtpx:TrackPointExtension>
      <gpxtpx:hr>180</gpxtpx:hr>
      <gpxtpx:cad>84</gpxtpx:cad>
     </gpxtpx:TrackPointExtension>
    </extensions>
   </trkpt>
   <trkpt lat="29.1391720" lon="119.5381800">
    <ele>32.3</ele>
    <time>2022-02-24T13:13:42Z</time>
    <extensions>
     <gpxtpx:TrackPointExtension>
      <gpxtpx:hr>180</gpxtpx:hr>
      <gpxtpx:cad>84</gpxtpx:cad>
     </gpxtpx:TrackPointExtension>
    </extensions>
   </trkpt>
   <trkpt lat="29.1391430" lon="119.5381800">
    <ele>32.5</ele>
    <time>2022-02-24T13:13:43Z</time>
    <extensions>
     <gpxtpx:TrackPointExtension>
      <gpxtpx:hr>180</gpxtpx:hr>
      <gpxtpx:cad>84</gpxtpx:cad>
     </gpxtpx:TrackPointExtension>
    </extensions>
   </trkpt>
   <trkpt lat="29.1391180" lon="119.5381700">
    <ele>32.5</ele>
    <time>2022-02-24T13:13:44Z</time>
    <extensions>
     <gpxtpx:TrackPointExtension>
      <gpxtpx:hr>180</gpxtpx:hr>
      <gpxtpx:cad>84</gpxtpx:cad>
     </gpxtpx:TrackPointExtension>
    </extensions>
   </trkpt>
   <trkpt lat="29.1390910" lon="119.5381550">
    <ele>33.0</ele>
    <time>2022-02-24T13:13:45Z</time>
    <extensions>
     <gpxtpx:TrackPointExtension>
      <gpxtpx:hr>180</gpxtpx:hr>
      <gpxtpx:cad>84</gpxtpx:cad>
     </gpxtpx:TrackPointExtension>
    </extensions>
   </trkpt>
   <trkpt lat="29.1390690" lon="119.5381500">
    <ele>33.3</ele>
    <time>2022-02-24T13:13:46Z</time>
    <extensions>
     <gpxtpx:TrackPointExtension>
      <gpxtpx:hr>180</gpxtpx:hr>
      <gpxtpx:cad>84</gpxtpx:cad>
     </gpxtpx:TrackPointExtension>
    </extensions>
   </trkpt>
   <trkpt lat="29.1390500" lon="119.5381400">
    <ele>33.3</ele>
    <time>2022-02-24T13:13:47Z</time>
    <extensions>
     <gpxtpx:TrackPointExtension>
      <gpxtpx:hr>180</gpxtpx:hr>
      <gpxtpx:cad>84</gpxtpx:cad>
     </gpxtpx:TrackPointExtension>
    </extensions>
   </trkpt>
   <trkpt lat="29.1390250" lon="119.5381300">
    <ele>33.5</ele>
    <time>2022-02-24T13:13:48Z</time>
    <extensions>
     <gpxtpx:TrackPointExtension>
      <gpxtpx:hr>180</gpxtpx:hr>
      <gpxtpx:cad>78</gpxtpx:cad>
     </gpxtpx:TrackPointExtension>
    </extensions>
   </trkpt>
   <trkpt lat="29.1389980" lon="119.5381240">
    <ele>33.6</ele>
    <time>2022-02-24T13:13:49Z</time>
    <extensions>
     <gpxtpx:TrackPointExtension>
      <gpxtpx:hr>180</gpxtpx:hr>
      <gpxtpx:cad>78</gpxtpx:cad>
     </gpxtpx:TrackPointExtension>
    </extensions>
   </trkpt>
   <trkpt lat="29.1389700" lon="119.5381200">
    <ele>33.6</ele>
    <time>2022-02-24T13:13:50Z</time>
    <extensions>
     <gpxtpx:TrackPointExtension>
      <gpxtpx:hr>180</gpxtpx:hr>
      <gpxtpx:cad>77</gpxtpx:cad>
     </gpxtpx:TrackPointExtension>
    </extensions>
   </trkpt>
   <trkpt lat="29.1389430" lon="119.5381100">
    <ele>33.9</ele>
    <time>2022-02-24T13:13:51Z</time>
    <extensions>
     <gpxtpx:TrackPointExtension>
      <gpxtpx:hr>180</gpxtpx:hr>
      <gpxtpx:cad>77</gpxtpx:cad>
     </gpxtpx:TrackPointExtension>
    </extensions>
   </trkpt>
   <trkpt lat="29.1389140" lon="119.5380900">
    <ele>34.0</ele>
    <time>2022-02-24T13:13:52Z</time>
    <extensions>
     <gpxtpx:TrackPointExtension>
      <gpxtpx:hr>180</gpxtpx:hr>
      <gpxtpx:cad>77</gpxtpx:cad>
     </gpxtpx:TrackPointExtension>
    </extensions>
   </trkpt>
   <trkpt lat="29.1388870" lon="119.5380860">
    <ele>34.0</ele>
    <time>2022-02-24T13:13:53Z</time>
    <extensions>
     <gpxtpx:TrackPointExtension>
      <gpxtpx:hr>180</gpxtpx:hr>
      <gpxtpx:cad>77</gpxtpx:cad>
     </gpxtpx:TrackPointExtension>
    </extensions>
   </trkpt>
   <trkpt lat="29.1388570" lon="119.5380800">
    <ele>34.0</ele>
    <time>2022-02-24T13:13:54Z</time>
    <extensions>
     <gpxtpx:TrackPointExtension>
      <gpxtpx:hr>180</gpxtpx:hr>
      <gpxtpx:cad>77</gpxtpx:cad>
     </gpxtpx:TrackPointExtension>
    </extensions>
   </trkpt>
   <trkpt lat="29.1388280" lon="119.5380700">
    <ele>34.0</ele>
    <time>2022-02-24T13:13:55Z</time>
    <extensions>
     <gpxtpx:TrackPointExtension>
      <gpxtpx:hr>180</gpxtpx:hr>
      <gpxtpx:cad>77</gpxtpx:cad>
     </gpxtpx:TrackPointExtension>
    </extensions>
   </trkpt>
   <trkpt lat="29.1387960" lon="119.5380600">
    <ele>34.0</ele>
    <time>2022-02-24T13:13:56Z</time>
    <extensions>
     <gpxtpx:TrackPointExtension>
      <gpxtpx:hr>180</gpxtpx:hr>
      <gpxtpx:cad>77</gpxtpx:cad>
     </gpxtpx:TrackPointExtension>
    </extensions>
   </trkpt>
   <trkpt lat="29.1387710" lon="119.5380500">
    <ele>34.0</ele>
    <time>2022-02-24T13:13:57Z</time>
    <extensions>
     <gpxtpx:TrackPointExtension>
      <gpxtpx:hr>180</gpxtpx:hr>
      <gpxtpx:cad>77</gpxtpx:cad>
     </gpxtpx:TrackPointExtension>
    </extensions>
   </trkpt>
   <trkpt lat="29.1387460" lon="119.5380300">
    <ele>34.0</ele>
    <time>2022-02-24T13:13:58Z</time>
    <extensions>
     <gpxtpx:TrackPointExtension>
      <gpxtpx:hr>180</gpxtpx:hr>
      <gpxtpx:cad>77</gpxtpx:cad>
     </gpxtpx:TrackPointExtension>
    </extensions>
   </trkpt>
   <trkpt lat="29.1387180" lon="119.5380200">
    <ele>34.0</ele>
    <time>2022-02-24T13:13:59Z</time>
    <extensions>
     <gpxtpx:TrackPointExtension>
      <gpxtpx:hr>180</gpxtpx:hr>
      <gpxtpx:cad>77</gpxtpx:cad>
     </gpxtpx:TrackPointExtension>
    </extensions>
   </trkpt>
   <trkpt lat="29.1386930" lon="119.5380200">
    <ele>34.0</ele>
    <time>2022-02-24T13:14:00Z</time>
    <extensions>
     <gpxtpx:TrackPointExtension>
      <gpxtpx:hr>181</gpxtpx:hr>
      <gpxtpx:cad>77</gpxtpx:cad>
     </gpxtpx:TrackPointExtension>
    </extensions>
   </trkpt>
   <trkpt lat="29.1386930" lon="119.5380200">
    <ele>34.0</ele>
    <time>2022-02-24T13:14:00Z</time>
    <extensions>
     <gpxtpx:TrackPointExtension>
      <gpxtpx:hr>181</gpxtpx:hr>
      <gpxtpx:cad>83</gpxtpx:cad>
     </gpxtpx:TrackPointExtension>
    </extensions>
   </trkpt>
   <trkpt lat="29.1386640" lon="119.5380100">
    <ele>34.0</ele>
    <time>2022-02-24T13:14:01Z</time>
    <extensions>
     <gpxtpx:TrackPointExtension>
      <gpxtpx:hr>181</gpxtpx:hr>
      <gpxtpx:cad>83</gpxtpx:cad>
     </gpxtpx:TrackPointExtension>
    </extensions>
   </trkpt>
   <trkpt lat="29.1386360" lon="119.5380000">
    <ele>34.0</ele>
    <time>2022-02-24T13:14:02Z</time>
    <extensions>
     <gpxtpx:TrackPointExtension>
      <gpxtpx:hr>181</gpxtpx:hr>
      <gpxtpx:cad>83</gpxtpx:cad>
     </gpxtpx:TrackPointExtension>
    </extensions>
   </trkpt>
   <trkpt lat="29.1386070" lon="119.5380000">
    <ele>34.0</ele>
    <time>2022-02-24T13:14:03Z</time>
    <extensions>
     <gpxtpx:TrackPointExtension>
      <gpxtpx:hr>181</gpxtpx:hr>
      <gpxtpx:cad>83</gpxtpx:cad>
     </gpxtpx:TrackPointExtension>
    </extensions>
   </trkpt>
   <trkpt lat="29.1385770" lon="119.5379940">
    <ele>34.0</ele>
    <time>2022-02-24T13:14:04Z</time>
    <extensions>
     <gpxtpx:TrackPointExtension>
      <gpxtpx:hr>181</gpxtpx:hr>
      <gpxtpx:cad>83</gpxtpx:cad>
     </gpxtpx:TrackPointExtension>
    </extensions>
   </trkpt>
   <trkpt lat="29.1385460" lon="119.5379900">
    <ele>34.0</ele>
    <time>2022-02-24T13:14:05Z</time>
    <extensions>
     <gpxtpx:TrackPointExtension>
      <gpxtpx:hr>181</gpxtpx:hr>
      <gpxtpx:cad>83</gpxtpx:cad>
     </gpxtpx:TrackPointExtension>
    </extensions>
   </trkpt>
   <trkpt lat="29.1385170" lon="119.5379900">
    <ele>34.0</ele>
    <time>2022-02-24T13:14:06Z</time>
    <extensions>
     <gpxtpx:TrackPointExtension>
      <gpxtpx:hr>181</gpxtpx:hr>
      <gpxtpx:cad>83</gpxtpx:cad>
     </gpxtpx:TrackPointExtension>
    </extensions>
   </trkpt>
   <trkpt lat="29.1384890" lon="119.5379800">
    <ele>34.0</ele>
    <time>2022-02-24T13:14:07Z</time>
    <extensions>
     <gpxtpx:TrackPointExtension>
      <gpxtpx:hr>181</gpxtpx:hr>
      <gpxtpx:cad>83</gpxtpx:cad>
     </gpxtpx:TrackPointExtension>
    </extensions>
   </trkpt>
   <trkpt lat="29.1384600" lon="119.5379800">
    <ele>34.0</ele>
    <time>2022-02-24T13:14:08Z</time>
    <extensions>
     <gpxtpx:TrackPointExtension>
      <gpxtpx:hr>181</gpxtpx:hr>
      <gpxtpx:cad>83</gpxtpx:cad>
     </gpxtpx:TrackPointExtension>
    </extensions>
   </trkpt>
   <trkpt lat="29.1384260" lon="119.5379900">
    <ele>33.9</ele>
    <time>2022-02-24T13:14:09Z</time>
    <extensions>
     <gpxtpx:TrackPointExtension>
      <gpxtpx:hr>181</gpxtpx:hr>
      <gpxtpx:cad>83</gpxtpx:cad>
     </gpxtpx:TrackPointExtension>
    </extensions>
   </trkpt>
   <trkpt lat="29.1383930" lon="119.5379900">
    <ele>33.7</ele>
    <time>2022-02-24T13:14:10Z</time>
    <extensions>
     <gpxtpx:TrackPointExtension>
      <gpxtpx:hr>182</gpxtpx:hr>
      <gpxtpx:cad>83</gpxtpx:cad>
     </gpxtpx:TrackPointExtension>
    </extensions>
   </trkpt>
   <trkpt lat="29.1383930" lon="119.5379900">
    <ele>33.7</ele>
    <time>2022-02-24T13:14:10Z</time>
    <extensions>
     <gpxtpx:TrackPointExtension>
      <gpxtpx:hr>182</gpxtpx:hr>
      <gpxtpx:cad>83</gpxtpx:cad>
     </gpxtpx:TrackPointExtension>
    </extensions>
   </trkpt>
   <trkpt lat="29.1383630" lon="119.5379800">
    <ele>33.6</ele>
    <time>2022-02-24T13:14:11Z</time>
    <extensions>
     <gpxtpx:TrackPointExtension>
      <gpxtpx:hr>182</gpxtpx:hr>
      <gpxtpx:cad>83</gpxtpx:cad>
     </gpxtpx:TrackPointExtension>
    </extensions>
   </trkpt>
   <trkpt lat="29.1383300" lon="119.5379800">
    <ele>33.5</ele>
    <time>2022-02-24T13:14:12Z</time>
    <extensions>
     <gpxtpx:TrackPointExtension>
      <gpxtpx:hr>182</gpxtpx:hr>
      <gpxtpx:cad>83</gpxtpx:cad>
     </gpxtpx:TrackPointExtension>
    </extensions>
   </trkpt>
   <trkpt lat="29.1383000" lon="119.5379800">
    <ele>33.5</ele>
    <time>2022-02-24T13:14:13Z</time>
    <extensions>
     <gpxtpx:TrackPointExtension>
      <gpxtpx:hr>182</gpxtpx:hr>
      <gpxtpx:cad>83</gpxtpx:cad>
     </gpxtpx:TrackPointExtension>
    </extensions>
   </trkpt>
   <trkpt lat="29.1382750" lon="119.5379700">
    <ele>33.3</ele>
    <time>2022-02-24T13:14:14Z</time>
    <extensions>
     <gpxtpx:TrackPointExtension>
      <gpxtpx:hr>182</gpxtpx:hr>
      <gpxtpx:cad>83</gpxtpx:cad>
     </gpxtpx:TrackPointExtension>
    </extensions>
   </trkpt>
   <trkpt lat="29.1382480" lon="119.5379640">
    <ele>33.0</ele>
    <time>2022-02-24T13:14:15Z</time>
    <extensions>
     <gpxtpx:TrackPointExtension>
      <gpxtpx:hr>182</gpxtpx:hr>
      <gpxtpx:cad>83</gpxtpx:cad>
     </gpxtpx:TrackPointExtension>
    </extensions>
   </trkpt>
   <trkpt lat="29.1382180" lon="119.5379640">
    <ele>32.8</ele>
    <time>2022-02-24T13:14:16Z</time>
    <extensions>
     <gpxtpx:TrackPointExtension>
      <gpxtpx:hr>182</gpxtpx:hr>
      <gpxtpx:cad>83</gpxtpx:cad>
     </gpxtpx:TrackPointExtension>
    </extensions>
   </trkpt>
   <trkpt lat="29.1381950" lon="119.5379600">
    <ele>32.8</ele>
    <time>2022-02-24T13:14:17Z</time>
    <extensions>
     <gpxtpx:TrackPointExtension>
      <gpxtpx:hr>182</gpxtpx:hr>
      <gpxtpx:cad>83</gpxtpx:cad>
     </gpxtpx:TrackPointExtension>
    </extensions>
   </trkpt>
   <trkpt lat="29.1381680" lon="119.5379600">
    <ele>32.5</ele>
    <time>2022-02-24T13:14:18Z</time>
    <extensions>
     <gpxtpx:TrackPointExtension>
      <gpxtpx:hr>182</gpxtpx:hr>
      <gpxtpx:cad>83</gpxtpx:cad>
     </gpxtpx:TrackPointExtension>
    </extensions>
   </trkpt>
   <trkpt lat="29.1381400" lon="119.5379600">
    <ele>32.4</ele>
    <time>2022-02-24T13:14:19Z</time>
    <extensions>
     <gpxtpx:TrackPointExtension>
      <gpxtpx:hr>182</gpxtpx:hr>
      <gpxtpx:cad>84</gpxtpx:cad>
     </gpxtpx:TrackPointExtension>
    </extensions>
   </trkpt>
   <trkpt lat="29.1381150" lon="119.5379640">
    <ele>32.4</ele>
    <time>2022-02-24T13:14:20Z</time>
    <extensions>
     <gpxtpx:TrackPointExtension>
      <gpxtpx:hr>182</gpxtpx:hr>
      <gpxtpx:cad>84</gpxtpx:cad>
     </gpxtpx:TrackPointExtension>
    </extensions>
   </trkpt>
   <trkpt lat="29.1381150" lon="119.5379640">
    <ele>32.4</ele>
    <time>2022-02-24T13:14:20Z</time>
    <extensions>
     <gpxtpx:TrackPointExtension>
      <gpxtpx:hr>182</gpxtpx:hr>
      <gpxtpx:cad>85</gpxtpx:cad>
     </gpxtpx:TrackPointExtension>
    </extensions>
   </trkpt>
   <trkpt lat="29.1380840" lon="119.5379640">
    <ele>32.4</ele>
    <time>2022-02-24T13:14:21Z</time>
    <extensions>
     <gpxtpx:TrackPointExtension>
      <gpxtpx:hr>182</gpxtpx:hr>
      <gpxtpx:cad>85</gpxtpx:cad>
     </gpxtpx:TrackPointExtension>
    </extensions>
   </trkpt>
   <trkpt lat="29.1380560" lon="119.5379600">
    <ele>32.4</ele>
    <time>2022-02-24T13:14:22Z</time>
    <extensions>
     <gpxtpx:TrackPointExtension>
      <gpxtpx:hr>182</gpxtpx:hr>
      <gpxtpx:cad>85</gpxtpx:cad>
     </gpxtpx:TrackPointExtension>
    </extensions>
   </trkpt>
   <trkpt lat="29.1380230" lon="119.5379600">
    <ele>32.4</ele>
    <time>2022-02-24T13:14:23Z</time>
    <extensions>
     <gpxtpx:TrackPointExtension>
      <gpxtpx:hr>182</gpxtpx:hr>
      <gpxtpx:cad>85</gpxtpx:cad>
     </gpxtpx:TrackPointExtension>
    </extensions>
   </trkpt>
   <trkpt lat="29.1379970" lon="119.5379600">
    <ele>32.4</ele>
    <time>2022-02-24T13:14:24Z</time>
    <extensions>
     <gpxtpx:TrackPointExtension>
      <gpxtpx:hr>182</gpxtpx:hr>
      <gpxtpx:cad>85</gpxtpx:cad>
     </gpxtpx:TrackPointExtension>
    </extensions>
   </trkpt>
   <trkpt lat="29.1379740" lon="119.5379500">
    <ele>32.3</ele>
    <time>2022-02-24T13:14:25Z</time>
    <extensions>
     <gpxtpx:TrackPointExtension>
      <gpxtpx:hr>182</gpxtpx:hr>
      <gpxtpx:cad>85</gpxtpx:cad>
     </gpxtpx:TrackPointExtension>
    </extensions>
   </trkpt>
   <trkpt lat="29.1379530" lon="119.5379400">
    <ele>32.4</ele>
    <time>2022-02-24T13:14:26Z</time>
    <extensions>
     <gpxtpx:TrackPointExtension>
      <gpxtpx:hr>182</gpxtpx:hr>
      <gpxtpx:cad>85</gpxtpx:cad>
     </gpxtpx:TrackPointExtension>
    </extensions>
   </trkpt>
   <trkpt lat="29.1379320" lon="119.5379300">
    <ele>32.4</ele>
    <time>2022-02-24T13:14:27Z</time>
    <extensions>
     <gpxtpx:TrackPointExtension>
      <gpxtpx:hr>182</gpxtpx:hr>
      <gpxtpx:cad>85</gpxtpx:cad>
     </gpxtpx:TrackPointExtension>
    </extensions>
   </trkpt>
   <trkpt lat="29.1379030" lon="119.5379260">
    <ele>32.2</ele>
    <time>2022-02-24T13:14:28Z</time>
    <extensions>
     <gpxtpx:TrackPointExtension>
      <gpxtpx:hr>182</gpxtpx:hr>
      <gpxtpx:cad>85</gpxtpx:cad>
     </gpxtpx:TrackPointExtension>
    </extensions>
   </trkpt>
   <trkpt lat="29.1378750" lon="119.5379200">
    <ele>32.1</ele>
    <time>2022-02-24T13:14:29Z</time>
    <extensions>
     <gpxtpx:TrackPointExtension>
      <gpxtpx:hr>182</gpxtpx:hr>
      <gpxtpx:cad>85</gpxtpx:cad>
     </gpxtpx:TrackPointExtension>
    </extensions>
   </trkpt>
   <trkpt lat="29.1378500" lon="119.5379200">
    <ele>32.1</ele>
    <time>2022-02-24T13:14:30Z</time>
    <extensions>
     <gpxtpx:TrackPointExtension>
      <gpxtpx:hr>182</gpxtpx:hr>
      <gpxtpx:cad>85</gpxtpx:cad>
     </gpxtpx:TrackPointExtension>
    </extensions>
   </trkpt>
   <trkpt lat="29.1378500" lon="119.5379200">
    <ele>32.1</ele>
    <time>2022-02-24T13:14:30Z</time>
    <extensions>
     <gpxtpx:TrackPointExtension>
      <gpxtpx:hr>182</gpxtpx:hr>
      <gpxtpx:cad>81</gpxtpx:cad>
     </gpxtpx:TrackPointExtension>
    </extensions>
   </trkpt>
   <trkpt lat="29.1378210" lon="119.5379100">
    <ele>32.0</ele>
    <time>2022-02-24T13:14:31Z</time>
    <extensions>
     <gpxtpx:TrackPointExtension>
      <gpxtpx:hr>182</gpxtpx:hr>
      <gpxtpx:cad>81</gpxtpx:cad>
     </gpxtpx:TrackPointExtension>
    </extensions>
   </trkpt>
   <trkpt lat="29.1377900" lon="119.5379000">
    <ele>32.0</ele>
    <time>2022-02-24T13:14:32Z</time>
    <extensions>
     <gpxtpx:TrackPointExtension>
      <gpxtpx:hr>182</gpxtpx:hr>
      <gpxtpx:cad>81</gpxtpx:cad>
     </gpxtpx:TrackPointExtension>
    </extensions>
   </trkpt>
   <trkpt lat="29.1377640" lon="119.5378950">
    <ele>32.0</ele>
    <time>2022-02-24T13:14:33Z</time>
    <extensions>
     <gpxtpx:TrackPointExtension>
      <gpxtpx:hr>182</gpxtpx:hr>
      <gpxtpx:cad>81</gpxtpx:cad>
     </gpxtpx:TrackPointExtension>
    </extensions>
   </trkpt>
   <trkpt lat="29.1377370" lon="119.5378900">
    <ele>32.0</ele>
    <time>2022-02-24T13:14:34Z</time>
    <extensions>
     <gpxtpx:TrackPointExtension>
      <gpxtpx:hr>182</gpxtpx:hr>
      <gpxtpx:cad>81</gpxtpx:cad>
     </gpxtpx:TrackPointExtension>
    </extensions>
   </trkpt>
   <trkpt lat="29.1377120" lon="119.5378800">
    <ele>32.0</ele>
    <time>2022-02-24T13:14:35Z</time>
    <extensions>
     <gpxtpx:TrackPointExtension>
      <gpxtpx:hr>182</gpxtpx:hr>
      <gpxtpx:cad>81</gpxtpx:cad>
     </gpxtpx:TrackPointExtension>
    </extensions>
   </trkpt>
   <trkpt lat="29.1376910" lon="119.5378700">
    <ele>32.0</ele>
    <time>2022-02-24T13:14:36Z</time>
    <extensions>
     <gpxtpx:TrackPointExtension>
      <gpxtpx:hr>182</gpxtpx:hr>
      <gpxtpx:cad>81</gpxtpx:cad>
     </gpxtpx:TrackPointExtension>
    </extensions>
   </trkpt>
   <trkpt lat="29.1376630" lon="119.5378700">
    <ele>32.0</ele>
    <time>2022-02-24T13:14:37Z</time>
    <extensions>
     <gpxtpx:TrackPointExtension>
      <gpxtpx:hr>182</gpxtpx:hr>
      <gpxtpx:cad>81</gpxtpx:cad>
     </gpxtpx:TrackPointExtension>
    </extensions>
   </trkpt>
   <trkpt lat="29.1376360" lon="119.5378650">
    <ele>32.0</ele>
    <time>2022-02-24T13:14:38Z</time>
    <extensions>
     <gpxtpx:TrackPointExtension>
      <gpxtpx:hr>182</gpxtpx:hr>
      <gpxtpx:cad>81</gpxtpx:cad>
     </gpxtpx:TrackPointExtension>
    </extensions>
   </trkpt>
   <trkpt lat="29.1376110" lon="119.5378650">
    <ele>31.9</ele>
    <time>2022-02-24T13:14:39Z</time>
    <extensions>
     <gpxtpx:TrackPointExtension>
      <gpxtpx:hr>182</gpxtpx:hr>
      <gpxtpx:cad>81</gpxtpx:cad>
     </gpxtpx:TrackPointExtension>
    </extensions>
   </trkpt>
   <trkpt lat="29.1375850" lon="119.5378700">
    <ele>31.9</ele>
    <time>2022-02-24T13:14:40Z</time>
    <extensions>
     <gpxtpx:TrackPointExtension>
      <gpxtpx:hr>183</gpxtpx:hr>
      <gpxtpx:cad>81</gpxtpx:cad>
     </gpxtpx:TrackPointExtension>
    </extensions>
   </trkpt>
   <trkpt lat="29.1375850" lon="119.5378700">
    <ele>31.9</ele>
    <time>2022-02-24T13:14:40Z</time>
    <extensions>
     <gpxtpx:TrackPointExtension>
      <gpxtpx:hr>183</gpxtpx:hr>
      <gpxtpx:cad>84</gpxtpx:cad>
     </gpxtpx:TrackPointExtension>
    </extensions>
   </trkpt>
   <trkpt lat="29.1375580" lon="119.5378700">
    <ele>31.9</ele>
    <time>2022-02-24T13:14:41Z</time>
    <extensions>
     <gpxtpx:TrackPointExtension>
      <gpxtpx:hr>183</gpxtpx:hr>
      <gpxtpx:cad>84</gpxtpx:cad>
     </gpxtpx:TrackPointExtension>
    </extensions>
   </trkpt>
   <trkpt lat="29.1375270" lon="119.5378700">
    <ele>31.9</ele>
    <time>2022-02-24T13:14:42Z</time>
    <extensions>
     <gpxtpx:TrackPointExtension>
      <gpxtpx:hr>183</gpxtpx:hr>
      <gpxtpx:cad>84</gpxtpx:cad>
     </gpxtpx:TrackPointExtension>
    </extensions>
   </trkpt>
   <trkpt lat="29.1374950" lon="119.5378700">
    <ele>31.9</ele>
    <time>2022-02-24T13:14:43Z</time>
    <extensions>
     <gpxtpx:TrackPointExtension>
      <gpxtpx:hr>183</gpxtpx:hr>
      <gpxtpx:cad>84</gpxtpx:cad>
     </gpxtpx:TrackPointExtension>
    </extensions>
   </trkpt>
   <trkpt lat="29.1374600" lon="119.5378700">
    <ele>31.9</ele>
    <time>2022-02-24T13:14:44Z</time>
    <extensions>
     <gpxtpx:TrackPointExtension>
      <gpxtpx:hr>183</gpxtpx:hr>
      <gpxtpx:cad>84</gpxtpx:cad>
     </gpxtpx:TrackPointExtension>
    </extensions>
   </trkpt>
   <trkpt lat="29.1374380" lon="119.5378700">
    <ele>31.9</ele>
    <time>2022-02-24T13:14:45Z</time>
    <extensions>
     <gpxtpx:TrackPointExtension>
      <gpxtpx:hr>183</gpxtpx:hr>
      <gpxtpx:cad>84</gpxtpx:cad>
     </gpxtpx:TrackPointExtension>
    </extensions>
   </trkpt>
   <trkpt lat="29.1374110" lon="119.5378650">
    <ele>31.9</ele>
    <time>2022-02-24T13:14:46Z</time>
    <extensions>
     <gpxtpx:TrackPointExtension>
      <gpxtpx:hr>183</gpxtpx:hr>
      <gpxtpx:cad>84</gpxtpx:cad>
     </gpxtpx:TrackPointExtension>
    </extensions>
   </trkpt>
   <trkpt lat="29.1373830" lon="119.5378600">
    <ele>31.9</ele>
    <time>2022-02-24T13:14:47Z</time>
    <extensions>
     <gpxtpx:TrackPointExtension>
      <gpxtpx:hr>183</gpxtpx:hr>
      <gpxtpx:cad>84</gpxtpx:cad>
     </gpxtpx:TrackPointExtension>
    </extensions>
   </trkpt>
   <trkpt lat="29.1373560" lon="119.5378600">
    <ele>31.9</ele>
    <time>2022-02-24T13:14:48Z</time>
    <extensions>
     <gpxtpx:TrackPointExtension>
      <gpxtpx:hr>183</gpxtpx:hr>
      <gpxtpx:cad>84</gpxtpx:cad>
     </gpxtpx:TrackPointExtension>
    </extensions>
   </trkpt>
   <trkpt lat="29.1373270" lon="119.5378600">
    <ele>31.9</ele>
    <time>2022-02-24T13:14:49Z</time>
    <extensions>
     <gpxtpx:TrackPointExtension>
      <gpxtpx:hr>183</gpxtpx:hr>
      <gpxtpx:cad>84</gpxtpx:cad>
     </gpxtpx:TrackPointExtension>
    </extensions>
   </trkpt>
   <trkpt lat="29.1372990" lon="119.5378500">
    <ele>32.0</ele>
    <time>2022-02-24T13:14:50Z</time>
    <extensions>
     <gpxtpx:TrackPointExtension>
      <gpxtpx:hr>181</gpxtpx:hr>
      <gpxtpx:cad>84</gpxtpx:cad>
     </gpxtpx:TrackPointExtension>
    </extensions>
   </trkpt>
   <trkpt lat="29.1372990" lon="119.5378500">
    <ele>32.0</ele>
    <time>2022-02-24T13:14:50Z</time>
    <extensions>
     <gpxtpx:TrackPointExtension>
      <gpxtpx:hr>181</gpxtpx:hr>
      <gpxtpx:cad>85</gpxtpx:cad>
     </gpxtpx:TrackPointExtension>
    </extensions>
   </trkpt>
   <trkpt lat="29.1372760" lon="119.5378340">
    <ele>32.0</ele>
    <time>2022-02-24T13:14:51Z</time>
    <extensions>
     <gpxtpx:TrackPointExtension>
      <gpxtpx:hr>181</gpxtpx:hr>
      <gpxtpx:cad>85</gpxtpx:cad>
     </gpxtpx:TrackPointExtension>
    </extensions>
   </trkpt>
   <trkpt lat="29.1372500" lon="119.5378300">
    <ele>32.0</ele>
    <time>2022-02-24T13:14:52Z</time>
    <extensions>
     <gpxtpx:TrackPointExtension>
      <gpxtpx:hr>181</gpxtpx:hr>
      <gpxtpx:cad>85</gpxtpx:cad>
     </gpxtpx:TrackPointExtension>
    </extensions>
   </trkpt>
   <trkpt lat="29.1372240" lon="119.5378300">
    <ele>32.0</ele>
    <time>2022-02-24T13:14:53Z</time>
    <extensions>
     <gpxtpx:TrackPointExtension>
      <gpxtpx:hr>181</gpxtpx:hr>
      <gpxtpx:cad>85</gpxtpx:cad>
     </gpxtpx:TrackPointExtension>
    </extensions>
   </trkpt>
   <trkpt lat="29.1371940" lon="119.5378200">
    <ele>32.0</ele>
    <time>2022-02-24T13:14:54Z</time>
    <extensions>
     <gpxtpx:TrackPointExtension>
      <gpxtpx:hr>181</gpxtpx:hr>
      <gpxtpx:cad>85</gpxtpx:cad>
     </gpxtpx:TrackPointExtension>
    </extensions>
   </trkpt>
   <trkpt lat="29.1371610" lon="119.5378100">
    <ele>32.0</ele>
    <time>2022-02-24T13:14:55Z</time>
    <extensions>
     <gpxtpx:TrackPointExtension>
      <gpxtpx:hr>181</gpxtpx:hr>
      <gpxtpx:cad>85</gpxtpx:cad>
     </gpxtpx:TrackPointExtension>
    </extensions>
   </trkpt>
   <trkpt lat="29.1371300" lon="119.5378100">
    <ele>32.0</ele>
    <time>2022-02-24T13:14:56Z</time>
    <extensions>
     <gpxtpx:TrackPointExtension>
      <gpxtpx:hr>181</gpxtpx:hr>
      <gpxtpx:cad>85</gpxtpx:cad>
     </gpxtpx:TrackPointExtension>
    </extensions>
   </trkpt>
   <trkpt lat="29.1371040" lon="119.5378100">
    <ele>32.0</ele>
    <time>2022-02-24T13:14:57Z</time>
    <extensions>
     <gpxtpx:TrackPointExtension>
      <gpxtpx:hr>181</gpxtpx:hr>
      <gpxtpx:cad>85</gpxtpx:cad>
     </gpxtpx:TrackPointExtension>
    </extensions>
   </trkpt>
   <trkpt lat="29.1370750" lon="119.5378000">
    <ele>32.0</ele>
    <time>2022-02-24T13:14:58Z</time>
    <extensions>
     <gpxtpx:TrackPointExtension>
      <gpxtpx:hr>181</gpxtpx:hr>
      <gpxtpx:cad>85</gpxtpx:cad>
     </gpxtpx:TrackPointExtension>
    </extensions>
   </trkpt>
   <trkpt lat="29.1370530" lon="119.5378000">
    <ele>32.0</ele>
    <time>2022-02-24T13:14:59Z</time>
    <extensions>
     <gpxtpx:TrackPointExtension>
      <gpxtpx:hr>181</gpxtpx:hr>
      <gpxtpx:cad>85</gpxtpx:cad>
     </gpxtpx:TrackPointExtension>
    </extensions>
   </trkpt>
   <trkpt lat="29.1370280" lon="119.5377960">
    <ele>32.0</ele>
    <time>2022-02-24T13:15:00Z</time>
    <extensions>
     <gpxtpx:TrackPointExtension>
      <gpxtpx:hr>181</gpxtpx:hr>
      <gpxtpx:cad>85</gpxtpx:cad>
     </gpxtpx:TrackPointExtension>
    </extensions>
   </trkpt>
   <trkpt lat="29.1370280" lon="119.5377960">
    <ele>32.0</ele>
    <time>2022-02-24T13:15:00Z</time>
    <extensions>
     <gpxtpx:TrackPointExtension>
      <gpxtpx:hr>181</gpxtpx:hr>
      <gpxtpx:cad>80</gpxtpx:cad>
     </gpxtpx:TrackPointExtension>
    </extensions>
   </trkpt>
   <trkpt lat="29.1369950" lon="119.5377900">
    <ele>32.0</ele>
    <time>2022-02-24T13:15:01Z</time>
    <extensions>
     <gpxtpx:TrackPointExtension>
      <gpxtpx:hr>181</gpxtpx:hr>
      <gpxtpx:cad>80</gpxtpx:cad>
     </gpxtpx:TrackPointExtension>
    </extensions>
   </trkpt>
   <trkpt lat="29.1369670" lon="119.5377800">
    <ele>32.0</ele>
    <time>2022-02-24T13:15:02Z</time>
    <extensions>
     <gpxtpx:TrackPointExtension>
      <gpxtpx:hr>181</gpxtpx:hr>
      <gpxtpx:cad>80</gpxtpx:cad>
     </gpxtpx:TrackPointExtension>
    </extensions>
   </trkpt>
   <trkpt lat="29.1369340" lon="119.5377900">
    <ele>32.1</ele>
    <time>2022-02-24T13:15:03Z</time>
    <extensions>
     <gpxtpx:TrackPointExtension>
      <gpxtpx:hr>181</gpxtpx:hr>
      <gpxtpx:cad>80</gpxtpx:cad>
     </gpxtpx:TrackPointExtension>
    </extensions>
   </trkpt>
   <trkpt lat="29.1369020" lon="119.5377900">
    <ele>32.2</ele>
    <time>2022-02-24T13:15:04Z</time>
    <extensions>
     <gpxtpx:TrackPointExtension>
      <gpxtpx:hr>181</gpxtpx:hr>
      <gpxtpx:cad>80</gpxtpx:cad>
     </gpxtpx:TrackPointExtension>
    </extensions>
   </trkpt>
   <trkpt lat="29.1368680" lon="119.5377960">
    <ele>32.4</ele>
    <time>2022-02-24T13:15:05Z</time>
    <extensions>
     <gpxtpx:TrackPointExtension>
      <gpxtpx:hr>181</gpxtpx:hr>
      <gpxtpx:cad>80</gpxtpx:cad>
     </gpxtpx:TrackPointExtension>
    </extensions>
   </trkpt>
   <trkpt lat="29.1368370" lon="119.5377960">
    <ele>32.4</ele>
    <time>2022-02-24T13:15:06Z</time>
    <extensions>
     <gpxtpx:TrackPointExtension>
      <gpxtpx:hr>181</gpxtpx:hr>
      <gpxtpx:cad>80</gpxtpx:cad>
     </gpxtpx:TrackPointExtension>
    </extensions>
   </trkpt>
   <trkpt lat="29.1368030" lon="119.5378000">
    <ele>32.5</ele>
    <time>2022-02-24T13:15:07Z</time>
    <extensions>
     <gpxtpx:TrackPointExtension>
      <gpxtpx:hr>181</gpxtpx:hr>
      <gpxtpx:cad>80</gpxtpx:cad>
     </gpxtpx:TrackPointExtension>
    </extensions>
   </trkpt>
   <trkpt lat="29.1367700" lon="119.5378100">
    <ele>32.6</ele>
    <time>2022-02-24T13:15:08Z</time>
    <extensions>
     <gpxtpx:TrackPointExtension>
      <gpxtpx:hr>181</gpxtpx:hr>
      <gpxtpx:cad>80</gpxtpx:cad>
     </gpxtpx:TrackPointExtension>
    </extensions>
   </trkpt>
   <trkpt lat="29.1367420" lon="119.5378100">
    <ele>32.6</ele>
    <time>2022-02-24T13:15:09Z</time>
    <extensions>
     <gpxtpx:TrackPointExtension>
      <gpxtpx:hr>181</gpxtpx:hr>
      <gpxtpx:cad>80</gpxtpx:cad>
     </gpxtpx:TrackPointExtension>
    </extensions>
   </trkpt>
   <trkpt lat="29.1367070" lon="119.5378200">
    <ele>32.9</ele>
    <time>2022-02-24T13:15:10Z</time>
    <extensions>
     <gpxtpx:TrackPointExtension>
      <gpxtpx:hr>181</gpxtpx:hr>
      <gpxtpx:cad>84</gpxtpx:cad>
     </gpxtpx:TrackPointExtension>
    </extensions>
   </trkpt>
   <trkpt lat="29.1367070" lon="119.5378200">
    <ele>32.9</ele>
    <time>2022-02-24T13:15:10Z</time>
    <extensions>
     <gpxtpx:TrackPointExtension>
      <gpxtpx:hr>182</gpxtpx:hr>
      <gpxtpx:cad>84</gpxtpx:cad>
     </gpxtpx:TrackPointExtension>
    </extensions>
   </trkpt>
   <trkpt lat="29.1366750" lon="119.5378300">
    <ele>32.9</ele>
    <time>2022-02-24T13:15:11Z</time>
    <extensions>
     <gpxtpx:TrackPointExtension>
      <gpxtpx:hr>182</gpxtpx:hr>
      <gpxtpx:cad>84</gpxtpx:cad>
     </gpxtpx:TrackPointExtension>
    </extensions>
   </trkpt>
   <trkpt lat="29.1366480" lon="119.5378300">
    <ele>32.9</ele>
    <time>2022-02-24T13:15:12Z</time>
    <extensions>
     <gpxtpx:TrackPointExtension>
      <gpxtpx:hr>182</gpxtpx:hr>
      <gpxtpx:cad>84</gpxtpx:cad>
     </gpxtpx:TrackPointExtension>
    </extensions>
   </trkpt>
   <trkpt lat="29.1366230" lon="119.5378340">
    <ele>33.0</ele>
    <time>2022-02-24T13:15:13Z</time>
    <extensions>
     <gpxtpx:TrackPointExtension>
      <gpxtpx:hr>182</gpxtpx:hr>
      <gpxtpx:cad>84</gpxtpx:cad>
     </gpxtpx:TrackPointExtension>
    </extensions>
   </trkpt>
   <trkpt lat="29.1366040" lon="119.5378340">
    <ele>33.2</ele>
    <time>2022-02-24T13:15:14Z</time>
    <extensions>
     <gpxtpx:TrackPointExtension>
      <gpxtpx:hr>182</gpxtpx:hr>
      <gpxtpx:cad>84</gpxtpx:cad>
     </gpxtpx:TrackPointExtension>
    </extensions>
   </trkpt>
   <trkpt lat="29.1365780" lon="119.5378340">
    <ele>33.2</ele>
    <time>2022-02-24T13:15:15Z</time>
    <extensions>
     <gpxtpx:TrackPointExtension>
      <gpxtpx:hr>182</gpxtpx:hr>
      <gpxtpx:cad>84</gpxtpx:cad>
     </gpxtpx:TrackPointExtension>
    </extensions>
   </trkpt>
   <trkpt lat="29.1365450" lon="119.5378340">
    <ele>33.4</ele>
    <time>2022-02-24T13:15:16Z</time>
    <extensions>
     <gpxtpx:TrackPointExtension>
      <gpxtpx:hr>182</gpxtpx:hr>
      <gpxtpx:cad>84</gpxtpx:cad>
     </gpxtpx:TrackPointExtension>
    </extensions>
   </trkpt>
   <trkpt lat="29.1365180" lon="119.5378300">
    <ele>33.6</ele>
    <time>2022-02-24T13:15:17Z</time>
    <extensions>
     <gpxtpx:TrackPointExtension>
      <gpxtpx:hr>182</gpxtpx:hr>
      <gpxtpx:cad>84</gpxtpx:cad>
     </gpxtpx:TrackPointExtension>
    </extensions>
   </trkpt>
   <trkpt lat="29.1364900" lon="119.5378300">
    <ele>33.7</ele>
    <time>2022-02-24T13:15:18Z</time>
    <extensions>
     <gpxtpx:TrackPointExtension>
      <gpxtpx:hr>182</gpxtpx:hr>
      <gpxtpx:cad>84</gpxtpx:cad>
     </gpxtpx:TrackPointExtension>
    </extensions>
   </trkpt>
   <trkpt lat="29.1364600" lon="119.5378300">
    <ele>33.7</ele>
    <time>2022-02-24T13:15:19Z</time>
    <extensions>
     <gpxtpx:TrackPointExtension>
      <gpxtpx:hr>182</gpxtpx:hr>
      <gpxtpx:cad>84</gpxtpx:cad>
     </gpxtpx:TrackPointExtension>
    </extensions>
   </trkpt>
   <trkpt lat="29.1364330" lon="119.5378200">
    <ele>33.7</ele>
    <time>2022-02-24T13:15:20Z</time>
    <extensions>
     <gpxtpx:TrackPointExtension>
      <gpxtpx:hr>182</gpxtpx:hr>
      <gpxtpx:cad>84</gpxtpx:cad>
     </gpxtpx:TrackPointExtension>
    </extensions>
   </trkpt>
   <trkpt lat="29.1364330" lon="119.5378200">
    <ele>33.7</ele>
    <time>2022-02-24T13:15:20Z</time>
    <extensions>
     <gpxtpx:TrackPointExtension>
      <gpxtpx:hr>182</gpxtpx:hr>
      <gpxtpx:cad>84</gpxtpx:cad>
     </gpxtpx:TrackPointExtension>
    </extensions>
   </trkpt>
   <trkpt lat="29.1364100" lon="119.5378200">
    <ele>33.7</ele>
    <time>2022-02-24T13:15:21Z</time>
    <extensions>
     <gpxtpx:TrackPointExtension>
      <gpxtpx:hr>182</gpxtpx:hr>
      <gpxtpx:cad>84</gpxtpx:cad>
     </gpxtpx:TrackPointExtension>
    </extensions>
   </trkpt>
   <trkpt lat="29.1363810" lon="119.5378200">
    <ele>33.7</ele>
    <time>2022-02-24T13:15:22Z</time>
    <extensions>
     <gpxtpx:TrackPointExtension>
      <gpxtpx:hr>182</gpxtpx:hr>
      <gpxtpx:cad>84</gpxtpx:cad>
     </gpxtpx:TrackPointExtension>
    </extensions>
   </trkpt>
   <trkpt lat="29.1363530" lon="119.5378200">
    <ele>33.7</ele>
    <time>2022-02-24T13:15:23Z</time>
    <extensions>
     <gpxtpx:TrackPointExtension>
      <gpxtpx:hr>182</gpxtpx:hr>
      <gpxtpx:cad>84</gpxtpx:cad>
     </gpxtpx:TrackPointExtension>
    </extensions>
   </trkpt>
   <trkpt lat="29.1363260" lon="119.5378200">
    <ele>33.6</ele>
    <time>2022-02-24T13:15:24Z</time>
    <extensions>
     <gpxtpx:TrackPointExtension>
      <gpxtpx:hr>182</gpxtpx:hr>
      <gpxtpx:cad>84</gpxtpx:cad>
     </gpxtpx:TrackPointExtension>
    </extensions>
   </trkpt>
   <trkpt lat="29.1363000" lon="119.5378200">
    <ele>33.4</ele>
    <time>2022-02-24T13:15:25Z</time>
    <extensions>
     <gpxtpx:TrackPointExtension>
      <gpxtpx:hr>182</gpxtpx:hr>
      <gpxtpx:cad>84</gpxtpx:cad>
     </gpxtpx:TrackPointExtension>
    </extensions>
   </trkpt>
   <trkpt lat="29.1362720" lon="119.5378300">
    <ele>33.4</ele>
    <time>2022-02-24T13:15:26Z</time>
    <extensions>
     <gpxtpx:TrackPointExtension>
      <gpxtpx:hr>182</gpxtpx:hr>
      <gpxtpx:cad>84</gpxtpx:cad>
     </gpxtpx:TrackPointExtension>
    </extensions>
   </trkpt>
   <trkpt lat="29.1362400" lon="119.5378200">
    <ele>33.2</ele>
    <time>2022-02-24T13:15:27Z</time>
    <extensions>
     <gpxtpx:TrackPointExtension>
      <gpxtpx:hr>182</gpxtpx:hr>
      <gpxtpx:cad>84</gpxtpx:cad>
     </gpxtpx:TrackPointExtension>
    </extensions>
   </trkpt>
   <trkpt lat="29.1362080" lon="119.5378200">
    <ele>33.0</ele>
    <time>2022-02-24T13:15:28Z</time>
    <extensions>
     <gpxtpx:TrackPointExtension>
      <gpxtpx:hr>182</gpxtpx:hr>
      <gpxtpx:cad>84</gpxtpx:cad>
     </gpxtpx:TrackPointExtension>
    </extensions>
   </trkpt>
   <trkpt lat="29.1361770" lon="119.5378200">
    <ele>32.7</ele>
    <time>2022-02-24T13:15:29Z</time>
    <extensions>
     <gpxtpx:TrackPointExtension>
      <gpxtpx:hr>182</gpxtpx:hr>
      <gpxtpx:cad>81</gpxtpx:cad>
     </gpxtpx:TrackPointExtension>
    </extensions>
   </trkpt>
   <trkpt lat="29.1361560" lon="119.5378100">
    <ele>32.0</ele>
    <time>2022-02-24T13:15:30Z</time>
    <extensions>
     <gpxtpx:TrackPointExtension>
      <gpxtpx:hr>182</gpxtpx:hr>
      <gpxtpx:cad>81</gpxtpx:cad>
     </gpxtpx:TrackPointExtension>
    </extensions>
   </trkpt>
   <trkpt lat="29.1361310" lon="119.5378100">
    <ele>32.0</ele>
    <time>2022-02-24T13:15:31Z</time>
    <extensions>
     <gpxtpx:TrackPointExtension>
      <gpxtpx:hr>182</gpxtpx:hr>
      <gpxtpx:cad>81</gpxtpx:cad>
     </gpxtpx:TrackPointExtension>
    </extensions>
   </trkpt>
   <trkpt lat="29.1361060" lon="119.5378000">
    <ele>31.6</ele>
    <time>2022-02-24T13:15:32Z</time>
    <extensions>
     <gpxtpx:TrackPointExtension>
      <gpxtpx:hr>182</gpxtpx:hr>
      <gpxtpx:cad>81</gpxtpx:cad>
     </gpxtpx:TrackPointExtension>
    </extensions>
   </trkpt>
   <trkpt lat="29.1360820" lon="119.5377960">
    <ele>31.6</ele>
    <time>2022-02-24T13:15:33Z</time>
    <extensions>
     <gpxtpx:TrackPointExtension>
      <gpxtpx:hr>182</gpxtpx:hr>
      <gpxtpx:cad>81</gpxtpx:cad>
     </gpxtpx:TrackPointExtension>
    </extensions>
   </trkpt>
   <trkpt lat="29.1360570" lon="119.5377960">
    <ele>31.2</ele>
    <time>2022-02-24T13:15:34Z</time>
    <extensions>
     <gpxtpx:TrackPointExtension>
      <gpxtpx:hr>182</gpxtpx:hr>
      <gpxtpx:cad>81</gpxtpx:cad>
     </gpxtpx:TrackPointExtension>
    </extensions>
   </trkpt>
   <trkpt lat="29.1360300" lon="119.5377960">
    <ele>30.9</ele>
    <time>2022-02-24T13:15:35Z</time>
    <extensions>
     <gpxtpx:TrackPointExtension>
      <gpxtpx:hr>182</gpxtpx:hr>
      <gpxtpx:cad>81</gpxtpx:cad>
     </gpxtpx:TrackPointExtension>
    </extensions>
   </trkpt>
   <trkpt lat="29.1360030" lon="119.5377960">
    <ele>30.7</ele>
    <time>2022-02-24T13:15:36Z</time>
    <extensions>
     <gpxtpx:TrackPointExtension>
      <gpxtpx:hr>182</gpxtpx:hr>
      <gpxtpx:cad>81</gpxtpx:cad>
     </gpxtpx:TrackPointExtension>
    </extensions>
   </trkpt>
   <trkpt lat="29.1359790" lon="119.5377900">
    <ele>30.7</ele>
    <time>2022-02-24T13:15:37Z</time>
    <extensions>
     <gpxtpx:TrackPointExtension>
      <gpxtpx:hr>182</gpxtpx:hr>
      <gpxtpx:cad>81</gpxtpx:cad>
     </gpxtpx:TrackPointExtension>
    </extensions>
   </trkpt>
   <trkpt lat="29.1359540" lon="119.5377900">
    <ele>30.4</ele>
    <time>2022-02-24T13:15:38Z</time>
    <extensions>
     <gpxtpx:TrackPointExtension>
      <gpxtpx:hr>182</gpxtpx:hr>
      <gpxtpx:cad>81</gpxtpx:cad>
     </gpxtpx:TrackPointExtension>
    </extensions>
   </trkpt>
   <trkpt lat="29.1359250" lon="119.5377800">
    <ele>30.2</ele>
    <time>2022-02-24T13:15:39Z</time>
    <extensions>
     <gpxtpx:TrackPointExtension>
      <gpxtpx:hr>182</gpxtpx:hr>
      <gpxtpx:cad>82</gpxtpx:cad>
     </gpxtpx:TrackPointExtension>
    </extensions>
   </trkpt>
   <trkpt lat="29.1358970" lon="119.5377800">
    <ele>30.2</ele>
    <time>2022-02-24T13:15:40Z</time>
    <extensions>
     <gpxtpx:TrackPointExtension>
      <gpxtpx:hr>181</gpxtpx:hr>
      <gpxtpx:cad>82</gpxtpx:cad>
     </gpxtpx:TrackPointExtension>
    </extensions>
   </trkpt>
   <trkpt lat="29.1358680" lon="119.5377800">
    <ele>30.0</ele>
    <time>2022-02-24T13:15:41Z</time>
    <extensions>
     <gpxtpx:TrackPointExtension>
      <gpxtpx:hr>181</gpxtpx:hr>
      <gpxtpx:cad>82</gpxtpx:cad>
     </gpxtpx:TrackPointExtension>
    </extensions>
   </trkpt>
   <trkpt lat="29.1358380" lon="119.5377900">
    <ele>30.0</ele>
    <time>2022-02-24T13:15:42Z</time>
    <extensions>
     <gpxtpx:TrackPointExtension>
      <gpxtpx:hr>181</gpxtpx:hr>
      <gpxtpx:cad>82</gpxtpx:cad>
     </gpxtpx:TrackPointExtension>
    </extensions>
   </trkpt>
   <trkpt lat="29.1358070" lon="119.5377900">
    <ele>30.0</ele>
    <time>2022-02-24T13:15:43Z</time>
    <extensions>
     <gpxtpx:TrackPointExtension>
      <gpxtpx:hr>181</gpxtpx:hr>
      <gpxtpx:cad>82</gpxtpx:cad>
     </gpxtpx:TrackPointExtension>
    </extensions>
   </trkpt>
   <trkpt lat="29.1357750" lon="119.5377960">
    <ele>30.0</ele>
    <time>2022-02-24T13:15:44Z</time>
    <extensions>
     <gpxtpx:TrackPointExtension>
      <gpxtpx:hr>181</gpxtpx:hr>
      <gpxtpx:cad>82</gpxtpx:cad>
     </gpxtpx:TrackPointExtension>
    </extensions>
   </trkpt>
   <trkpt lat="29.1357460" lon="119.5377960">
    <ele>30.0</ele>
    <time>2022-02-24T13:15:45Z</time>
    <extensions>
     <gpxtpx:TrackPointExtension>
      <gpxtpx:hr>181</gpxtpx:hr>
      <gpxtpx:cad>82</gpxtpx:cad>
     </gpxtpx:TrackPointExtension>
    </extensions>
   </trkpt>
   <trkpt lat="29.1357170" lon="119.5377960">
    <ele>30.1</ele>
    <time>2022-02-24T13:15:46Z</time>
    <extensions>
     <gpxtpx:TrackPointExtension>
      <gpxtpx:hr>181</gpxtpx:hr>
      <gpxtpx:cad>82</gpxtpx:cad>
     </gpxtpx:TrackPointExtension>
    </extensions>
   </trkpt>
   <trkpt lat="29.1356850" lon="119.5378000">
    <ele>30.6</ele>
    <time>2022-02-24T13:15:47Z</time>
    <extensions>
     <gpxtpx:TrackPointExtension>
      <gpxtpx:hr>181</gpxtpx:hr>
      <gpxtpx:cad>82</gpxtpx:cad>
     </gpxtpx:TrackPointExtension>
    </extensions>
   </trkpt>
   <trkpt lat="29.1356540" lon="119.5378000">
    <ele>31.0</ele>
    <time>2022-02-24T13:15:48Z</time>
    <extensions>
     <gpxtpx:TrackPointExtension>
      <gpxtpx:hr>181</gpxtpx:hr>
      <gpxtpx:cad>82</gpxtpx:cad>
     </gpxtpx:TrackPointExtension>
    </extensions>
   </trkpt>
   <trkpt lat="29.1356220" lon="119.5378100">
    <ele>31.4</ele>
    <time>2022-02-24T13:15:49Z</time>
    <extensions>
     <gpxtpx:TrackPointExtension>
      <gpxtpx:hr>181</gpxtpx:hr>
      <gpxtpx:cad>85</gpxtpx:cad>
     </gpxtpx:TrackPointExtension>
    </extensions>
   </trkpt>
   <trkpt lat="29.1355930" lon="119.5378000">
    <ele>31.7</ele>
    <time>2022-02-24T13:15:50Z</time>
    <extensions>
     <gpxtpx:TrackPointExtension>
      <gpxtpx:hr>182</gpxtpx:hr>
      <gpxtpx:cad>85</gpxtpx:cad>
     </gpxtpx:TrackPointExtension>
    </extensions>
   </trkpt>
   <trkpt lat="29.1355610" lon="119.5378000">
    <ele>31.7</ele>
    <time>2022-02-24T13:15:51Z</time>
    <extensions>
     <gpxtpx:TrackPointExtension>
      <gpxtpx:hr>182</gpxtpx:hr>
      <gpxtpx:cad>85</gpxtpx:cad>
     </gpxtpx:TrackPointExtension>
    </extensions>
   </trkpt>
   <trkpt lat="29.1355200" lon="119.5378000">
    <ele>32.1</ele>
    <time>2022-02-24T13:15:52Z</time>
    <extensions>
     <gpxtpx:TrackPointExtension>
      <gpxtpx:hr>182</gpxtpx:hr>
      <gpxtpx:cad>85</gpxtpx:cad>
     </gpxtpx:TrackPointExtension>
    </extensions>
   </trkpt>
   <trkpt lat="29.1354890" lon="119.5377960">
    <ele>32.4</ele>
    <time>2022-02-24T13:15:53Z</time>
    <extensions>
     <gpxtpx:TrackPointExtension>
      <gpxtpx:hr>182</gpxtpx:hr>
      <gpxtpx:cad>85</gpxtpx:cad>
     </gpxtpx:TrackPointExtension>
    </extensions>
   </trkpt>
   <trkpt lat="29.1354600" lon="119.5377900">
    <ele>32.8</ele>
    <time>2022-02-24T13:15:54Z</time>
    <extensions>
     <gpxtpx:TrackPointExtension>
      <gpxtpx:hr>182</gpxtpx:hr>
      <gpxtpx:cad>85</gpxtpx:cad>
     </gpxtpx:TrackPointExtension>
    </extensions>
   </trkpt>
   <trkpt lat="29.1354300" lon="119.5377800">
    <ele>33.1</ele>
    <time>2022-02-24T13:15:55Z</time>
    <extensions>
     <gpxtpx:TrackPointExtension>
      <gpxtpx:hr>182</gpxtpx:hr>
      <gpxtpx:cad>84</gpxtpx:cad>
     </gpxtpx:TrackPointExtension>
    </extensions>
   </trkpt>
   <trkpt lat="29.1353990" lon="119.5377800">
    <ele>33.3</ele>
    <time>2022-02-24T13:15:56Z</time>
    <extensions>
     <gpxtpx:TrackPointExtension>
      <gpxtpx:hr>182</gpxtpx:hr>
      <gpxtpx:cad>84</gpxtpx:cad>
     </gpxtpx:TrackPointExtension>
    </extensions>
   </trkpt>
   <trkpt lat="29.1353680" lon="119.5377800">
    <ele>33.6</ele>
    <time>2022-02-24T13:15:57Z</time>
    <extensions>
     <gpxtpx:TrackPointExtension>
      <gpxtpx:hr>182</gpxtpx:hr>
      <gpxtpx:cad>84</gpxtpx:cad>
     </gpxtpx:TrackPointExtension>
    </extensions>
   </trkpt>
   <trkpt lat="29.1353360" lon="119.5377800">
    <ele>33.6</ele>
    <time>2022-02-24T13:15:58Z</time>
    <extensions>
     <gpxtpx:TrackPointExtension>
      <gpxtpx:hr>182</gpxtpx:hr>
      <gpxtpx:cad>84</gpxtpx:cad>
     </gpxtpx:TrackPointExtension>
    </extensions>
   </trkpt>
   <trkpt lat="29.1352980" lon="119.5377800">
    <ele>33.8</ele>
    <time>2022-02-24T13:15:59Z</time>
    <extensions>
     <gpxtpx:TrackPointExtension>
      <gpxtpx:hr>182</gpxtpx:hr>
      <gpxtpx:cad>82</gpxtpx:cad>
     </gpxtpx:TrackPointExtension>
    </extensions>
   </trkpt>
   <trkpt lat="29.1352670" lon="119.5377700">
    <ele>34.1</ele>
    <time>2022-02-24T13:16:00Z</time>
    <extensions>
     <gpxtpx:TrackPointExtension>
      <gpxtpx:hr>181</gpxtpx:hr>
      <gpxtpx:cad>82</gpxtpx:cad>
     </gpxtpx:TrackPointExtension>
    </extensions>
   </trkpt>
   <trkpt lat="29.1352390" lon="119.5377700">
    <ele>34.3</ele>
    <time>2022-02-24T13:16:01Z</time>
    <extensions>
     <gpxtpx:TrackPointExtension>
      <gpxtpx:hr>181</gpxtpx:hr>
      <gpxtpx:cad>82</gpxtpx:cad>
     </gpxtpx:TrackPointExtension>
    </extensions>
   </trkpt>
   <trkpt lat="29.1352080" lon="119.5377700">
    <ele>34.6</ele>
    <time>2022-02-24T13:16:02Z</time>
    <extensions>
     <gpxtpx:TrackPointExtension>
      <gpxtpx:hr>181</gpxtpx:hr>
      <gpxtpx:cad>82</gpxtpx:cad>
     </gpxtpx:TrackPointExtension>
    </extensions>
   </trkpt>
   <trkpt lat="29.1351810" lon="119.5377660">
    <ele>34.8</ele>
    <time>2022-02-24T13:16:03Z</time>
    <extensions>
     <gpxtpx:TrackPointExtension>
      <gpxtpx:hr>181</gpxtpx:hr>
      <gpxtpx:cad>82</gpxtpx:cad>
     </gpxtpx:TrackPointExtension>
    </extensions>
   </trkpt>
   <trkpt lat="29.1351500" lon="119.5377600">
    <ele>34.8</ele>
    <time>2022-02-24T13:16:04Z</time>
    <extensions>
     <gpxtpx:TrackPointExtension>
      <gpxtpx:hr>181</gpxtpx:hr>
      <gpxtpx:cad>82</gpxtpx:cad>
     </gpxtpx:TrackPointExtension>
    </extensions>
   </trkpt>
   <trkpt lat="29.1351200" lon="119.5377500">
    <ele>35.0</ele>
    <time>2022-02-24T13:16:05Z</time>
    <extensions>
     <gpxtpx:TrackPointExtension>
      <gpxtpx:hr>181</gpxtpx:hr>
      <gpxtpx:cad>82</gpxtpx:cad>
     </gpxtpx:TrackPointExtension>
    </extensions>
   </trkpt>
   <trkpt lat="29.1350900" lon="119.5377500">
    <ele>35.0</ele>
    <time>2022-02-24T13:16:06Z</time>
    <extensions>
     <gpxtpx:TrackPointExtension>
      <gpxtpx:hr>181</gpxtpx:hr>
      <gpxtpx:cad>82</gpxtpx:cad>
     </gpxtpx:TrackPointExtension>
    </extensions>
   </trkpt>
   <trkpt lat="29.1350610" lon="119.5377500">
    <ele>35.0</ele>
    <time>2022-02-24T13:16:07Z</time>
    <extensions>
     <gpxtpx:TrackPointExtension>
      <gpxtpx:hr>181</gpxtpx:hr>
      <gpxtpx:cad>82</gpxtpx:cad>
     </gpxtpx:TrackPointExtension>
    </extensions>
   </trkpt>
   <trkpt lat="29.1350290" lon="119.5377600">
    <ele>35.0</ele>
    <time>2022-02-24T13:16:08Z</time>
    <extensions>
     <gpxtpx:TrackPointExtension>
      <gpxtpx:hr>181</gpxtpx:hr>
      <gpxtpx:cad>82</gpxtpx:cad>
     </gpxtpx:TrackPointExtension>
    </extensions>
   </trkpt>
   <trkpt lat="29.1349980" lon="119.5377660">
    <ele>35.0</ele>
    <time>2022-02-24T13:16:09Z</time>
    <extensions>
     <gpxtpx:TrackPointExtension>
      <gpxtpx:hr>181</gpxtpx:hr>
      <gpxtpx:cad>78</gpxtpx:cad>
     </gpxtpx:TrackPointExtension>
    </extensions>
   </trkpt>
   <trkpt lat="29.1349680" lon="119.5377700">
    <ele>34.9</ele>
    <time>2022-02-24T13:16:10Z</time>
    <extensions>
     <gpxtpx:TrackPointExtension>
      <gpxtpx:hr>182</gpxtpx:hr>
      <gpxtpx:cad>78</gpxtpx:cad>
     </gpxtpx:TrackPointExtension>
    </extensions>
   </trkpt>
   <trkpt lat="29.1349350" lon="119.5377700">
    <ele>34.7</ele>
    <time>2022-02-24T13:16:11Z</time>
    <extensions>
     <gpxtpx:TrackPointExtension>
      <gpxtpx:hr>182</gpxtpx:hr>
      <gpxtpx:cad>78</gpxtpx:cad>
     </gpxtpx:TrackPointExtension>
    </extensions>
   </trkpt>
   <trkpt lat="29.1349030" lon="119.5377700">
    <ele>34.4</ele>
    <time>2022-02-24T13:16:12Z</time>
    <extensions>
     <gpxtpx:TrackPointExtension>
      <gpxtpx:hr>182</gpxtpx:hr>
      <gpxtpx:cad>78</gpxtpx:cad>
     </gpxtpx:TrackPointExtension>
    </extensions>
   </trkpt>
   <trkpt lat="29.1348670" lon="119.5377700">
    <ele>34.2</ele>
    <time>2022-02-24T13:16:13Z</time>
    <extensions>
     <gpxtpx:TrackPointExtension>
      <gpxtpx:hr>182</gpxtpx:hr>
      <gpxtpx:cad>78</gpxtpx:cad>
     </gpxtpx:TrackPointExtension>
    </extensions>
   </trkpt>
   <trkpt lat="29.1348380" lon="119.5377700">
    <ele>33.9</ele>
    <time>2022-02-24T13:16:14Z</time>
    <extensions>
     <gpxtpx:TrackPointExtension>
      <gpxtpx:hr>182</gpxtpx:hr>
      <gpxtpx:cad>78</gpxtpx:cad>
     </gpxtpx:TrackPointExtension>
    </extensions>
   </trkpt>
   <trkpt lat="29.1348150" lon="119.5377660">
    <ele>33.9</ele>
    <time>2022-02-24T13:16:15Z</time>
    <extensions>
     <gpxtpx:TrackPointExtension>
      <gpxtpx:hr>182</gpxtpx:hr>
      <gpxtpx:cad>78</gpxtpx:cad>
     </gpxtpx:TrackPointExtension>
    </extensions>
   </trkpt>
   <trkpt lat="29.1347900" lon="119.5377600">
    <ele>33.7</ele>
    <time>2022-02-24T13:16:16Z</time>
    <extensions>
     <gpxtpx:TrackPointExtension>
      <gpxtpx:hr>182</gpxtpx:hr>
      <gpxtpx:cad>78</gpxtpx:cad>
     </gpxtpx:TrackPointExtension>
    </extensions>
   </trkpt>
   <trkpt lat="29.1347580" lon="119.5377400">
    <ele>33.4</ele>
    <time>2022-02-24T13:16:17Z</time>
    <extensions>
     <gpxtpx:TrackPointExtension>
      <gpxtpx:hr>182</gpxtpx:hr>
      <gpxtpx:cad>78</gpxtpx:cad>
     </gpxtpx:TrackPointExtension>
    </extensions>
   </trkpt>
   <trkpt lat="29.1347260" lon="119.5377400">
    <ele>33.2</ele>
    <time>2022-02-24T13:16:18Z</time>
    <extensions>
     <gpxtpx:TrackPointExtension>
      <gpxtpx:hr>182</gpxtpx:hr>
      <gpxtpx:cad>78</gpxtpx:cad>
     </gpxtpx:TrackPointExtension>
    </extensions>
   </trkpt>
   <trkpt lat="29.1346990" lon="119.5377350">
    <ele>33.2</ele>
    <time>2022-02-24T13:16:19Z</time>
    <extensions>
     <gpxtpx:TrackPointExtension>
      <gpxtpx:hr>182</gpxtpx:hr>
      <gpxtpx:cad>83</gpxtpx:cad>
     </gpxtpx:TrackPointExtension>
    </extensions>
   </trkpt>
   <trkpt lat="29.1346660" lon="119.5377350">
    <ele>33.0</ele>
    <time>2022-02-24T13:16:20Z</time>
    <extensions>
     <gpxtpx:TrackPointExtension>
      <gpxtpx:hr>183</gpxtpx:hr>
      <gpxtpx:cad>83</gpxtpx:cad>
     </gpxtpx:TrackPointExtension>
    </extensions>
   </trkpt>
   <trkpt lat="29.1346360" lon="119.5377350">
    <ele>32.9</ele>
    <time>2022-02-24T13:16:21Z</time>
    <extensions>
     <gpxtpx:TrackPointExtension>
      <gpxtpx:hr>183</gpxtpx:hr>
      <gpxtpx:cad>83</gpxtpx:cad>
     </gpxtpx:TrackPointExtension>
    </extensions>
   </trkpt>
   <trkpt lat="29.1346070" lon="119.5377350">
    <ele>32.8</ele>
    <time>2022-02-24T13:16:22Z</time>
    <extensions>
     <gpxtpx:TrackPointExtension>
      <gpxtpx:hr>183</gpxtpx:hr>
      <gpxtpx:cad>83</gpxtpx:cad>
     </gpxtpx:TrackPointExtension>
    </extensions>
   </trkpt>
   <trkpt lat="29.1345770" lon="119.5377350">
    <ele>32.7</ele>
    <time>2022-02-24T13:16:23Z</time>
    <extensions>
     <gpxtpx:TrackPointExtension>
      <gpxtpx:hr>183</gpxtpx:hr>
      <gpxtpx:cad>83</gpxtpx:cad>
     </gpxtpx:TrackPointExtension>
    </extensions>
   </trkpt>
   <trkpt lat="29.1345500" lon="119.5377300">
    <ele>32.9</ele>
    <time>2022-02-24T13:16:24Z</time>
    <extensions>
     <gpxtpx:TrackPointExtension>
      <gpxtpx:hr>183</gpxtpx:hr>
      <gpxtpx:cad>83</gpxtpx:cad>
     </gpxtpx:TrackPointExtension>
    </extensions>
   </trkpt>
   <trkpt lat="29.1345200" lon="119.5377040">
    <ele>32.8</ele>
    <time>2022-02-24T13:16:25Z</time>
    <extensions>
     <gpxtpx:TrackPointExtension>
      <gpxtpx:hr>183</gpxtpx:hr>
      <gpxtpx:cad>83</gpxtpx:cad>
     </gpxtpx:TrackPointExtension>
    </extensions>
   </trkpt>
   <trkpt lat="29.1344830" lon="119.5377000">
    <ele>32.6</ele>
    <time>2022-02-24T13:16:26Z</time>
    <extensions>
     <gpxtpx:TrackPointExtension>
      <gpxtpx:hr>183</gpxtpx:hr>
      <gpxtpx:cad>83</gpxtpx:cad>
     </gpxtpx:TrackPointExtension>
    </extensions>
   </trkpt>
   <trkpt lat="29.1344500" lon="119.5376900">
    <ele>32.4</ele>
    <time>2022-02-24T13:16:27Z</time>
    <extensions>
     <gpxtpx:TrackPointExtension>
      <gpxtpx:hr>183</gpxtpx:hr>
      <gpxtpx:cad>83</gpxtpx:cad>
     </gpxtpx:TrackPointExtension>
    </extensions>
   </trkpt>
   <trkpt lat="29.1344200" lon="119.5376900">
    <ele>32.2</ele>
    <time>2022-02-24T13:16:28Z</time>
    <extensions>
     <gpxtpx:TrackPointExtension>
      <gpxtpx:hr>183</gpxtpx:hr>
      <gpxtpx:cad>83</gpxtpx:cad>
     </gpxtpx:TrackPointExtension>
    </extensions>
   </trkpt>
   <trkpt lat="29.1343860" lon="119.5376800">
    <ele>32.1</ele>
    <time>2022-02-24T13:16:29Z</time>
    <extensions>
     <gpxtpx:TrackPointExtension>
      <gpxtpx:hr>183</gpxtpx:hr>
      <gpxtpx:cad>79</gpxtpx:cad>
     </gpxtpx:TrackPointExtension>
    </extensions>
   </trkpt>
   <trkpt lat="29.1343560" lon="119.5376740">
    <ele>31.8</ele>
    <time>2022-02-24T13:16:30Z</time>
    <extensions>
     <gpxtpx:TrackPointExtension>
      <gpxtpx:hr>185</gpxtpx:hr>
      <gpxtpx:cad>79</gpxtpx:cad>
     </gpxtpx:TrackPointExtension>
    </extensions>
   </trkpt>
   <trkpt lat="29.1343560" lon="119.5376740">
    <ele>31.8</ele>
    <time>2022-02-24T13:16:30Z</time>
    <extensions>
     <gpxtpx:TrackPointExtension>
      <gpxtpx:hr>185</gpxtpx:hr>
      <gpxtpx:cad>79</gpxtpx:cad>
     </gpxtpx:TrackPointExtension>
    </extensions>
   </trkpt>
   <trkpt lat="29.1343300" lon="119.5376800">
    <ele>31.8</ele>
    <time>2022-02-24T13:16:31Z</time>
    <extensions>
     <gpxtpx:TrackPointExtension>
      <gpxtpx:hr>185</gpxtpx:hr>
      <gpxtpx:cad>80</gpxtpx:cad>
     </gpxtpx:TrackPointExtension>
    </extensions>
   </trkpt>
  </trkseg>
 </trk>
</gpx>
